Title,Checkindate,Rubberpart,Oldornew,runberpartnumber,assemblydrumnumber,position,Tire Variation,Machine,problem,checkoutdate,statusbladder,ID,ProblemLocation
6/9/2024_34017,01/08/2024 21:16,Size change ,Old,MTG bladder 0216-1-1670,MTG 21''22''23'' No.2,C,M19001,BNS19,B/O,01/08/2024 21:18,เก็บไว้ใช้,186,
6/9/2024_34017,01/08/2024 21:18,Size change ,Old,MTG bladder 0216-1-1670,MTG 21''22''23'' No.2,C,M19001,BNS18,B/O,23/08/2024 04:52,เก็บไว้ใช้,187,
1/8/2024_22222,01/08/2024 22:22,Bladder Turn up รั่ว,New,"Bladder turmup 14"" 0239-1-1112","ETV.14"" No.2",R,M15702,PAP16,B/O,08/08/2024 13:53,เก็บไว้ใช้,188,
7/10/2024_171238,07/08/2024 20:59,Size change ,Old,"MTG bladder 22""23"" 0216-1-1666",MTG 21''22''23'' No.1,C,M13105,BNS20,B/O,17/08/2024 00:22,เก็บไว้ใช้,189,กลาง
6/5/2024_164831,08/08/2024 13:54,Extension รั่ว,Old,"Bladder turmup 14"" 0239-1-1112","ETV.14"" No.1",AR,M15702,PAP16,B/O,09/08/2024 18:08,เก็บไว้ใช้,190,
25/5/2024_9314,08/08/2024 13:57,Extension รั่ว,Old,"Bladder turmup 14"" 0239-1-1112","ETV.14"" No.1",R,M15702,PAP16,B/O,09/08/2024 18:08,เก็บไว้ใช้,191,
7/3/2024_202958,08/08/2024 15:19,Size change ,Old,"MTG bladder 22""23"" 0216-1-1666",MTG 21''22''23'' No.3,C,M18801,BNS19,Leak (รั่ว),11/08/2024 12:42,ทิ้ง,192,
5/18/2024_1139,08/08/2024 15:25,Size change ,Old,"Bladder trunup23""0137-1-1036","ETV.23"" No.2",AR,M18801,PAP19,B/O,22/08/2024 05:24,เก็บไว้ใช้,193,
5/18/2024_11741,08/08/2024 15:27,Size change ,Old,"Bladder trunup23""0137-1-1036","ETV.23"" No.2",R,M18801,PAP19,B/O,22/08/2024 05:24,เก็บไว้ใช้,194,
8/9/2024_145110,09/08/2024 14:51,Extension รั่ว,New,"Extension 14"" 0138-1-1145","ETV.14"" No.2",AR,M15702,Setter shop,B/O,09/08/2024 14:54,เก็บไว้ใช้,195,
8/9/2024_145110,09/08/2024 14:52,Size change ,Old,"Extension 14"" 0138-1-1145","ETV.14"" No.2",AR,M15702,PAP16,B/O,10/08/2024 10:28,เก็บไว้ใช้,196,
6/5/2024_164831,09/08/2024 18:09,Size change ,Old,"Bladder turmup 14"" 0239-1-1112","ETV.14"" No.1",AR,M08401,PAP16,B/O,24/08/2024 17:03,เก็บไว้ใช้,197,ด้านซ้าย
25/5/2024_9314,09/08/2024 18:11,Size change ,Old,"Bladder turmup 14"" 0239-1-1112","ETV.14"" No.1",R,M08401,PAP16,Leak (รั่ว),22/08/2024 02:55,ทิ้ง,198,
8/6/2024_103810,11/08/2024 02:21,Size change ,Old,"Bladder turnup 20"" 0137-1-1023","ETV.20"" No.2",AR,M01103,PAP12,B/O,06/09/2024 07:12,เก็บไว้ใช้,199,
8/11/2024_124237,11/08/2024 12:42,MTG รั่ว,New,"MTG bladder 22""23"" 0216-1-1666",MTG 21''22''23'' No.3,C,M18801,BNS19,B/O,22/08/2024 13:08,เก็บไว้ใช้,200,
8/13/2024_153411,13/08/2024 15:34,Size change ,New,"Bladder turnup 15"" 0114-1-1033 Part store","ETV.15"" No.3",AR,M08204,PAP14,Leak (รั่ว),21/08/2024 02:59,ทิ้ง,201,ด้านซ้าย
8/13/2024_153632,13/08/2024 15:36,Size change ,New,"Bladder turnup 15"" 0114-1-1033 Part store","ETV.15"" No.3",R,M08204,PAP14,B/O,23/08/2024 15:42,เก็บไว้ใช้,202,
8/6/2024_141916,15/08/2024 08:05,Size change ,Old,"Bladder push 20"" 0136-1-1023","ETV.20"" No.2",R,M01103,PAP12,B/O,06/09/2024 07:12,เก็บไว้ใช้,203,
1/8/2024_22222,15/08/2024 10:57,Size change ,Old,"Bladder turmup 14"" 0239-1-1112","ETV.14"" No.2",R,M15103,PAP21A,B/O,22/08/2024 02:58,เก็บไว้ใช้,204,
6/10/2024_2117,16/08/2024 15:25,Size change ,Old,"Bladder push 20"" 0136-1-1023","ETV.20"" No.1",AR,M01103,PAP20,B/O,14/09/2024 10:20,เก็บไว้ใช้,205,
6/10/2024_2317,16/08/2024 15:26,Size change ,Old,"Bladder push 20"" 0136-1-1023","ETV.20"" No.1",R,M01103,PAP20,B/O,14/09/2024 10:19,เก็บไว้ใช้,206,
16/8/2024_15282,16/08/2024 15:28,Size change ,New,"Bladder turnup 20"" 0137-1-1023","ETV.20"" No.1",AR,M01103,PAP20,B/O,14/09/2024 10:19,เก็บไว้ใช้,207,
16/8/2024_153147,16/08/2024 15:31,Size change ,New,"Bladder turnup 20"" 0137-1-1023","ETV.20"" No.1",R,M01103,PAP20,B/O,14/09/2024 10:18,เก็บไว้ใช้,208,
6/16/2024_22353,17/08/2024 00:22,Size change ,Old,MTG bladder 0216-1-1670,MTG 21''22''23'' No.1,C,M01103,BNS20,,31/08/2024 00:14,ทิ้ง,209,
19/8/2024_92123,19/08/2024 09:21,Size change ,New,"Bladder turnup 10 "" 0239-1-1094 part store","ETV.10"" No.2",AR,M18201,PAP21B,B/O,28/08/2024 14:39,เก็บไว้ใช้,210,
19/8/2024_92227,19/08/2024 09:22,Size change ,New,"Bladder turnup 10 "" 0239-1-1094 part store","ETV.10"" No.2",R,M18201,PAP21B,B/O,28/08/2024 14:38,เก็บไว้ใช้,211,
19/8/2024_201811,19/08/2024 20:18,Bladder Turn up เสียรูป,New,"Bladder turmup 14"" 0239-1-1112","ETV.14"" No.2",AR,M15103,PAP21A,B/O,22/08/2024 02:58,เก็บไว้ใช้,212,
8/21/2024_25731,21/08/2024 02:57,Bladder Turn up รั่ว,New,"Bladder turnup 15"" 0114-1-1033 Part store","ETV.15"" No.3",AR,M08201,PAP14,B/O,23/08/2024 15:41,เก็บไว้ใช้,213,
8/22/2024_2569,22/08/2024 02:56,Bladder Turn up รั่ว,New,"Bladder turmup 14"" 0239-1-1112","ETV.14"" No.1",R,M08401,PAP16,B/O,24/08/2024 17:03,เก็บไว้ใช้,214,ด้านขวา
8/22/2024_52448,22/08/2024 05:24,Size change ,New,"Biadder push 16"" 0136-1-1051","ETV.16"" No.1",AR,M10001,PAP19,B/O,03/09/2024 14:19,เก็บไว้ใช้,215,
8/22/2024_5269,22/08/2024 05:26,Size change ,New,"Bladder turnup 16 "" 0137-1-1051","ETV.16"" No.1",R,M10001,PAP19,B/O,03/09/2024 14:19,เก็บไว้ใช้,216,
27/7/2024_18217,22/08/2024 05:27,Size change ,Old,"Bladder turnup 10 "" 0239-1-1094 part store","ETV.10"" No.1",AR,M18201,PAP21A,Leak (รั่ว),28/08/2024 18:30,ทิ้ง,217,
8/22/2024_53150,22/08/2024 05:31,Size change ,New,"Bladder turnup 16 "" 0137-1-1051","ETV.16"" No.1",AR,M10001,PAP19,B/O,03/09/2024 14:19,เก็บไว้ใช้,218,
8/22/2024_54319,22/08/2024 05:43,Size change ,New,"Biadder push 16"" 0136-1-1051","ETV.16"" No.1",R,M10001,PAP19,B/O,03/09/2024 14:19,เก็บไว้ใช้,219,
7/22/2024_213453,22/08/2024 13:09,Size change ,Old,"MTG Bladder 16"" 0216-1-1266","ETV.16"" No.1",C,M10001,BNS19,B/O,22/08/2024 13:38,เก็บไว้ใช้,220,
7/22/2024_213453,22/08/2024 13:39,Size change ,Old,"MTG Bladder 16"" 0216-1-1266","MTG 16"" No.1",C,M10001,BNS19,B/O,11/09/2024 20:32,เก็บไว้ใช้,221,
8/22/2024_13593,22/08/2024 13:59,Size change ,New,"Bladder turnup 10 "" 0239-1-1094 part store","ETV.10"" No.1",R,M18201,PAP21A,B/O,28/08/2024 18:31,เก็บไว้ใช้,222,
7/20/2024_2198,23/08/2024 04:52,Size change ,Old,"MTG bladder 22""23"" 0216-1-1666",MTG 21''22''23'' No.2,C,M13105,BNS18,"Flabby (ยืด,หย่อนยาน)",29/08/2024 12:48,ทิ้ง,223,กลาง
23/8/2024_71459,23/08/2024 07:14,Size change ,New,"Bladder turnup 22"" 0137-1-1033","ETV.22"" No.4",AR,M13105,PAP18,B/O,09/09/2024 12:37,เก็บไว้ใช้,224,
23/8/2024_7197,23/08/2024 07:19,Size change ,New,"Bladder push 22"" 0136-1-1033","ETV.22"" No.4",AR,M13105,PAP18,B/O,09/09/2024 12:36,เก็บไว้ใช้,225,
23/8/2024_72034,23/08/2024 07:20,Size change ,New,"Bladder turnup 22"" 0137-1-1033","ETV.22"" No.4",R,M13105,PAP18,B/O,09/09/2024 12:37,เก็บไว้ใช้,226,
23/8/2024_7226,23/08/2024 07:22,Size change ,New,"Bladder push 22"" 0136-1-1033","ETV.22"" No.4",R,M13105,PAP18,B/O,09/09/2024 12:37,เก็บไว้ใช้,227,
26/7/2024_16236,23/08/2024 15:42,Size change ,Old,"Bladder turnup 15"" 0114-1-1032","ETV.15"" No.3",R,M06201,PAP14,B/O,02/09/2024 07:05,เก็บไว้ใช้,228,
26/7/2024_162549,23/08/2024 15:45,Size change ,Old,"Bladder turnup 15"" 0114-1-1032","ETV.15"" No.3",AR,M06201,PAP14,B/O,02/09/2024 07:05,เก็บไว้ใช้,229,
8/24/2024_7419,24/08/2024 07:41,Size change ,New,"MTG bladder 15"" 0216-1-1134","MTG 15"" No.1",C,M06201,BNS14,B/O,11/09/2024 20:32,เก็บไว้ใช้,230,
5/6/2024_65735,24/08/2024 17:02,Size change ,Old,"Bladder turnup 8"" 0239-1-1137","ETV.8"" No.1",AR,M15601,PAP16,Leak (รั่ว),29/08/2024 08:26,ทิ้ง,231,ด้านซ้าย
5/5/2024_131521,25/08/2024 01:32,Size change ,Old,"MTG bladder 8"" 0216-1-1074","MTG 8""9'' No.1",C,M15601,BNS16,B/O,11/09/2024 20:30,เก็บไว้ใช้,233,
8/25/2024_10038,25/08/2024 10:00,Bladder Turn up เสียรูป,New,"Bladder turnup 20"" 0137-1-1023","ETV.20"" No.3",R,M01103,PAP11,Leak (รั่ว),11/10/2024 22:16,เก็บไว้ใช้,234,
28/8/2024_102228,28/08/2024 10:22,Bladder Turn up รั่ว,New,"Bladder turnup 8"" 0239-1-1137","ETV.8"" No.1",AR,M15601,PAP16,Leak (รั่ว),29/08/2024 01:43,ทิ้ง,235,
6/17/2024_19913,28/08/2024 14:39,Size change ,Old,"Bladder turnup 15"" 0114-1-1033 Part store","ETV.15"" No.4",AR,M08201,PAP21B,Leak (รั่ว),31/08/2024 05:02,ทิ้ง,236,
7/9/2024_101040,28/08/2024 14:46,Size change ,Old,"Bladder turnup 15"" 0114-1-1033 Part store","ETV.15"" No.4",R,M08201,PAP21B,CQ เกิดปัญหาด้าน Quality,05/09/2024 17:28,เก็บไว้ใช้,237,
19/7/2024_104459,28/08/2024 20:41,Size change ,Old,"Bladder turnup 15"" 0114-1-1033 Part store","ETV.15"" No.1",AR,M08201,PAP21A,"Deform (เบี้ยว, ผิดรูปร่าง)",13/09/2024 04:18,ทิ้ง,238,ด้านซ้าย
8/28/2024_204430,28/08/2024 20:44,Size change ,New,"Bladder turnup 15"" 0114-1-1033 Part store","ETV.15"" No.1",R,M08201,PAP21A,Leak (รั่ว),13/09/2024 04:55,ทิ้ง,239,ด้านขวา
8/29/2024_14227,29/08/2024 01:42,Bladder Turn up รั่ว,New,"Bladder turnup 8"" 0239-1-1137","ETV.8"" No.1",R,M15601,PAP16,B/O,10/09/2024 02:07,เก็บไว้ใช้,240,
29/8/2024_8247,29/08/2024 08:24,Bladder Turn up รั่ว,New,"Bladder turnup 8"" 0239-1-1137","ETV.8"" No.1",AR,M15601,PAP16,B/O,11/09/2024 20:29,เก็บไว้ใช้,241,
29/8/2024_12511,29/08/2024 12:51,MTG CQ. เกิดปัญหาด้าน Quality,New,"MTG bladder 22""23"" 0216-1-1666",MTG 21''22''23'' No.2,C,M13105,BNS18,B/O,11/09/2024 20:33,เก็บไว้ใช้,242,
8/31/2024_01442,31/08/2024 00:14,MTG รั่ว,New,MTG bladder 0216-1-1670,MTG 21''22''23'' No.1,C,M01103,BNS20,B/O,14/09/2024 15:54,เก็บไว้ใช้,243,กลาง
8/21/2024_25731,31/08/2024 06:53,Bladder Turn up รั่ว,Old,"Bladder turnup 15"" 0114-1-1033 Part store","ETV.15"" No.4",AR,M08201,PAP21A,"Deform (เบี้ยว, ผิดรูปร่าง)",08/09/2024 16:20,ทิ้ง,244,ด้านซ้าย
5/18/2024_1139,31/08/2024 12:39,Size change ,Old,"Bladder trunup23""0137-1-1036","ETV.23"" No.2",AR,M18801,PAP17,"Deform (เบี้ยว, ผิดรูปร่าง)",16/09/2024 15:23,ทิ้ง,245,
5/18/2024_11741,31/08/2024 12:41,Size change ,Old,"Bladder trunup23""0137-1-1036","ETV.23"" No.2",R,M18801,PAP17,B/O,05/11/2024 08:02,เก็บไว้ใช้,246,
26/7/2024_162549,02/09/2024 08:47,Size change ,Old,"Bladder turnup 15"" 0114-1-1032","ETV.15"" No.3",AR,M15501,PAP14,B/O,01/10/2024 16:39,เก็บไว้ใช้,247,ด้านซ้าย
26/7/2024_16236,02/09/2024 08:49,Size change ,Old,"Bladder turnup 15"" 0114-1-1032","ETV.15"" No.3",R,M15501,PAP14,Leak (รั่ว),09/09/2024 08:54,ทิ้ง,248,ด้านขวา
9/3/2024_141949,03/09/2024 14:19,Size change ,New,"Bladder turnup 22"" 0137-1-1033","ETV.22"" No.2",AR,M20101,PAP19,B/O,13/09/2024 00:56,เก็บไว้ใช้,249,
9/3/2024_142151,03/09/2024 14:21,Size change ,New,"Bladder turnup 22"" 0137-1-1033","ETV.22"" No.2",R,M20101,PAP19,B/O,13/09/2024 00:56,เก็บไว้ใช้,250,
9/3/2024_142246,03/09/2024 14:22,Size change ,New,"Bladder push 22"" 0136-1-1033","ETV.22"" No.2",AR,M20101,PAP19,B/O,13/09/2024 00:56,เก็บไว้ใช้,251,
9/3/2024_14245,03/09/2024 14:24,Size change ,New,"Bladder push 22"" 0136-1-1033","ETV.22"" No.2",R,M20101,PAP19,B/O,13/09/2024 00:56,เก็บไว้ใช้,252,
6/9/2024_34017,04/09/2024 15:35,Size change ,Old,MTG bladder 0216-1-1670,MTG 21''22''23'' No.3,C,M20101,BNS19,Leak (รั่ว),08/09/2024 14:28,ทิ้ง,253,กลาง
9/5/2024_93846,05/09/2024 09:38,Size change ,New,"Bladder push23""0136-1-1036","ETV.23"" No.2",AR,M18801,PAP17,B/O,05/11/2024 08:01,เก็บไว้ใช้,254,
9/5/2024_9406,05/09/2024 09:40,Size change ,New,"Bladder push23""0136-1-1036","ETV.23"" No.2",R,M18801,PAP17,B/O,05/11/2024 08:01,เก็บไว้ใช้,255,
9/5/2024_105039,05/09/2024 10:50,Push bladder รั่ว,New,"Bladder push23""0136-1-1036","ETV.23"" No.1",R,M05102,PAP13,B/O,07/09/2024 06:50,เก็บไว้ใช้,256,
9/5/2024_105233,05/09/2024 10:52,Push bladder จุกชำรุด,New,"Bladder push 20"" 0136-1-1023","ETV.20"" No.2",AR,M01103,PAP12,B/O,06/09/2024 07:12,เก็บไว้ใช้,257,
8/13/2024_153632,05/09/2024 17:43, เกิดปัญหาด้าน Quality,Old,"Bladder turnup 15"" 0114-1-1033 Part store","ETV.15"" No.4",R,M08201,PAP21B,CQ เกิดปัญหาด้าน Quality,05/09/2024 22:02,เก็บไว้ใช้,258,
5/9/2024_22324,05/09/2024 22:03, เกิดปัญหาด้าน Quality,New,"Bladder turnup 15"" 0114-1-1033 Part store","ETV.15"" No.4",R,M08201,PAP21B,CQ เกิดปัญหาด้าน Quality,11/09/2024 15:31,เก็บไว้ใช้,259,ด้านขวา
9/7/2024_161822,07/09/2024 16:18,Size change ,New,"Bladder push 22"" 0136-1-1033","ETV.22"" No.3",AR,M12302,PAP12,B/O,27/09/2024 06:42,เก็บไว้ใช้,260,ด้านซ้าย
9/7/2024_162042,07/09/2024 16:20,Size change ,New,"Bladder turnup 22"" 0137-1-1033","ETV.22"" No.3",AR,M12302,PAP12,B/O,27/09/2024 06:42,เก็บไว้ใช้,261,ด้านซ้าย
9/7/2024_162143,07/09/2024 16:21,Size change ,New,"Bladder push 22"" 0136-1-1033","ETV.22"" No.3",R,M12302,PAP12,B/O,27/09/2024 06:41,เก็บไว้ใช้,262,ด้านขวา
9/7/2024_162233,07/09/2024 16:22,Size change ,New,"Bladder turnup 22"" 0137-1-1033","ETV.22"" No.3",R,M12302,PAP12,B/O,27/09/2024 06:41,เก็บไว้ใช้,263,ด้านขวา
8/6/2024_141916,07/09/2024 16:45,Size change ,Old,"Bladder push 20"" 0136-1-1023","ETV.20"" No.2",R,M01103,PAP13,B/O,17/09/2024 14:54,เก็บไว้ใช้,264,ด้านขวา
9/7/2024_165158,07/09/2024 16:51,Size change ,New,"Bladder turnup 20"" 0137-1-1023","ETV.20"" No.2",R,M01103,PAP13,B/O,17/09/2024 14:54,เก็บไว้ใช้,265,ด้านซ้าย
8/6/2024_103810,07/09/2024 16:52,Size change ,Old,"Bladder turnup 20"" 0137-1-1023","ETV.20"" No.2",AR,M01103,PAP13,B/O,17/09/2024 14:53,เก็บไว้ใช้,266,ด้านซ้าย
9/5/2024_105233,07/09/2024 16:54,Size change ,Old,"Bladder push 20"" 0136-1-1023","ETV.20"" No.2",AR,M01103,PAP13,B/O,17/09/2024 14:52,เก็บไว้ใช้,267,ด้านซ้าย
8/9/2024_142830,08/09/2024 14:28,MTG รั่ว,New,MTG bladder 0216-1-1670,MTG 21''22''23'' No.3,C,M20101,BNS19,B/O,13/09/2024 20:31,เก็บไว้ใช้,268,
9/8/2024_162112,08/09/2024 16:21,Bladder Turn up เสียรูป,New,"Bladder turnup 15"" 0114-1-1033 Part store","ETV.15"" No.4",AR,M08201,PAP21B,"Deform (เบี้ยว, ผิดรูปร่าง)",16/09/2024 09:37,ทิ้ง,269,ด้านซ้าย
9/9/2024_85552,09/09/2024 08:55,Bladder Turn up รั่ว,New,"Bladder turnup 15"" 0114-1-1032","ETV.15"" No.3",R,M15501,PAP14,B/O,01/10/2024 16:38,เก็บไว้ใช้,270,ด้านขวา
6/24/2024_134942,09/09/2024 13:35,Size change ,Old,"Bladder push23""0136-1-1036","ETV.23"" No.3",R,M19501,PAP18,B/O,02/10/2024 08:00,เก็บไว้ใช้,271,
9/9/2024_133743,09/09/2024 13:37,Size change ,New,"Bladder trunup23""0137-1-1036","ETV.23"" No.3",R,M19501,PAP18,B/O,02/10/2024 08:01,เก็บไว้ใช้,272,
9/9/2024_133920,09/09/2024 13:39,Size change ,New,"Bladder trunup23""0137-1-1036","ETV.23"" No.3",AR,M19501,PAP18,B/O,02/10/2024 07:59,เก็บไว้ใช้,273,
9/9/2024_134121,09/09/2024 13:41,Size change ,New,"Bladder push23""0136-1-1036","ETV.23"" No.3",AR,M19501,PAP18,B/O,02/10/2024 08:00,เก็บไว้ใช้,274,
7/13/2024_23109,10/09/2024 02:08,Size change ,Old,"Bladder turnup 12"" 0239-1-1128","ETV.12"" No.1",R,M20001,PAP16,B/O,10/09/2024 18:41,เก็บไว้ใช้,275,ด้านขวา
9/10/2024_21053,10/09/2024 02:10,Bladder Turn up รั่ว,New,"Bladder turnup 12"" 0239-1-1128","ETV.12"" No.1",AR,M20001,PAP16,B/O,10/09/2024 18:40,เก็บไว้ใช้,276,ด้านซ้าย
7/13/2024_23109,10/09/2024 18:41,Size change ,Old,"Bladder turnup 12"" 0239-1-1128","ETV.12"" No.1",R,M13703 EL,PAP16,B/O,11/09/2024 10:09,เก็บไว้ใช้,277,
9/10/2024_21053,10/09/2024 18:43,Size change ,Old,"Bladder turnup 12"" 0239-1-1128","ETV.12"" No.1",AR,M13703 EL,PAP16,B/O,11/09/2024 10:08,เก็บไว้ใช้,278,
8/29/2024_14227,11/09/2024 13:25,Size change ,Old,"Bladder turnup 8"" 0239-1-1137","ETV.8"" No.1",AR,M13901,PAP16,B/O,11/09/2024 14:26,เก็บไว้ใช้,279,
5/5/2024_131521,11/09/2024 13:27,Size change ,Old,"MTG bladder 8"" 0216-1-1074","MTG 8""9'' No.1",C,M19301 EL,BNS16,B/O,12/09/2024 13:46,เก็บไว้ใช้,280,
8/29/2024_14227,11/09/2024 14:26,Size change ,Old,"Bladder turnup 8"" 0239-1-1137","ETV.8"" No.1",AR,M19301 EL,PAP16,B/O,11/09/2024 20:22,เก็บไว้ใช้,281,ด้านซ้าย
11/9/2024_142759,11/09/2024 14:27,Size change ,New,"Bladder turnup 8"" 0239-1-1137","ETV.8"" No.1",R,M19301 EL,PAP16,B/O,11/09/2024 20:22,เก็บไว้ใช้,282,ด้านขวา
9/11/2024_153128,11/09/2024 15:31,Bladder Turn up เสียรูป,New,"Bladder turnup 15"" 0114-1-1033 Part store","ETV.15"" No.4",R,M08201,PAP21B,"Deform (เบี้ยว, ผิดรูปร่าง)",14/09/2024 01:05,ทิ้ง,283,ด้านขวา
6/5/2024_164831,11/09/2024 20:23,Size change ,Old,"Bladder turmup 14"" 0239-1-1112","ETV.14"" No.1",AR,M15702,PAP16,B/O,21/09/2024 16:46,เก็บไว้ใช้,284,ด้านซ้าย
8/22/2024_2569,11/09/2024 20:25,Size change ,Old,"Bladder turmup 14"" 0239-1-1112","ETV.14"" No.1",R,M15702,PAP16,B/O,21/09/2024 16:45,เก็บไว้ใช้,285,ด้านขวา
9/3/2024_141949,13/09/2024 00:58,Size change ,Old,"Bladder turnup 22"" 0137-1-1033","ETV.22"" No.2",AR,Test,PAP19,"Deform (เบี้ยว, ผิดรูปร่าง)",13/09/2024 22:13,ทิ้ง,286,
9/3/2024_142246,13/09/2024 01:01,Size change ,Old,"Bladder push 22"" 0136-1-1033","ETV.22"" No.2",AR,Test,PAP19,B/O,20/09/2024 15:24,เก็บไว้ใช้,287,
9/3/2024_142151,13/09/2024 01:03,Size change ,Old,"Bladder turnup 22"" 0137-1-1033","ETV.22"" No.2",R,Test,PAP19,B/O,13/09/2024 22:13,เก็บไว้ใช้,288,
9/3/2024_14245,13/09/2024 01:04,Size change ,Old,"Bladder push 22"" 0136-1-1033","ETV.22"" No.2",R,Test,PAP19,B/O,20/09/2024 15:25,เก็บไว้ใช้,289,
9/13/2024_4190,13/09/2024 04:19,Bladder Turn up เสียรูป,New,"Bladder turnup 15"" 0114-1-1033 Part store","ETV.15"" No.1",AR,M08201,PAP21A,B/O,19/09/2024 13:57,เก็บไว้ใช้,290,ด้านซ้าย
7/9/2024_101040,13/09/2024 04:55,Bladder Turn up รั่ว,Old,"Bladder turnup 15"" 0114-1-1033 Part store","ETV.15"" No.1",R,M08201,PAP21A,B/O,19/09/2024 13:56,เก็บไว้ใช้,291,ด้านขวา
8/9/2024_142830,13/09/2024 20:31,Size change ,Old,MTG bladder 0216-1-1670,MTG 21''22''23'' No.3,C,Test,BNS19,Leak (รั่ว),20/09/2024 09:56,ทิ้ง,292,
9/13/2024_221448,13/09/2024 22:14,Bladder Turn up เสียรูป,New,"Bladder turnup 22"" 0137-1-1033","ETV.22"" No.2",AR,Test,PAP19,B/O,20/09/2024 15:25,เก็บไว้ใช้,293,
9/13/2024_221528,13/09/2024 22:15,Bladder Turn up เสียรูป,New,"Bladder turnup 22"" 0137-1-1033","ETV.22"" No.2",R,Test,PAP19,B/O,20/09/2024 15:25,เก็บไว้ใช้,294,
9/14/2024_1531,14/09/2024 01:05,Bladder Turn up เสียรูป,New,"Bladder turnup 15"" 0114-1-1033 Part store","ETV.15"" No.4",R,M08201,PAP21B,B/O,24/09/2024 12:52,เก็บไว้ใช้,295,
14/9/2024_102612,14/09/2024 10:26,Size change ,New,"Bladder Turn up 21"" 0137-1-1070","ETV.21"" No.2",R,M19001,PAP20,"Deform (เบี้ยว, ผิดรูปร่าง)",06/10/2024 08:16,ทิ้ง,297,
22/7/2024_17512,14/09/2024 10:28,Size change ,Old,"Bladder push 21"" 0136-1-1070","ETV.21"" No.2",AR,M19001,PAP20,B/O,18/10/2024 22:51,เก็บไว้ใช้,298,
14/9/2024_103236,14/09/2024 10:32,Size change ,New,"Bladder push 21"" 0136-1-1070","ETV.21"" No.2",R,M19001,PAP20,B/O,18/10/2024 22:52,เก็บไว้ใช้,299,
8/31/2024_01442,14/09/2024 15:55,Size change ,Old,MTG bladder 0216-1-1670,MTG 21''22''23'' No.1,C,M19001,BNS20,Leak (รั่ว),14/10/2024 01:56,ทิ้ง,300,กลาง
9/16/2024_93643,16/09/2024 09:36,Bladder Turn up เสียรูป,New,"Bladder turnup 15"" 0114-1-1033 Part store","ETV.15"" No.4",AR,M08201,PAP21B,B/O,24/09/2024 12:52,เก็บไว้ใช้,301,
9/16/2024_152341,16/09/2024 15:23,Bladder Turn up เสียรูป,New,"Bladder trunup23""0137-1-1036","ETV.23"" No.2",AR,M18801,PAP17,B/O,05/11/2024 08:01,เก็บไว้ใช้,302,
9/5/2024_105039,17/09/2024 14:55,Size change ,Old,"Bladder push23""0136-1-1036","ETV.23"" No.1",R,M05102,PAP13,B/O,06/10/2024 02:32,เก็บไว้ใช้,303,
9/17/2024_15246,17/09/2024 15:02,Size change ,New,"Bladder push23""0136-1-1036","ETV.23"" No.1",AR,M05102,PAP13,B/O,06/10/2024 02:32,เก็บไว้ใช้,304,
9/17/2024_15437,17/09/2024 15:04,Size change ,New,"Bladder trunup23""0137-1-1036","ETV.23"" No.1",AR,M05102,PAP13,B/O,06/10/2024 02:32,เก็บไว้ใช้,305,
9/17/2024_15548,17/09/2024 15:05,Size change ,New,"Bladder trunup23""0137-1-1036","ETV.23"" No.1",R,M05102,PAP13,B/O,06/10/2024 02:31,เก็บไว้ใช้,306,
18/9/2024_133923,18/09/2024 13:39,Bladder Turn up เสียรูป,New,"Bladder Turn up 21"" 0137-1-1070","ETV.21"" No.2",AR,M19001,PAP20,B/O,18/10/2024 22:51,เก็บไว้ใช้,307,
19/8/2024_201811,19/09/2024 13:57,Size change ,Old,"Bladder turmup 14"" 0239-1-1112","ETV.14"" No.2",AR,M15103,PAP21A,B/O,24/09/2024 19:54,เก็บไว้ใช้,308,
1/8/2024_22222,19/09/2024 14:01,Size change ,Old,"Bladder turmup 14"" 0239-1-1112","ETV.14"" No.2",R,M15103,PAP21A,CQ เกิดปัญหาด้าน Quality,19/09/2024 18:00,เก็บไว้ใช้,309,
9/19/2024_18219,19/09/2024 18:02,เกิดปัญหาด้าน Quality,New,"Bladder turmup 14"" 0239-1-1112","ETV.14"" No.2",R,M15103,PAP21A,B/O,24/09/2024 19:54,เก็บไว้ใช้,310,
20/9/2024_95635,20/09/2024 09:56,MTG รั่ว,New,MTG bladder 0216-1-1670,MTG 21''22''23'' No.3,C,Test,BNS19,B/O,21/09/2024 02:18,เก็บไว้ใช้,311,
5/5/2024_12740,20/09/2024 23:34,Size change ,Old,"Bladder turnup 22"" 0137-1-1033","ETV.22"" No.4",AR,M13105,PAP19,B/O,08/10/2024 07:01,เก็บไว้ใช้,312,
23/8/2024_72034,20/09/2024 23:36,Size change ,Old,"Bladder turnup 22"" 0137-1-1033","ETV.22"" No.4",R,M13105,PAP19,B/O,08/10/2024 07:01,เก็บไว้ใช้,313,
23/8/2024_7197,20/09/2024 23:38,Size change ,Old,"Bladder push 22"" 0136-1-1033","ETV.22"" No.4",AR,M13105,PAP19,B/O,08/10/2024 07:00,เก็บไว้ใช้,314,
23/8/2024_7226,20/09/2024 23:39,Size change ,Old,"Bladder push 22"" 0136-1-1033","ETV.22"" No.4",R,M13105,PAP19,B/O,08/10/2024 07:00,เก็บไว้ใช้,315,
8/11/2024_124237,21/09/2024 02:18,Size change ,Old,"MTG bladder 22""23"" 0216-1-1666",MTG 21''22''23'' No.3,C,M13105,BNS19,Leak (รั่ว),02/10/2024 09:19,ทิ้ง,316,กลาง
8/29/2024_14227,21/09/2024 16:37,Size change ,Old,"Bladder turnup 8"" 0239-1-1137","ETV.8"" No.1",AR,M21401,PAP16,Leak (รั่ว),24/09/2024 06:18,ทิ้ง,317,ด้านซ้าย
11/9/2024_142759,21/09/2024 16:39,Size change ,Old,"Bladder turnup 8"" 0239-1-1137","ETV.8"" No.1",R,M21401,PAP16,Leak (รั่ว),25/09/2024 03:12,ทิ้ง,318,ด้านขวา
9/24/2024_61915,24/09/2024 06:19,Bladder Turn up รั่ว,New,"Bladder turnup 8"" 0239-1-1137","ETV.8"" No.1",AR,M21401,PAP16,B/O,25/09/2024 11:21,เก็บไว้ใช้,319,
19/8/2024_92123,24/09/2024 14:37,Size change ,Old,"Bladder turnup 10 "" 0239-1-1094 part store","ETV.10"" No.2",AR,M18201,PAP21B,"Deform (เบี้ยว, ผิดรูปร่าง)",25/09/2024 13:11,ทิ้ง,320,ด้านซ้าย
19/8/2024_92227,24/09/2024 14:39,Size change ,Old,"Bladder turnup 10 "" 0239-1-1094 part store","ETV.10"" No.2",R,M18201,PAP21B,Leak (รั่ว),27/09/2024 15:21,ทิ้ง,321,ด้านขวา
8/22/2024_13593,24/09/2024 19:54,Size change ,Old,"Bladder turnup 10 "" 0239-1-1094 part store","ETV.10"" No.1",R,M18201,PAP21A,Leak (รั่ว),28/09/2024 19:48,ทิ้ง,322,ด้านขวา
24/9/2024_195814,24/09/2024 19:58,Size change ,New,"Bladder turnup 10 "" 0239-1-1094 part store","ETV.10"" No.1",AR,M18201,PAP21A,Leak (รั่ว),09/10/2024 02:16,ทิ้ง,323,ด้านซ้าย
9/25/2024_31322,25/09/2024 03:13,Bladder Turn up รั่ว,New,"Bladder turnup 8"" 0239-1-1137","ETV.8"" No.1",R,M21401,PAP16,B/O,25/09/2024 11:21,เก็บไว้ใช้,324,
9/25/2024_13125,25/09/2024 13:12,Bladder Turn up เสียรูป,New,"Bladder turnup 10 "" 0239-1-1094 part store","ETV.10"" No.2",AR,M18201,PAP21B,Leak (รั่ว),16/10/2024 09:06,ทิ้ง,325,
9/10/2024_21053,25/09/2024 19:20,Size change ,Old,"Bladder turnup 12"" 0239-1-1128","ETV.12"" No.1",AR,M13702,PAP16,B/O,07/10/2024 14:43,เก็บไว้ใช้,326,
7/13/2024_23109,25/09/2024 19:23,Size change ,Old,"Bladder turnup 12"" 0239-1-1128","ETV.12"" No.1",R,M13702,PAP16,Leak (รั่ว),07/10/2024 05:31,ทิ้ง,327,ด้านขวา
9/7/2024_165158,26/09/2024 21:14,Size change ,Old,"Bladder turnup 20"" 0137-1-1023","ETV.20"" No.2",R,M01103,PAP12,Leak (รั่ว),16/10/2024 23:56,เก็บไว้ใช้,328,ด้านขวา
8/6/2024_103810,26/09/2024 21:18,Size change ,Old,"Bladder turnup 20"" 0137-1-1023","ETV.20"" No.2",AR,M01103,PAP12,Leak (รั่ว),16/10/2024 23:56,เก็บไว้ใช้,329,ด้านซ้าย
9/5/2024_105233,26/09/2024 21:19,Size change ,Old,"Bladder push 20"" 0136-1-1023","ETV.20"" No.2",AR,M01103,PAP12,Leak (รั่ว),16/10/2024 23:56,เก็บไว้ใช้,330,ด้านซ้าย
8/6/2024_141916,26/09/2024 21:21,Size change ,Old,"Bladder push 20"" 0136-1-1023","ETV.20"" No.2",R,M01103,PAP12,Leak (รั่ว),16/10/2024 23:54,เก็บไว้ใช้,331,ด้านขวา
28/9/2024_194919,28/09/2024 19:49,Bladder Turn up รั่ว,New,"Bladder turnup 10 "" 0239-1-1094 part store","ETV.10"" No.1",R,M18201,PAP21A,Tear (ฉีกขาด),09/10/2024 02:16,ทิ้ง,333,ด้านขวา
30/9/2024_01239,30/09/2024 00:12,Bladder Turn up รั่ว,New,"Bladder turnup 10 "" 0239-1-1094 part store","ETV.10"" No.2",R,M18201,PAP21B,Bad material (วัสดุไม่ดี),30/09/2024 01:02,ทิ้ง,334,ด้านขวา
30/9/2024_11248,30/09/2024 01:12,Bladder Turn up จุกชำรุด,New,"Bladder turnup 10 "" 0239-1-1094 part store","ETV.10"" No.2",R,M18201,PAP21B,"Deform (เบี้ยว, ผิดรูปร่าง)",04/10/2024 03:00,ทิ้ง,335,ด้านขวา
9/14/2024_1531,01/10/2024 16:39,Size change ,Old,"Bladder turnup 15"" 0114-1-1033 Part store","ETV.15"" No.4",R,M08203,PAP14,B/O,10/10/2024 14:12,เก็บไว้ใช้,336,
9/16/2024_93643,01/10/2024 16:42,Size change ,Old,"Bladder turnup 15"" 0114-1-1033 Part store","ETV.15"" No.4",AR,M08203,PAP14,"Deform (เบี้ยว, ผิดรูปร่าง)",04/10/2024 21:39,ทิ้ง,337,
8/7/2024_201525,02/10/2024 08:07,Size change ,Old,"Bladder push23""0136-1-1036","ETV.23"" No.4",AR,M18801,PAP18,,03/10/2024 21:45,เก็บไว้ใช้,338,
8/7/2024_201627,02/10/2024 08:09,Size change ,Old,"Bladder trunup23""0137-1-1036","ETV.23"" No.4",AR,M18801,PAP18,,03/10/2024 21:45,เก็บไว้ใช้,339,
2/10/2024_81034,02/10/2024 08:10,MTG รั่ว,New,"MTG bladder 22""23"" 0216-1-1666",MTG 21''22''23'' No.3,C,M13105,BNS19,B/O,08/10/2024 15:12,เก็บไว้ใช้,340,
2/10/2024_92119,02/10/2024 09:21,MTG รั่ว,New,"MTG bladder 10""12"" 0216-1-1068","MTG 10"" No.2",C,M18201,Smart 21,B/O,10/10/2024 00:24,เก็บไว้ใช้,341,กลาง
PAP1611/27/2023111C,02/10/2024 11:59,Size change ,Old,"Bladder trunup23""0137-1-1036","ETV.23"" No.4",R,M18801,PAP18,B/O,02/10/2024 12:50,เก็บไว้ใช้,342,
PAP1611/27/2023111C,02/10/2024 12:04,Size change ,Old,"Bladder push23""0136-1-1036","ETV.23"" No.4",R,M18801,PAP18,B/O,02/10/2024 12:49,เก็บไว้ใช้,343,
10/2/2024_125210,02/10/2024 12:52,Size change ,New,"Bladder trunup23""0137-1-1036","ETV.23"" No.4",R,M18801,PAP18,,03/10/2024 21:45,เก็บไว้ใช้,344,
10/2/2024_125952,02/10/2024 12:59,Size change ,New,"Bladder push23""0136-1-1036","ETV.23"" No.4",R,M18801,PAP18,,03/10/2024 21:45,เก็บไว้ใช้,345,
6/10/2024_2117,03/10/2024 21:46,Size change ,Old,"Bladder push 20"" 0136-1-1023","ETV.20"" No.1",R,M01103,PAP18,B/O,11/10/2024 17:14,เก็บไว้ใช้,346,
6/10/2024_2317,03/10/2024 21:50,Size change ,Old,"Bladder push 20"" 0136-1-1023","ETV.20"" No.1",AR,M01103,PAP18,B/O,11/10/2024 17:13,เก็บไว้ใช้,347,
16/8/2024_15282,03/10/2024 21:55,Size change ,Old,"Bladder turnup 20"" 0137-1-1023","ETV.20"" No.1",AR,M01103,PAP18,B/O,11/10/2024 17:12,เก็บไว้ใช้,348,
16/8/2024_153147,03/10/2024 22:01,Size change ,Old,"Bladder turnup 20"" 0137-1-1023","ETV.20"" No.1",R,M01103,PAP18,,08/10/2024 09:55,ทิ้ง,349,
20/9/2024_95635,04/10/2024 02:30,Size change ,Old,MTG bladder 0216-1-1670,MTG 21''22''23'' No.2,C,M01103,BNS18,B/O,12/10/2024 02:14,เก็บไว้ใช้,350,
4/10/2024_3212,04/10/2024 03:02,Bladder Turn up เสียรูป,New,"Bladder turnup 10 "" 0239-1-1094 part store","ETV.10"" No.2",R,M18201,PAP21B,B/O,16/10/2024 09:06,เก็บไว้ใช้,351,
9/9/2024_134121,06/10/2024 02:32,Extension รั่ว,Old,"Bladder push23""0136-1-1036","ETV.23"" No.3",AR,M05102,PAP13,,13/10/2024 13:38,เก็บไว้ใช้,352,
9/9/2024_133920,06/10/2024 02:35,Extension รั่ว,Old,"Bladder trunup23""0137-1-1036","ETV.23"" No.3",AR,M05102,PAP13,,13/10/2024 13:40,เก็บไว้ใช้,353,ด้านซ้าย
9/9/2024_133743,06/10/2024 02:37,Extension รั่ว,Old,"Bladder trunup23""0137-1-1036","ETV.23"" No.3",R,M05102,PAP13,"Deform (เบี้ยว, ผิดรูปร่าง)",06/10/2024 12:45,ทิ้ง,354,
6/24/2024_134942,06/10/2024 02:39,Extension รั่ว,Old,"Bladder push23""0136-1-1036","ETV.23"" No.3",R,M05102,PAP13,,13/10/2024 13:40,เก็บไว้ใช้,355,ด้านซ้าย
6/10/2024_81734,06/10/2024 08:17,Bladder Turn up เสียรูป,New,"Bladder Turn up 21"" 0137-1-1070","ETV.21"" No.2",R,M19001,PAP20,B/O,18/10/2024 22:51,เก็บไว้ใช้,356,
6/10/2024_81827,06/10/2024 08:18,Bladder Turn up เสียรูป,New,"Bladder trunup23""0137-1-1036","ETV.23"" No.3",R,M05102,PAP13,,13/10/2024 13:41,เก็บไว้ใช้,357,ด้านซ้าย
10/7/2024_53126,07/10/2024 05:31,Bladder Turn up รั่ว,New,"Bladder turnup 12"" 0239-1-1128","ETV.12"" No.1",R,M13702,PAP16,B/O,07/10/2024 14:43,เก็บไว้ใช้,358,
6/5/2024_164831,07/10/2024 21:50,Size change ,Old,"Bladder turmup 14"" 0239-1-1112","ETV.14"" No.1",AR,M08401,PAP16,Leak (รั่ว),20/10/2024 02:45,เก็บไว้ใช้,359,ด้านซ้าย
8/22/2024_2569,07/10/2024 21:51,Size change ,Old,"Bladder turmup 14"" 0239-1-1112","ETV.14"" No.1",R,M08401,PAP16,Leak (รั่ว),20/10/2024 02:44,เก็บไว้ใช้,360,ด้านขวา
8/10/2024_95329,08/10/2024 09:53,Bladder Turn up รั่ว,New,"Bladder turnup 20"" 0137-1-1023","ETV.20"" No.1",R,M01103,PAP18,B/O,11/10/2024 17:12,ทิ้ง,361,
2/10/2024_81034,08/10/2024 15:12,Size change ,Old,"MTG bladder 22""23"" 0216-1-1666",MTG 21''22''23'' No.3,C,M16006,BNS19,B/O,15/10/2024 07:17,เก็บไว้ใช้,362,
8/7/2024_201627,08/10/2024 18:29,Size change ,Old,"Bladder trunup23""0137-1-1036","ETV.23"" No.4",AR,M16006,PAP19,B/O,15/10/2024 07:17,เก็บไว้ใช้,363,
10/2/2024_125210,08/10/2024 18:30,Size change ,Old,"Bladder trunup23""0137-1-1036","ETV.23"" No.4",R,M16006,PAP19,B/O,15/10/2024 07:17,เก็บไว้ใช้,364,
8/7/2024_201525,08/10/2024 18:33,Size change ,Old,"Bladder push23""0136-1-1036","ETV.23"" No.4",AR,M16006,PAP19,B/O,15/10/2024 07:17,เก็บไว้ใช้,365,
PAP1611/27/2023111C,08/10/2024 18:35,Size change ,Old,"Bladder push23""0136-1-1036","ETV.23"" No.4",R,M16006,PAP19,B/O,08/10/2024 18:38,เก็บไว้ใช้,366,
10/2/2024_125952,08/10/2024 18:37,Size change ,Old,"Bladder push23""0136-1-1036","ETV.23"" No.4",R,M16006,PAP19,B/O,15/10/2024 07:16,เก็บไว้ใช้,367,
10/9/2024_21647,09/10/2024 02:16,Bladder Turn up รั่ว,New,"Bladder turnup 10 "" 0239-1-1094 part store","ETV.10"" No.1",AR,M18201,PAP21A,B/O,09/10/2024 15:24,เก็บไว้ใช้,368,
10/9/2024_21746,09/10/2024 02:17,"Sock Tear, ฉีกขาด",New,"Bladder turnup 10 "" 0239-1-1094 part store","ETV.10"" No.1",R,M18201,PAP21A,B/O,09/10/2024 15:24,เก็บไว้ใช้,369,
9/10/2024_21053,09/10/2024 15:25,Size change ,Old,"Bladder turnup 12"" 0239-1-1128","ETV.12"" No.1",AR,M20001,PAP21A,B/O,16/10/2024 16:59,เก็บไว้ใช้,370,
10/7/2024_53126,09/10/2024 15:30,Size change ,Old,"Bladder turnup 12"" 0239-1-1128","ETV.12"" No.1",R,M20001,PAP21A,B/O,16/10/2024 16:59,เก็บไว้ใช้,371,
26/7/2024_162549,10/10/2024 14:14,Size change ,Old,"Bladder turnup 15"" 0114-1-1032","ETV.15"" No.3",R,M08201,PAP14,B/O,10/10/2024 14:47,เก็บไว้ใช้,372,
9/9/2024_85552,10/10/2024 14:20,Size change ,Old,"Bladder turnup 15"" 0114-1-1032","ETV.15"" No.3",AR,M08201,PAP14,B/O,10/10/2024 14:48,เก็บไว้ใช้,373,ด้านซ้าย
26/7/2024_162549,10/10/2024 14:49,Size change ,Old,"Bladder turnup 15"" 0114-1-1032","ETV.15"" No.3",R,M15501,PAP14,B/O,23/10/2024 03:32,เก็บไว้ใช้,374,ด้านขวา
9/9/2024_85552,10/10/2024 14:52,Size change ,Old,"Bladder turnup 15"" 0114-1-1032","ETV.15"" No.3",AR,M15501,PAP14,Leak (รั่ว),11/10/2024 17:02,ทิ้ง,375,ด้านซ้าย
10/11/2024_1737,11/10/2024 17:03,Push bladder รั่ว,New,"Bladder turnup 15"" 0114-1-1032","ETV.15"" No.3",AR,M15501,PAP14,B/O,23/10/2024 03:29,เก็บไว้ใช้,376,ด้านซ้าย
16/8/2024_15282,11/10/2024 22:14,Extension รั่ว,Old,"Bladder turnup 20"" 0137-1-1023","ETV.20"" No.1",AR,M01103,PAP11,"Deform (เบี้ยว, ผิดรูปร่าง)",17/10/2024 10:42,ทิ้ง,377,ด้านซ้าย
6/10/2024_2317,11/10/2024 22:21,Extension รั่ว,Old,"Bladder push 20"" 0136-1-1023","ETV.20"" No.1",AR,M01103,PAP11,Leak (รั่ว),10/03/2025 00:14,ทิ้ง,378,ด้านซ้าย
6/10/2024_2117,11/10/2024 22:22,Extension รั่ว,Old,"Bladder push 20"" 0136-1-1023","ETV.20"" No.1",R,M01103,PAP11,Leak (รั่ว),10/01/2025 09:14,ทิ้ง,379,ด้านขวา
7/16/2024_95326,11/10/2024 22:37,Extension รั่ว,Old,"Bladder turnup 20"" 0137-1-1023","ETV.20"" No.1",R,M01103,PAP11,"Deform (เบี้ยว, ผิดรูปร่าง)",13/11/2024 16:38,ทิ้ง,380,
7/10/2024_171238,12/10/2024 02:15,Size change ,Old,"MTG bladder 22""23"" 0216-1-1666",MTG 21''22''23'' No.2,C,M13105,BNS18,Bad material (วัสดุไม่ดี),12/10/2024 21:43,ทิ้ง,381,กลาง
12/10/2024_214420,12/10/2024 21:44,เกิดปัญหาด้าน Quality,New,"MTG bladder 22""23"" 0216-1-1666",MTG 21''22''23'' No.2,C,M13105,BNS18,Leak (รั่ว),26/10/2024 11:02,ทิ้ง,382,Air under (สะดือ)
13/10/2024_134145,13/10/2024 13:41,Bladder Turn up เสียรูป,New,"Bladder trunup23""0137-1-1036","ETV.23"" No.1",AR,M05102,PAP13,"Deform (เบี้ยว, ผิดรูปร่าง)",19/10/2024 15:34,ทิ้ง,383,
10/13/2024_134611,13/10/2024 13:46,Bladder Turn up รั่ว,New,"Bladder trunup23""0137-1-1036","ETV.23"" No.1",R,M05102,PAP13,"Deform (เบี้ยว, ผิดรูปร่าง)",18/10/2024 05:41,ทิ้ง,384,ด้านขวา
9/5/2024_105039,13/10/2024 13:47,Extension รั่ว,Old,"Bladder push23""0136-1-1036","ETV.23"" No.1",AR,M05102,PAP13,B/O,27/11/2024 16:00,เก็บไว้ใช้,385,
9/17/2024_15246,13/10/2024 13:53,Extension รั่ว,Old,"Bladder push23""0136-1-1036","ETV.23"" No.1",R,M05102,PAP13,B/O,27/11/2024 16:00,เก็บไว้ใช้,386,
20/9/2024_95635,14/10/2024 01:56,MTG รั่ว,Old,MTG bladder 0216-1-1670,MTG 21''22''23'' No.1,C,M19001,BNS20,B/O,18/10/2024 23:15,เก็บไว้ใช้,387,
10/15/2024_171930,15/10/2024 17:19,Size change ,New,"MTG Bladder 16"" 0216-1-1178","ETV.16"" No.1",C,Test,BNS19,B/O,15/10/2024 17:57,เก็บไว้ใช้,388,กลาง
10/15/2024_171930,15/10/2024 17:59,Size change ,Old,"MTG Bladder 16"" 0216-1-1178","MTG 16"" No.1",C,Test,BNS19,B/O,17/10/2024 04:51,เก็บไว้ใช้,389,
8/22/2024_53150,15/10/2024 18:01,Size change ,Old,"Bladder turnup 16 "" 0137-1-1051","ETV.16"" No.1",AR,Test,PAP19,B/O,30/10/2024 18:48,เก็บไว้ใช้,390,
8/22/2024_5269,15/10/2024 18:05,Size change ,Old,"Bladder turnup 16 "" 0137-1-1051","ETV.16"" No.1",R,Test,PAP19,B/O,30/10/2024 18:48,เก็บไว้ใช้,391,
8/22/2024_52448,15/10/2024 18:06,Size change ,Old,"Biadder push 16"" 0136-1-1051","ETV.16"" No.1",AR,Test,PAP19,B/O,30/10/2024 18:47,เก็บไว้ใช้,392,
8/22/2024_54319,15/10/2024 18:09,Size change ,Old,"Biadder push 16"" 0136-1-1051","ETV.16"" No.1",R,Test,PAP19,B/O,30/10/2024 18:47,เก็บไว้ใช้,393,
9/13/2024_4190,16/10/2024 13:56,Size change ,Old,"Bladder turnup 15"" 0114-1-1032","ETV.15"" No.1",AR,M08201,PAP21B,B/O,16/10/2024 14:01,เก็บไว้ใช้,394,
7/9/2024_101040,16/10/2024 13:58,Size change ,Old,"Bladder turnup 15"" 0114-1-1033 Part store","ETV.15"" No.1",R,M08201,PAP21B,Tear (ฉีกขาด),20/10/2024 16:49,ทิ้ง,395,
9/13/2024_4190,16/10/2024 14:01,Size change ,Old,"Bladder turnup 15"" 0114-1-1033 Part store","ETV.15"" No.1",AR,M08201,PAP21B,"Deform (เบี้ยว, ผิดรูปร่าง)",19/10/2024 05:46,ทิ้ง,396,ด้านซ้าย
9/14/2024_1531,16/10/2024 16:56,Size change ,Old,"Bladder turnup 15"" 0114-1-1033 Part store","ETV.15"" No.4",R,M08201,PAP21A,B/O,24/10/2024 08:09,เก็บไว้ใช้,397,ด้านขวา
10/16/2024_17128,16/10/2024 17:01,Size change ,New,"Bladder turnup 15"" 0114-1-1033 Part store","ETV.15"" No.4",AR,M08201,PAP21A,B/O,24/10/2024 08:09,เก็บไว้ใช้,398,ด้านซ้าย
10/16/2024_235650,16/10/2024 23:56,Push bladder รั่ว,New,"Bladder push 20"" 0136-1-1023","ETV.20"" No.3",AR,M01103,PAP12,B/O,21/10/2024 10:08,เก็บไว้ใช้,399,ด้านซ้าย
8/25/2024_10038,17/10/2024 00:12,Extension รั่ว,Old,"Bladder turnup 20"" 0137-1-1023","ETV.20"" No.3",R,M01103,PAP12,B/O,21/10/2024 10:09,เก็บไว้ใช้,400,ด้านขวา
7/22/2024_213453,17/10/2024 04:52,Size change ,Old,"MTG Bladder 16"" 0216-1-1266","MTG 16"" No.1",C,M10001,BNS19,CQ เกิดปัญหาด้าน Quality,21/10/2024 15:08,เก็บไว้ใช้,401,
10/17/2024_92942,17/10/2024 09:29,Push bladder รั่ว,New,"Bladder push 20"" 0136-1-1023","ETV.20"" No.3",R,M01103,PAP12,B/O,21/10/2024 10:09,เก็บไว้ใช้,402,ด้านขวา
10/17/2024_104242,17/10/2024 10:42,Bladder Turn up เสียรูป,New,"Bladder turnup 20"" 0137-1-1023","ETV.20"" No.1",AR,M01103,PAP11,"Deform (เบี้ยว, ผิดรูปร่าง)",10/03/2025 00:15,ทิ้ง,403,ด้านซ้าย
10/18/2024_45731,18/10/2024 04:57,Push bladder รั่ว,New,"Bladder push23""0136-1-1036","ETV.23"" No.1",R,M05102,PAP13,,18/10/2024 05:22,ทิ้ง,404,
9/5/2024_105039,18/10/2024 04:59,Size change ,Old,"Bladder push23""0136-1-1036","ETV.23"" No.1",AR,M05102,PAP13,,18/10/2024 05:22,ทิ้ง,405,
10/18/2024_54129,18/10/2024 05:41,Bladder Turn up เสียรูป,New,"Bladder trunup23""0137-1-1036","ETV.23"" No.1",R,M05102,PAP13,"Deform (เบี้ยว, ผิดรูปร่าง)",27/10/2024 02:38,ทิ้ง,406,
9/9/2024_133920,18/10/2024 23:07,Size change ,Old,"Bladder trunup23""0137-1-1036","ETV.23"" No.3",AR,M19501,PAP20,B/O,30/10/2024 21:18,เก็บไว้ใช้,407,
6/10/2024_81827,18/10/2024 23:09,Size change ,Old,"Bladder trunup23""0137-1-1036","ETV.23"" No.3",R,M19501,PAP20,B/O,30/10/2024 21:17,เก็บไว้ใช้,408,
9/9/2024_134121,18/10/2024 23:12,Size change ,Old,"Bladder push23""0136-1-1036","ETV.23"" No.3",AR,M19501,PAP20,B/O,30/10/2024 21:17,เก็บไว้ใช้,409,
6/24/2024_134942,18/10/2024 23:13,Size change ,Old,"Bladder push23""0136-1-1036","ETV.23"" No.3",R,M19501,PAP20,B/O,30/10/2024 21:17,เก็บไว้ใช้,410,
10/18/2024_23151,18/10/2024 23:15,Size change ,New,"MTG bladder 22""23"" 0216-1-1666",MTG 21''22''23'' No.1,C,M19501,BNS20,B/O,29/10/2024 19:59,เก็บไว้ใช้,411,กลาง
10/19/2024_54644,19/10/2024 05:46,Bladder Turn up เสียรูป,New,"Bladder turnup 15"" 0114-1-1033 Part store","ETV.15"" No.1",AR,M08201,PAP21B,B/O,02/11/2024 01:37,เก็บไว้ใช้,412,
19/10/2024_153539,19/10/2024 15:35,Bladder Turn up เสียรูป,New,"Bladder trunup23""0137-1-1036","ETV.23"" No.1",AR,M05102,PAP13,"Deform (เบี้ยว, ผิดรูปร่าง)",26/10/2024 05:25,ทิ้ง,413,ด้านซ้าย
9/19/2024_18219,20/10/2024 02:46,Extension รั่ว,Old,"Bladder turmup 14"" 0239-1-1112","ETV.14"" No.2",R,M08401,PAP16,B/O,22/10/2024 08:53,เก็บไว้ใช้,414,ด้านขวา
19/8/2024_201811,20/10/2024 02:48,Extension รั่ว,Old,"Bladder turmup 14"" 0239-1-1112","ETV.14"" No.2",AR,M08401,PAP16,B/O,22/10/2024 08:54,เก็บไว้ใช้,415,ด้านซ้าย
20/10/2024_164957,20/10/2024 16:49,"Bladder Turn up แตก, ฉีกขาด",New,"Bladder turnup 15"" 0114-1-1033 Part store","ETV.15"" No.1",R,M08201,PAP21B,"Deform (เบี้ยว, ผิดรูปร่าง)",21/10/2024 00:49,ทิ้ง,416,ด้านขวา
10/21/2024_04940,21/10/2024 00:49,Bladder Turn up เสียรูป,New,"Bladder turnup 15"" 0114-1-1033 Part store","ETV.15"" No.1",R,M08201,PAP21B,B/O,02/11/2024 01:36,เก็บไว้ใช้,417,
9/7/2024_162143,21/10/2024 10:11,Size change ,Old,"Bladder turnup 22"" 0137-1-1033","ETV.22"" No.3",AR,M42203,PAP12,B/O,07/11/2024 02:16,เก็บไว้ใช้,418,ด้านซ้าย
9/7/2024_161822,21/10/2024 10:13,Size change ,Old,"Bladder push 22"" 0136-1-1033","ETV.22"" No.3",AR,M42203,PAP12,B/O,07/11/2024 02:16,เก็บไว้ใช้,419,ด้านซ้าย
9/7/2024_162233,21/10/2024 10:16,Size change ,Old,"Bladder turnup 22"" 0137-1-1033","ETV.22"" No.3",R,M42203,PAP12,B/O,07/11/2024 02:16,เก็บไว้ใช้,420,ด้านขวา
9/7/2024_162042,21/10/2024 10:18,Size change ,Old,"Bladder push 22"" 0136-1-1033","ETV.22"" No.3",R,M42203,PAP12,B/O,07/11/2024 02:15,เก็บไว้ใช้,421,ด้านขวา
21/10/2024_15822,21/10/2024 15:08,เกิดปัญหาด้าน Quality,New,"MTG Bladder 16"" 0216-1-1266","ETV.16"" No.1",C,M10001,BNS19,B/O,30/10/2024 18:46,เก็บไว้ใช้,422,
9/24/2024_61915,22/10/2024 10:43,Size change ,Old,"Bladder turnup 8"" 0239-1-1137","ETV.8"" No.1",AR,M15601,PAP16,Leak (รั่ว),26/10/2024 06:40,ทิ้ง,423,ด้านซ้าย
9/25/2024_31322,22/10/2024 10:45,Size change ,Old,"Bladder turnup 8"" 0239-1-1137","ETV.8"" No.1",R,M15601,PAP16,B/O,02/11/2024 08:23,เก็บไว้ใช้,424,
9/9/2024_85552,23/10/2024 03:32,Size change ,Old,"Bladder turnup 15"" 0114-1-1032","ETV.15"" No.3",R,M06201,PAP14,"Deform (เบี้ยว, ผิดรูปร่าง)",23/10/2024 10:21,ทิ้ง,425,ด้านขวา
10/11/2024_1737,23/10/2024 03:34,Size change ,Old,"Bladder turnup 15"" 0114-1-1032","ETV.15"" No.3",AR,M06201,PAP14,B/O,01/11/2024 04:41,เก็บไว้ใช้,426,ด้านซ้าย
10/23/2024_102225,23/10/2024 10:22,Bladder Turn up รั่ว,New,"Bladder turnup 15"" 0114-1-1032","ETV.15"" No.3",R,M06201,PAP14,B/O,01/11/2024 04:40,เก็บไว้ใช้,427,ด้านขวา
8/24/2024_7419,23/10/2024 10:51,Size change ,Old,"MTG bladder 15"" 0216-1-1134","MTG 15"" No.1",C,M06201,BNS14,B/O,05/02/2025 01:29,เก็บไว้ใช้,428,
9/10/2024_21053,24/10/2024 10:01,Size change ,Old,"Bladder turnup 12"" 0239-1-1128","ETV.12"" No.1",AR,M20001,PAP21A,Leak (รั่ว),25/10/2024 12:46,ทิ้ง,429,ด้านซ้าย
10/7/2024_53126,24/10/2024 10:03,Size change ,Old,"Bladder turnup 12"" 0239-1-1128","ETV.12"" No.1",R,M20001,PAP21A,Leak (รั่ว),31/10/2024 19:12,ทิ้ง,430,ด้านขวา
10/25/2024_124658,25/10/2024 12:46,Bladder Turn up รั่ว,New,"Bladder turnup 12"" 0239-1-1128","ETV.12"" No.1",AR,M20001,PAP21A,Leak (รั่ว),30/10/2024 20:25,ทิ้ง,431,ด้านซ้าย
10/26/2024_52625,26/10/2024 05:26,Bladder Turn up เสียรูป,New,"Bladder trunup23""0137-1-1036","ETV.23"" No.1",AR,M05102,PAP13,B/O,27/11/2024 16:00,เก็บไว้ใช้,432,
10/26/2024_6415,26/10/2024 06:41,Bladder Turn up รั่ว,New,"Bladder turnup 8"" 0239-1-1137","ETV.8"" No.1",AR,M15601,PAP16,Leak (รั่ว),28/10/2024 19:53,ทิ้ง,433,ด้านซ้าย
26/10/2024_11253,26/10/2024 11:02,MTG รั่ว,New,"MTG bladder 22""23"" 0216-1-1666",MTG 21''22''23'' No.2,C,M13105,BNS18,CQ เกิดปัญหาด้าน Quality,01/11/2024 10:49,เก็บไว้ใช้,434,กลาง
10/27/2024_24058,27/10/2024 02:40,Bladder Turn up เสียรูป,New,"Bladder trunup23""0137-1-1036","ETV.23"" No.1",R,M05102,PAP13,"Deform (เบี้ยว, ผิดรูปร่าง)",08/11/2024 17:00,ทิ้ง,435,
10/28/2024_195341,28/10/2024 19:53,Bladder Turn up รั่ว,New,"Bladder turnup 8"" 0239-1-1137","ETV.8"" No.1",AR,M15601,PAP16,B/O,02/11/2024 08:21,เก็บไว้ใช้,436,
10/18/2024_23151,29/10/2024 20:00,Size change ,Old,"MTG bladder 22""23"" 0216-1-1666",MTG 21''22''23'' No.1,C,M18801,BNS20,B/O,31/10/2024 02:29,เก็บไว้ใช้,437,
8/7/2024_201627,30/10/2024 18:49,Size change ,Old,"Bladder trunup23""0137-1-1036","ETV.23"" No.4",AR,M05102,PAP19,B/O,08/11/2024 16:44,เก็บไว้ใช้,438,ด้านซ้าย
8/7/2024_201525,30/10/2024 18:51,Size change ,Old,"Bladder push23""0136-1-1036","ETV.23"" No.4",AR,M05102,PAP19,B/O,08/11/2024 16:44,เก็บไว้ใช้,439,ด้านซ้าย
10/2/2024_125210,30/10/2024 18:53,Size change ,Old,"Bladder trunup23""0137-1-1036","ETV.23"" No.4",R,M05102,PAP19,B/O,08/11/2024 16:44,เก็บไว้ใช้,440,ด้านขวา
10/2/2024_125952,30/10/2024 18:55,Size change ,Old,"Bladder push23""0136-1-1036","ETV.23"" No.4",R,M05102,PAP19,B/O,08/11/2024 16:43,เก็บไว้ใช้,441,ด้านขวา
2/10/2024_81034,30/10/2024 18:57,Size change ,Old,"MTG bladder 22""23"" 0216-1-1666",MTG 21''22''23'' No.4,C,M05102,BNS19,B/O,08/11/2024 22:07,เก็บไว้ใช้,442,กลาง
10/30/2024_202616,30/10/2024 20:26,Bladder Turn up รั่ว,New,"Bladder turnup 12"" 0239-1-1128","ETV.12"" No.1",AR,M20001,PAP21A,B/O,04/11/2024 23:48,เก็บไว้ใช้,443,ด้านซ้าย
20/9/2024_95635,31/10/2024 03:43,Size change ,Old,MTG bladder 0216-1-1670,MTG 21''22''23'' No.1,C,M19001,BNS20,B/O,20/11/2024 10:40,เก็บไว้ใช้,444,
18/9/2024_133923,31/10/2024 03:46,Size change ,Old,"Bladder Turn up 21"" 0137-1-1070","ETV.21"" No.2",AR,M19001,PAP20,"Deform (เบี้ยว, ผิดรูปร่าง)",12/11/2024 09:00,ทิ้ง,445,ด้านซ้าย
6/10/2024_81734,31/10/2024 03:51,Size change ,Old,"Bladder Turn up 21"" 0137-1-1070","ETV.21"" No.2",R,M19001,PAP20,"Deform (เบี้ยว, ผิดรูปร่าง)",07/11/2024 01:37,ทิ้ง,446,
22/7/2024_17512,31/10/2024 03:53,Size change ,Old,"Bladder push 21"" 0136-1-1070","ETV.21"" No.2",AR,M19001,PAP20,B/O,20/11/2024 05:02,เก็บไว้ใช้,447,
14/9/2024_103236,31/10/2024 03:54,Size change ,Old,"Bladder push 21"" 0136-1-1070","ETV.21"" No.2",R,M19001,PAP20,B/O,20/11/2024 05:02,เก็บไว้ใช้,448,
10/31/2024_192319,31/10/2024 19:23,Bladder Turn up รั่ว,New,"Bladder turnup 12"" 0239-1-1128","ETV.12"" No.1",R,M20001,PAP21A,B/O,04/11/2024 23:47,เก็บไว้ใช้,449,ด้านขวา
10/16/2024_17128,01/11/2024 04:41,Size change ,Old,"Bladder turnup 15"" 0114-1-1032","ETV.15"" No.4",AR,M08203,PAP14,B/O,01/11/2024 04:50,เก็บไว้ใช้,450,ด้านซ้าย
9/14/2024_1531,01/11/2024 04:47,Size change ,Old,"Bladder turnup 15"" 0114-1-1033 Part store","ETV.15"" No.4",R,M08203,PAP14,B/O,02/11/2024 01:34,เก็บไว้ใช้,451,
10/16/2024_17128,01/11/2024 04:49,Size change ,Old,"Bladder turnup 15"" 0114-1-1033 Part store","ETV.15"" No.4",AR,M08203,PAP14,B/O,02/11/2024 01:34,เก็บไว้ใช้,452,
11/1/2024_18272,01/11/2024 18:27,Bladder Turn up รั่ว,New,"Bladder turnup 8"" 0239-1-1137","ETV.8"" No.1",AR,M15601,PAP16,B/O,02/11/2024 08:21,เก็บไว้ใช้,453,
10/19/2024_54644,02/11/2024 01:37,Size change ,Old,"Bladder turnup 15"" 0114-1-1033 Part store","ETV.15"" No.1",AR,M08203,PAP14,Leak (รั่ว),20/12/2024 22:05,ทิ้ง,454,ด้านซ้าย
10/21/2024_04940,02/11/2024 01:43,Size change ,Old,"Bladder turnup 15"" 0114-1-1033 Part store","ETV.15"" No.1",R,M08203,PAP14,B/O,13/01/2025 18:03,เก็บไว้ใช้,455,ด้านขวา
9/19/2024_18219,02/11/2024 07:54,Size change ,Old,"Bladder turmup 14"" 0239-1-1112","ETV.14"" No.2",R,M00000,PAP16,B/O,02/11/2024 07:56,เก็บไว้ใช้,456,ด้านขวา
19/8/2024_201811,02/11/2024 07:55,Size change ,Old,"Bladder turmup 14"" 0239-1-1112","ETV.14"" No.2",AR,M08401,PAP16,"Deform (เบี้ยว, ผิดรูปร่าง)",03/11/2024 00:42,ทิ้ง,457,ด้านซ้าย
9/19/2024_18219,02/11/2024 07:56,Size change ,Old,"Bladder turmup 14"" 0239-1-1112","ETV.14"" No.2",R,M08401,PAP16,"Deform (เบี้ยว, ผิดรูปร่าง)",06/11/2024 21:35,ทิ้ง,458,
11/3/2024_0433,03/11/2024 00:43,Bladder Turn up เสียรูป,New,"Bladder turmup 14"" 0239-1-1112","ETV.14"" No.2",AR,M08401,PAP16,Bad material (วัสดุไม่ดี),03/11/2024 02:21,เก็บไว้ใช้,459,ด้านซ้าย
11/3/2024_22149,03/11/2024 02:21,เกิดปัญหาด้าน Quality,New,"Bladder turmup 14"" 0239-1-1112","ETV.14"" No.2",AR,M08401,PAP16,Leak (รั่ว),13/11/2024 19:00,ทิ้ง,460,
11/4/2024_75841,04/11/2024 07:58,เกิดปัญหาด้าน Quality,New,"MTG bladder 22""23"" 0216-1-1666",MTG 21''22''23'' No.2,C,M13105,BNS18,Leak (รั่ว),15/11/2024 12:55,ทิ้ง,461,ตะเข็บรอยต่อ
9/13/2024_221448,05/11/2024 08:02,Size change ,Old,"Bladder turnup 22"" 0137-1-1033","ETV.22"" No.2",AR,M20101,PAP17,B/O,18/11/2024 09:32,เก็บไว้ใช้,462,
9/3/2024_142246,05/11/2024 08:07,Size change ,Old,"Bladder push 22"" 0136-1-1033","ETV.22"" No.2",AR,M20101,PAP17,B/O,18/11/2024 09:32,เก็บไว้ใช้,463,
9/13/2024_221528,05/11/2024 08:09,Size change ,Old,"Bladder turnup 22"" 0137-1-1033","ETV.22"" No.2",R,M20101,PAP17,B/O,18/11/2024 09:32,เก็บไว้ใช้,464,
9/3/2024_14245,05/11/2024 08:10,Size change ,Old,"Bladder push 22"" 0136-1-1033","ETV.22"" No.2",R,M20101,PAP17,Leak (รั่ว),13/11/2024 05:30,ทิ้ง,465,
8/22/2024_2569,05/11/2024 08:12,Size change ,Old,"Bladder turmup 14"" 0239-1-1112","ETV.14"" No.1",AR,M15105 / EL,PAP21A,B/O,22/11/2024 08:27,เก็บไว้ใช้,466,
6/5/2024_164831,05/11/2024 08:23,Size change ,Old,"Bladder turmup 14"" 0239-1-1112","ETV.14"" No.1",R,M15105 / EL,PAP21A,B/O,22/11/2024 08:27,เก็บไว้ใช้,467,
5/11/2024_20153,05/11/2024 20:15,Size change ,New,"Bladder turnup 10 "" 0239-1-1094 part store","ETV.10"" No.2",AR,M18201,PAP21B,B/O,11/11/2024 12:08,เก็บไว้ใช้,468,
4/10/2024_3212,05/11/2024 20:17,Size change ,Old,"Bladder turnup 10 "" 0239-1-1094 part store","ETV.10"" No.2",R,M18201,PAP21B,B/O,11/11/2024 12:08,เก็บไว้ใช้,469,
10/9/2024_21647,06/11/2024 14:05,Size change ,Old,"Bladder turnup 10 "" 0239-1-1094 part store","ETV.10"" No.1",AR,M18201,PAP21A,B/O,11/11/2024 12:08,เก็บไว้ใช้,470,
10/9/2024_21746,06/11/2024 14:07,Size change ,Old,"Bladder turnup 10 "" 0239-1-1094 part store","ETV.10"" No.1",R,M18201,PAP21A,B/O,11/11/2024 12:06,เก็บไว้ใช้,471,
2/10/2024_92119,06/11/2024 14:12,Size change ,Old,"MTG bladder 10""12"" 0216-1-1068","MTG 10"" No.2",C,M18201,Smart 21,B/O,14/11/2024 15:20,เก็บไว้ใช้,472,
6/11/2024_213515,06/11/2024 21:35,Bladder Turn up เสียรูป,New,"Bladder turmup 14"" 0239-1-1112","ETV.14"" No.2",R,M08401,PAP16,B/O,28/11/2024 05:25,เก็บไว้ใช้,473,
7/11/2024_13758,07/11/2024 01:37,Bladder Turn up เสียรูป,New,"Bladder Turn up 21"" 0137-1-1070","ETV.21"" No.2",R,M19001,PAP20,B/O,20/11/2024 05:01,เก็บไว้ใช้,474,
11/7/2024_21656,07/11/2024 02:16,Size change ,New,"Bladder turnup 20"" 0137-1-1023","ETV.20"" No.3",AR,M01103,PAP12,B/O,26/11/2024 17:38,เก็บไว้ใช้,475,
10/16/2024_235650,07/11/2024 02:20,Size change ,Old,"Bladder push 20"" 0136-1-1023","ETV.20"" No.3",AR,M01103,PAP12,B/O,26/11/2024 17:38,เก็บไว้ใช้,476,
10/17/2024_92942,07/11/2024 02:21,Size change ,Old,"Bladder push 20"" 0136-1-1023","ETV.20"" No.3",R,M01103,PAP12,B/O,26/11/2024 17:38,เก็บไว้ใช้,477,
8/25/2024_10038,07/11/2024 02:23,Size change ,Old,"Bladder turnup 20"" 0137-1-1023","ETV.20"" No.3",R,M01103,PAP12,B/O,26/11/2024 17:37,เก็บไว้ใช้,478,
10/2/2024_125952,08/11/2024 16:45,Size change ,Old,"Bladder push23""0136-1-1036","ETV.23"" No.4",R,M19501,PAP19,B/O,16/11/2024 13:28,เก็บไว้ใช้,479,ด้านขวา
11/8/2024_1719,08/11/2024 17:01,Bladder Turn up เสียรูป,New,"Bladder trunup23""0137-1-1036","ETV.23"" No.1",R,M05102,PAP13,B/O,27/11/2024 15:59,เก็บไว้ใช้,480,
10/2/2024_125210,08/11/2024 22:00,Size change ,Old,"Bladder trunup23""0137-1-1036","ETV.23"" No.4",R,M19501,PAP19,B/O,16/11/2024 13:28,เก็บไว้ใช้,481,ด้านขวา
8/7/2024_201525,08/11/2024 22:02,Size change ,Old,"Bladder push23""0136-1-1036","ETV.23"" No.4",AR,M19501,PAP19,B/O,16/11/2024 13:28,เก็บไว้ใช้,482,ด้านซ้าย
8/7/2024_201627,08/11/2024 22:04,Size change ,Old,"Bladder trunup23""0137-1-1036","ETV.23"" No.4",AR,M19501,PAP19,B/O,16/11/2024 13:27,เก็บไว้ใช้,483,ด้านซ้าย
2/10/2024_81034,08/11/2024 22:05,Size change ,Old,"MTG bladder 22""23"" 0216-1-1666",MTG 21''22''23'' No.4,C,M19501,BNS19,Leak (รั่ว),14/11/2024 04:42,ทิ้ง,484,
11/1/2024_18272,11/11/2024 13:18,Size change ,Old,"Bladder turnup 8"" 0239-1-1137","ETV.8"" No.1",AR,M15601,PAP21B,B/O,13/11/2024 13:58,เก็บไว้ใช้,485,
10/28/2024_195341,11/11/2024 13:20,Size change ,Old,"Bladder turnup 8"" 0239-1-1137","ETV.8"" No.1",R,M15601,PAP21B,Leak (รั่ว),12/11/2024 12:47,ทิ้ง,486,ด้านขวา
12/11/2024_9024,12/11/2024 09:00,Bladder Turn up เสียรูป,New,"Bladder Turn up 21"" 0137-1-1070","ETV.21"" No.2",AR,M19001,PAP20,B/O,20/11/2024 05:01,เก็บไว้ใช้,487,
11/12/2024_124637,12/11/2024 12:46,Bladder Turn up รั่ว,New,"Bladder turnup 8"" 0239-1-1137","ETV.8"" No.1",R,M15601,PAP21B,B/O,13/11/2024 13:58,เก็บไว้ใช้,488,
11/13/2024_5312,13/11/2024 05:31,Push bladder รั่ว,New,"Bladder push 22"" 0136-1-1033","ETV.22"" No.2",R,M20101,PAP17,B/O,18/11/2024 09:31,เก็บไว้ใช้,489,
5/11/2024_20153,13/11/2024 15:22,Size change ,Old,"Bladder turnup 10 "" 0239-1-1094 part store","ETV.10"" No.2",AR,M18201,PAP21B,Leak (รั่ว),26/11/2024 01:44,ทิ้ง,490,ด้านซ้าย
4/10/2024_3212,13/11/2024 15:24,Size change ,Old,"Bladder turnup 10 "" 0239-1-1094 part store","ETV.10"" No.2",R,M18201,PAP21B,Leak (รั่ว),17/11/2024 10:40,ทิ้ง,491,ด้านขวา
13/11/2024_163843,13/11/2024 16:38,Bladder Turn up เสียรูป,New,"Bladder turnup 20"" 0137-1-1023","ETV.20"" No.1",R,M01103,PAP11,"Deform (เบี้ยว, ผิดรูปร่าง)",21/12/2024 19:53,ทิ้ง,492,ด้านขวา
13/11/2024_185326,13/11/2024 18:53,Bladder Turn up รั่ว,New,"Bladder turmup 14"" 0239-1-1112","ETV.14"" No.2",AR,M15702,PAP16,B/O,28/11/2024 05:25,เก็บไว้ใช้,493,
11/14/2024_44258,14/11/2024 04:42,MTG รั่ว,New,"MTG bladder 22""23"" 0216-1-1666",MTG 21''22''23'' No.3,C,M19501,BNS19,B/O,16/11/2024 20:32,เก็บไว้ใช้,494,
2/10/2024_92119,14/11/2024 17:14,Size change ,Old,"MTG bladder 10""12"" 0216-1-1068","MTG 10"" No.2",C,M18201,Smart 21,Leak (รั่ว),04/12/2024 17:54,ทิ้ง,495,กลาง
15/11/2024_132422,15/11/2024 13:24,MTG รั่ว,New,"MTG bladder 22""23"" 0216-1-1666",MTG 21''22''23'' No.2,C,M13105,BNS18,B/O,20/11/2024 18:14,เก็บไว้ใช้,496,กลาง
8/22/2024_53150,16/11/2024 15:22,Size change ,Old,"Bladder turnup 16 "" 0137-1-1051","ETV.16"" No.1",AR,M10001,PAP19,B/O,16/12/2024 21:14,เก็บไว้ใช้,497,ด้านซ้าย
8/22/2024_52448,16/11/2024 15:24,Size change ,Old,"Biadder push 16"" 0136-1-1051","ETV.16"" No.1",AR,M10001,PAP19,B/O,16/12/2024 21:14,เก็บไว้ใช้,498,ด้านซ้าย
8/22/2024_5269,16/11/2024 15:25,Size change ,Old,"Bladder turnup 16 "" 0137-1-1051","ETV.16"" No.1",R,M10001,PAP19,B/O,16/12/2024 21:14,เก็บไว้ใช้,499,ด้านขวา
8/22/2024_54319,16/11/2024 15:27,Size change ,Old,"Biadder push 16"" 0136-1-1051","ETV.16"" No.1",R,M10001,PAP19,B/O,16/12/2024 21:13,เก็บไว้ใช้,500,ด้านขวา
21/10/2024_15822,16/11/2024 20:33,Size change ,Old,"MTG Bladder 16"" 0216-1-1266","MTG 16"" No.1",C,M10001,BNS19,B/O,17/12/2024 06:40,เก็บไว้ใช้,501,กลาง
11/17/2024_104113,17/11/2024 10:41,Bladder Turn up รั่ว,New,"Bladder turnup 10 "" 0239-1-1094 part store","ETV.10"" No.2",R,M18201,PAP21B,B/O,08/02/2025 16:56,เก็บไว้ใช้,502,
9/16/2024_152341,18/11/2024 09:33,Size change ,Old,"Bladder trunup23""0137-1-1036","ETV.23"" No.2",AR,M18801,PAP17,"Deform (เบี้ยว, ผิดรูปร่าง)",11/12/2024 20:58,ทิ้ง,503,
9/5/2024_93846,18/11/2024 09:35,Size change ,Old,"Bladder push23""0136-1-1036","ETV.23"" No.2",AR,M18801,PAP17,B/O,16/12/2024 08:25,เก็บไว้ใช้,504,
5/18/2024_11741,18/11/2024 09:36,Size change ,Old,"Bladder trunup23""0137-1-1036","ETV.23"" No.2",R,M18801,PAP17,B/O,11/12/2024 23:03,เก็บไว้ใช้,505,
9/5/2024_9406,18/11/2024 09:37,Size change ,Old,"Bladder push23""0136-1-1036","ETV.23"" No.2",R,M18801,PAP17,B/O,16/12/2024 08:25,เก็บไว้ใช้,506,
10/2/2024_125952,20/11/2024 05:02,Size change ,Old,"Bladder push23""0136-1-1036","ETV.23"" No.4",R,M19501,PAP20,B/O,03/12/2024 15:34,เก็บไว้ใช้,507,
10/2/2024_125210,20/11/2024 05:05,Size change ,Old,"Bladder trunup23""0137-1-1036","ETV.23"" No.4",R,M19501,PAP20,B/O,03/12/2024 15:34,เก็บไว้ใช้,508,
8/7/2024_201525,20/11/2024 05:06,Size change ,Old,"Bladder push23""0136-1-1036","ETV.23"" No.4",AR,M19501,PAP20,B/O,03/12/2024 15:33,เก็บไว้ใช้,509,ด้านซ้าย
8/7/2024_201627,20/11/2024 05:07,Size change ,Old,"Bladder trunup23""0137-1-1036","ETV.23"" No.4",AR,M19501,PAP20,B/O,03/12/2024 15:33,เก็บไว้ใช้,510,
26/10/2024_11253,20/11/2024 10:40,Size change ,Old,"MTG bladder 22""23"" 0216-1-1666",MTG 21''22''23'' No.1,C,M19501,BNS20,B/O,04/12/2024 00:14,เก็บไว้ใช้,511,
8/6/2024_103810,20/11/2024 11:09,Size change ,Old,"Bladder turnup 20"" 0137-1-1023","ETV.20"" No.2",AR,M01103,PAP18,B/O,19/12/2024 07:21,เก็บไว้ใช้,512,
20/11/2024_111148,20/11/2024 11:11,Size change ,New,"Bladder push 20"" 0136-1-1023","ETV.20"" No.2",AR,M01103,PAP18,B/O,19/12/2024 07:21,เก็บไว้ใช้,513,
9/7/2024_165158,20/11/2024 11:15,Size change ,Old,"Bladder turnup 20"" 0137-1-1023","ETV.20"" No.2",R,M01103,PAP18,B/O,19/12/2024 07:21,เก็บไว้ใช้,514,
8/6/2024_141916,20/11/2024 11:17,Size change ,Old,"Bladder push 20"" 0136-1-1023","ETV.20"" No.2",R,M01103,PAP18,B/O,19/12/2024 07:20,เก็บไว้ใช้,515,
20/9/2024_95635,20/11/2024 18:15,Size change ,Old,MTG bladder 0216-1-1670,MTG 21''22''23'' No.2,C,M01103,BNS18,Leak (รั่ว),16/12/2024 09:10,ทิ้ง,516,Air under (สะดือ)
6/5/2024_164831,22/11/2024 08:28,Size change ,Old,"Bladder turmup 14"" 0239-1-1112","ETV.14"" No.1",R,M15103,PAP21A,B/O,25/11/2024 20:45,เก็บไว้ใช้,517,
8/22/2024_2569,22/11/2024 08:29,Size change ,Old,"Bladder turmup 14"" 0239-1-1112","ETV.14"" No.1",AR,M15103,PAP21A,B/O,25/11/2024 20:45,เก็บไว้ใช้,518,
10/9/2024_21647,25/11/2024 20:45,Size change ,Old,"Bladder turnup 10 "" 0239-1-1094 part store","ETV.10"" No.1",AR,M18201,PAP21A,Leak (รั่ว),02/12/2024 18:57,ทิ้ง,519,ด้านซ้าย
10/9/2024_21746,25/11/2024 20:47,Size change ,Old,"Bladder turnup 10 "" 0239-1-1094 part store","ETV.10"" No.1",R,M18201,PAP21A,"Deform (เบี้ยว, ผิดรูปร่าง)",28/11/2024 13:04,ทิ้ง,520,
11/26/2024_14510,26/11/2024 01:45,"Bladder Turn up แตก, ฉีกขาด",New,"Bladder turnup 10 "" 0239-1-1094 part store","ETV.10"" No.2",AR,M18201,PAP21B,B/O,08/02/2025 16:56,เก็บไว้ใช้,521,
9/7/2024_162143,26/11/2024 17:38,Size change ,Old,"Bladder turnup 22"" 0137-1-1033","ETV.22"" No.3",AR,M42202,PAP12,B/O,18/12/2024 21:43,เก็บไว้ใช้,522,
9/7/2024_161822,26/11/2024 18:58,Size change ,Old,"Bladder push 22"" 0136-1-1033","ETV.22"" No.3",AR,M42202,PAP12,B/O,18/12/2024 21:43,เก็บไว้ใช้,523,
9/7/2024_162233,26/11/2024 18:59,Size change ,Old,"Bladder turnup 22"" 0137-1-1033","ETV.22"" No.3",R,M42202,PAP12,B/O,18/12/2024 21:42,เก็บไว้ใช้,524,
9/7/2024_162042,26/11/2024 19:01,Size change ,Old,"Bladder push 22"" 0136-1-1033","ETV.22"" No.3",R,M42202,PAP12,B/O,18/12/2024 21:42,เก็บไว้ใช้,525,
11/7/2024_21656,27/11/2024 12:10,Size change ,Old,"Bladder turnup 20"" 0137-1-1023","ETV.20"" No.3",AR,M01103,PAP13,B/O,19/12/2024 22:03,เก็บไว้ใช้,526,ด้านซ้าย
10/16/2024_235650,27/11/2024 12:13,Size change ,Old,"Bladder push 20"" 0136-1-1023","ETV.20"" No.3",AR,M01103,PAP13,B/O,19/12/2024 22:03,เก็บไว้ใช้,527,ด้านซ้าย
8/25/2024_10038,27/11/2024 12:14,Size change ,Old,"Bladder turnup 20"" 0137-1-1023","ETV.20"" No.3",R,M01103,PAP13,B/O,19/12/2024 22:03,เก็บไว้ใช้,528,ด้านขวา
10/17/2024_92942,27/11/2024 12:15,Size change ,Old,"Bladder turnup 20"" 0137-1-1023","ETV.20"" No.3",R,M01103,PAP13,Leak (รั่ว),15/12/2024 05:56,ทิ้ง,529,ด้านขวา
11/1/2024_18272,28/11/2024 05:26,Size change ,Old,"Bladder turnup 8"" 0239-1-1137","ETV.8"" No.1",AR,M21401,PAP16,Leak (รั่ว),01/12/2024 14:40,ทิ้ง,530,ด้านซ้าย
11/12/2024_124637,28/11/2024 05:29,Size change ,Old,"Bladder turnup 8"" 0239-1-1137","ETV.8"" No.1",R,M21401,PAP16,B/O,03/12/2024 01:52,เก็บไว้ใช้,531,
11/28/2024_13523,28/11/2024 13:05,Bladder Turn up เสียรูป,New,"Bladder turnup 10 "" 0239-1-1094 part store","ETV.10"" No.1",R,M18201,PAP21A,Bad material (วัสดุไม่ดี),04/12/2024 09:23,ทิ้ง,532,ด้านขวา
12/1/2024_144034,01/12/2024 14:40,Bladder Turn up รั่ว,New,"Bladder turnup 8"" 0239-1-1137","ETV.8"" No.1",AR,M21401,PAP16,B/O,03/12/2024 01:52,เก็บไว้ใช้,533,
12/2/2024_185813,02/12/2024 18:58,Bladder Turn up รั่ว,New,"Bladder turnup 10 "" 0239-1-1094 part store","ETV.10"" No.1",AR,M18201,PAP21A,B/O,12/12/2024 22:20,เก็บไว้ใช้,534,
12/3/2024_142427,03/12/2024 14:24,Size change ,New,"Bladder turnup 6"" 0181-1-1697","ETV.6"" No.1",AR,M08301,PAP16,B/O,13/12/2024 20:44,เก็บไว้ใช้,535,ด้านซ้าย
12/3/2024_14276,03/12/2024 14:27,Size change ,New,"Bladder turnup 6"" 0181-1-1697","ETV.6"" No.1",R,M08301,PAP16,Leak (รั่ว),08/12/2024 16:46,ทิ้ง,536,
7/11/2024_13758,04/12/2024 00:15,Size change ,Old,"Bladder Turn up 21"" 0137-1-1070","ETV.21"" No.2",AR,M20201,PAP20,B/O,04/12/2024 00:19,เก็บไว้ใช้,537,
14/9/2024_103236,04/12/2024 00:17,Size change ,Old,"Bladder push 21"" 0136-1-1070","ETV.21"" No.2",R,M20201,PAP20,Leak (รั่ว),04/12/2024 02:16,ทิ้ง,538,
7/11/2024_13758,04/12/2024 00:19,Size change ,Old,"Bladder Turn up 21"" 0137-1-1070","ETV.22"" No.2",R,M20201,PAP20,B/O,04/12/2024 00:21,เก็บไว้ใช้,539,
7/11/2024_13758,04/12/2024 00:20,Size change ,Old,"Bladder Turn up 21"" 0137-1-1070","ETV.21"" No.2",R,M20201,PAP20,B/O,17/12/2024 19:16,เก็บไว้ใช้,540,
12/11/2024_9024,04/12/2024 00:22,Size change ,Old,"Bladder Turn up 21"" 0137-1-1070","ETV.21"" No.2",AR,M20201,PAP20,B/O,17/12/2024 19:15,เก็บไว้ใช้,541,
22/7/2024_17512,04/12/2024 00:24,Size change ,Old,"Bladder push 21"" 0136-1-1070","ETV.21"" No.2",AR,M20201,PAP20,B/O,17/12/2024 19:15,เก็บไว้ใช้,542,
12/4/2024_02540,04/12/2024 00:25,Size change ,New,Bladder MTG 0216-1-1638,MTG 21''22''23'' No.1,C,M20201,BNS20,Leak (รั่ว),16/12/2024 00:46,ทิ้ง,543,กลาง
4/12/2024_21625,04/12/2024 02:16,Push bladder รั่ว,New,"Bladder push 21"" 0136-1-1070","ETV.21"" No.2",R,M20201,PAP20,B/O,17/12/2024 19:15,เก็บไว้ใช้,544,
12/4/2024_95713,04/12/2024 09:57,เกิดปัญหาด้าน Quality,New,"Bladder turnup 10 "" 0239-1-1094 part store","ETV.10"" No.1",R,M18201,PAP21A,,09/12/2024 01:29,เก็บไว้ใช้,545,ด้านขวา
12/4/2024_175228,04/12/2024 17:52,MTG,New,"MTG bladder 10""12"" 0216-1-1068","MTG 10"" No.2",C,M18201,Smart 21,B/O,12/12/2024 22:21,เก็บไว้ใช้,546,
8/12/2024_164627,08/12/2024 16:46,Bladder Turn up รั่ว,New,"Bladder turnup 6"" 0181-1-1697","ETV.6"" No.1",R,M08301,PAP16,B/O,13/12/2024 20:44,เก็บไว้ใช้,547,ด้านขวา
12/9/2024_13012,09/12/2024 01:30,Bladder Turn up เสียรูป,New,"Bladder turnup 10 "" 0239-1-1094 part store","ETV.10"" No.1",R,M18201,PAP21A,B/O,12/12/2024 22:20,เก็บไว้ใช้,548,
5/18/2024_11741,11/12/2024 23:02,Size change ,Old,"Bladder trunup23""0137-1-1036","ETV.23"" No.2",AR,M18801,PAP17,B/O,16/12/2024 08:25,เก็บไว้ใช้,549,
11/12/2024_23554,11/12/2024 23:05,Bladder Turn up เสียรูป,New,"Bladder trunup23""0137-1-1036","ETV.23"" No.2",R,M18801,PAP17,B/O,16/12/2024 08:24,เก็บไว้ใช้,550,
10/16/2024_17128,12/12/2024 22:21,Size change ,Old,"Bladder turnup 15"" 0114-1-1033 Part store","ETV.15"" No.4",AR,M08201,PAP21A,B/O,24/12/2024 20:36,เก็บไว้ใช้,551,
9/14/2024_1531,12/12/2024 22:23,Size change ,Old,"Bladder turnup 15"" 0114-1-1033 Part store","ETV.15"" No.4",R,M08201,PAP21A,"Deform (เบี้ยว, ผิดรูปร่าง)",17/12/2024 22:32,ทิ้ง,552,ด้านขวา
10/30/2024_202616,14/12/2024 18:46,Size change ,Old,"Bladder turnup 12"" 0239-1-1128","ETV.12"" No.1",AR,M20001,PAP16,Leak (รั่ว),25/12/2024 16:12,ทิ้ง,553,ด้านซ้าย
10/31/2024_192319,14/12/2024 18:48,Size change ,Old,"Bladder turnup 12"" 0239-1-1128","ETV.12"" No.1",R,M20001,PAP16,B/O,27/12/2024 05:41,เก็บไว้ใช้,554,
12/15/2024_55748,15/12/2024 05:57,Push bladder รั่ว,New,"Bladder push 20"" 0136-1-1023","ETV.20"" No.3",R,M01103,PAP13,B/O,19/12/2024 22:02,เก็บไว้ใช้,555,ด้านขวา
"December 16, 2024_04649",16/12/2024 00:46,MTG รั่ว,New,Bladder MTG 0216-1-1638,MTG 21''22''23'' No.1,C,M20201,BNS20,B/O,17/12/2024 22:09,เก็บไว้ใช้,556,
5/18/2024_11741,16/12/2024 08:25,Size change ,Old,"Bladder trunup23""0137-1-1036","ETV.23"" No.2",AR,Test,PAP17,B/O,20/12/2024 06:37,เก็บไว้ใช้,557,ด้านซ้าย
9/5/2024_93846,16/12/2024 08:28,Size change ,Old,"Bladder push23""0136-1-1036","ETV.23"" No.2",R,Test,PAP17,B/O,20/12/2024 06:37,เก็บไว้ใช้,558,ด้านซ้าย
11/12/2024_23554,16/12/2024 08:29,Size change ,Old,"Bladder trunup23""0137-1-1036","ETV.23"" No.2",R,Test,PAP17,B/O,20/12/2024 06:37,เก็บไว้ใช้,559,ด้านขวา
9/5/2024_9406,16/12/2024 08:30,Size change ,Old,"Bladder push23""0136-1-1036","ETV.23"" No.2",R,Test,PAP17,B/O,20/12/2024 06:36,เก็บไว้ใช้,560,ด้านขวา
16/12/2024_91113,16/12/2024 09:11,MTG รั่ว,New,MTG bladder 0216-1-1670,MTG 21''22''23'' No.2,C,M01103,BNS18,B/O,19/12/2024 15:40,เก็บไว้ใช้,561,กลาง
8/7/2024_201627,16/12/2024 21:15,Size change ,Old,"Bladder trunup23""0137-1-1036","ETV.23"" No.4",AR,M19501,PAP19,B/O,09/01/2025 17:38,เก็บไว้ใช้,562,ด้านซ้าย
8/7/2024_201525,16/12/2024 21:18,Size change ,Old,"Bladder push23""0136-1-1036","ETV.23"" No.4",AR,M19501,PAP19,B/O,09/01/2025 17:38,เก็บไว้ใช้,563,ด้านซ้าย
10/2/2024_125210,16/12/2024 21:21,Size change ,Old,"Bladder trunup23""0137-1-1036","ETV.23"" No.4",R,M19501,PAP19,B/O,09/01/2025 17:37,เก็บไว้ใช้,564,ด้านขวา
10/2/2024_125952,16/12/2024 21:23,Size change ,Old,"Bladder push23""0136-1-1036","ETV.23"" No.4",R,M19501,PAP19,B/O,09/01/2025 17:37,เก็บไว้ใช้,565,ด้านขวา
11/14/2024_44258,17/12/2024 06:40,Size change ,Old,"MTG bladder 22""23"" 0216-1-1666",MTG 21''22''23'' No.3,C,M19501,BNS19,B/O,10/01/2025 05:30,เก็บไว้ใช้,566,
12/11/2024_9024,17/12/2024 22:09,Size change ,Old,"Blabber trumup21"" 0137-1-1070","ETV.21"" No.2",AR,M19001,PAP20,B/O,03/01/2025 09:12,เก็บไว้ใช้,567,
22/7/2024_17512,17/12/2024 22:10,Size change ,Old,"Bladder push 21"" 0136-1-1070","ETV.21"" No.2",AR,M19001,PAP20,B/O,03/01/2025 09:12,เก็บไว้ใช้,568,
7/11/2024_13758,17/12/2024 22:12,Size change ,Old,"Blabber trumup21"" 0137-1-1070","ETV.21"" No.2",R,M19001,PAP20,"Deform (เบี้ยว, ผิดรูปร่าง)",25/12/2024 01:29,ทิ้ง,569,
4/12/2024_21625,17/12/2024 22:14,Size change ,Old,"Bladder push 21"" 0136-1-1070","ETV.21"" No.2",R,M19001,PAP20,B/O,03/01/2025 09:11,เก็บไว้ใช้,570,
17/12/2024_22155,17/12/2024 22:15,Size change ,New,MTG bladder 0216-1-1670,MTG 21''22''23'' No.1,C,M19001,BNS20,B/O,03/01/2025 09:03,เก็บไว้ใช้,571,
12/17/2024_22330,17/12/2024 22:33,Bladder Turn up เสียรูป,New,"Bladder turnup 15"" 0114-1-1033 Part store","ETV.15"" No.4",R,M08201,PAP21A,B/O,24/12/2024 20:36,เก็บไว้ใช้,572,
23/8/2024_71459,18/12/2024 21:53,Extension รั่ว,Old,"Bladder turnup 22"" 0137-1-1033","ETV.22"" No.4",AR,M12302,PAP12,B/O,23/12/2024 13:56,เก็บไว้ใช้,573,
23/8/2024_7197,18/12/2024 21:55,Extension รั่ว,Old,"Bladder push 22"" 0136-1-1033","ETV.22"" No.4",AR,M12302,PAP12,B/O,23/12/2024 13:56,เก็บไว้ใช้,574,
23/8/2024_7226,18/12/2024 21:56,Extension รั่ว,Old,"Bladder push 22"" 0136-1-1033","ETV.22"" No.4",R,M12302,PAP12,B/O,23/12/2024 13:55,เก็บไว้ใช้,575,
23/8/2024_72034,18/12/2024 21:57,Extension รั่ว,Old,"Bladder turnup 22"" 0137-1-1033","ETV.22"" No.4",R,M12302,PAP12,B/O,23/12/2024 13:55,เก็บไว้ใช้,576,
16/12/2024_91113,19/12/2024 15:40,Size change ,Old,MTG bladder 0216-1-1670,MTG 21''22''23'' No.2,C,M21701,BNS18,B/O,25/12/2024 14:08,เก็บไว้ใช้,577,
9/13/2024_221448,19/12/2024 16:57,Size change ,Old,"Bladder turnup 22"" 0137-1-1033","ETV.22"" No.2",AR,M21701,PAP18,B/O,26/12/2024 09:38,เก็บไว้ใช้,578,
11/13/2024_5312,19/12/2024 17:00,Size change ,Old,"Bladder push 22"" 0136-1-1033","ETV.22"" No.2",AR,M21701,PAP18,B/O,26/12/2024 09:37,เก็บไว้ใช้,579,
9/13/2024_221528,19/12/2024 17:02,Size change ,Old,"Bladder turnup 22"" 0137-1-1033","ETV.22"" No.2",R,M21701,PAP18,B/O,26/12/2024 09:37,เก็บไว้ใช้,580,
9/3/2024_14245,19/12/2024 17:03,Size change ,Old,"Bladder push 22"" 0136-1-1033","ETV.22"" No.2",R,M21701,PAP18,Leak (รั่ว),20/12/2024 13:32,ทิ้ง,581,
10/26/2024_52625,19/12/2024 22:04,Size change ,Old,"Bladder trunup23""0137-1-1036","ETV.23"" No.1",AR,M05102,PAP13,B/O,25/01/2025 10:36,เก็บไว้ใช้,582,
6/9/2024_34017,19/12/2024 22:07,Size change ,Old,"Bladder push23""0136-1-1036","ETV.23"" No.1",AR,M05102,PAP13,B/O,19/12/2024 22:09,เก็บไว้ใช้,583,ด้านซ้าย
9/5/2024_105039,19/12/2024 22:07,Size change ,Old,"Bladder trunup23""0137-1-1036","ETV.23"" No.1",R,M05102,PAP13,B/O,19/12/2024 22:10,เก็บไว้ใช้,584,ด้านขวา
9/5/2024_105039,19/12/2024 22:08,Size change ,Old,"Bladder push23""0136-1-1036","ETV.23"" No.1",AR,M05102,PAP13,B/O,25/01/2025 10:36,เก็บไว้ใช้,585,
11/8/2024_1719,19/12/2024 22:11,Size change ,Old,"Bladder trunup23""0137-1-1036","ETV.23"" No.1",R,M05102,PAP13,B/O,25/01/2025 10:36,เก็บไว้ใช้,586,
9/17/2024_15246,19/12/2024 22:13,Size change ,Old,"Bladder push23""0136-1-1036","ETV.23"" No.1",R,M05102,PAP13,Leak (รั่ว),06/01/2025 08:54,ทิ้ง,587,ด้านขวา
9/5/2024_9406,20/12/2024 06:38,Size change ,Old,"Bladder push23""0136-1-1036","ETV.23"" No.2",R,M18801,PAP17,Leak (รั่ว),11/01/2025 15:43,ทิ้ง,588,ด้านขวา
9/5/2024_93846,20/12/2024 06:39,Size change ,Old,"Bladder push23""0136-1-1036","ETV.23"" No.2",AR,M18801,PAP17,B/O,08/03/2025 03:25,เก็บไว้ใช้,589,
11/12/2024_23554,20/12/2024 06:41,Size change ,Old,"Bladder trunup23""0137-1-1036","ETV.23"" No.2",R,M18801,PAP17,"Deform (เบี้ยว, ผิดรูปร่าง)",11/01/2025 15:42,ทิ้ง,590,ด้านขวา
5/18/2024_11741,20/12/2024 06:42,Size change ,Old,"Bladder trunup23""0137-1-1036","ETV.23"" No.2",AR,M18801,PAP17,B/O,08/03/2025 03:25,เก็บไว้ใช้,591,
12/20/2024_135038,20/12/2024 13:50,Push bladder รั่ว,New,"Bladder push 22"" 0136-1-1033","ETV.22"" No.2",R,M21701,PAP18,B/O,26/12/2024 09:37,เก็บไว้ใช้,592,
12/20/2024_22540,20/12/2024 22:05,Push bladder รั่ว,New,"Bladder turnup 15"" 0114-1-1033 Part store","ETV.15"" No.1",AR,M08201,PAP14,B/O,13/01/2025 18:03,เก็บไว้ใช้,593,ด้านซ้าย
12/21/2024_195352,21/12/2024 19:53,Bladder Turn up เสียรูป,New,"Bladder turnup 20"" 0137-1-1023","ETV.20"" No.1",R,M01103,PAP11,"Deform (เบี้ยว, ผิดรูปร่าง)",10/04/2025 18:02,ทิ้ง,594,ด้านขวา
11/7/2024_21656,23/12/2024 15:55,Size change ,Old,"Bladder turnup 20"" 0137-1-1023","ETV.20"" No.3",AR,M01103,PAP12,"Deform (เบี้ยว, ผิดรูปร่าง)",09/01/2025 20:04,ทิ้ง,595,ด้านซ้าย
10/16/2024_235650,23/12/2024 15:59,Size change ,Old,"Bladder push 20"" 0136-1-1023","ETV.20"" No.3",AR,M01103,PAP12,B/O,21/01/2025 13:48,เก็บไว้ใช้,596,
8/25/2024_10038,23/12/2024 16:01,Size change ,Old,"Bladder turnup 20"" 0137-1-1023","ETV.20"" No.3",R,M01103,PAP12,"Deform (เบี้ยว, ผิดรูปร่าง)",09/01/2025 20:03,ทิ้ง,597,ด้านขวา
12/15/2024_55748,23/12/2024 16:03,Size change ,Old,"Bladder push 20"" 0136-1-1023","ETV.20"" No.3",R,M01103,PAP12,B/O,21/01/2025 13:48,เก็บไว้ใช้,598,
13/11/2024_185326,24/12/2024 20:36,Size change ,Old,"Bladder turmup 14"" 0239-1-1112","ETV.14"" No.2",AR,M15702,PAP21A,"Deform (เบี้ยว, ผิดรูปร่าง)",24/12/2024 21:31,ทิ้ง,599,
10/18/2024_23151,24/12/2024 20:38,Size change ,Old,"Bladder turmup 14"" 0239-1-1112","ETV.14"" No.2",R,M15702,PAP21A,Leak (รั่ว),04/01/2025 18:49,ทิ้ง,600,ด้านขวา
24/12/2024_213149,24/12/2024 21:31,Bladder Turn up เสียรูป,New,"Bladder turmup 14"" 0239-1-1112","ETV.14"" No.2",AR,M15702,PAP21A,B/O,07/01/2025 09:33,เก็บไว้ใช้,601,
25/12/2024_12943,25/12/2024 01:29,Bladder Turn up เสียรูป,New,"Bladder Turn up 21"" 0137-1-1070","ETV.21"" No.2",R,M19001,PAP20,B/O,03/01/2025 09:11,เก็บไว้ใช้,602,
25/12/2024_9137,25/12/2024 09:13,Size change ,New,"Bladder turnup 15"" 0114-1-1032","ETV.15"" No.2",AR,M15501,PAP14,B/O,06/01/2025 21:19,เก็บไว้ใช้,603,ด้านซ้าย
25/12/2024_91546,25/12/2024 09:15,Size change ,New,"Bladder turnup 15"" 0114-1-1032","ETV.15"" No.2",R,M15501,PAP14,B/O,06/01/2025 21:18,เก็บไว้ใช้,604,ด้านขวา
25/12/2024_14125,25/12/2024 14:12,Size change ,New,"Bladder turnup 22"" 0137-1-1033","ETV.22"" No.3",AR,M13105,BNS18,B/O,17/01/2025 12:58,เก็บไว้ใช้,605,
9/7/2024_161822,25/12/2024 14:16,Size change ,Old,"Bladder push 22"" 0136-1-1033","ETV.22"" No.3",AR,M13105,PAP18,B/O,17/01/2025 12:57,เก็บไว้ใช้,606,
25/12/2024_154551,25/12/2024 15:45,Size change ,New,"Bladder turnup 22"" 0137-1-1033","ETV.22"" No.3",R,M13105,PAP18,B/O,17/01/2025 12:57,เก็บไว้ใช้,607,
9/7/2024_162042,25/12/2024 15:46,Size change ,Old,"Bladder push 20"" 0136-1-1023","ETV.22"" No.3",R,M13105,PAP18,B/O,17/01/2025 12:56,เก็บไว้ใช้,608,
26/10/2024_11253,25/12/2024 15:47,Size change ,Old,"MTG bladder 22""23"" 0216-1-1666",MTG 21''22''23'' No.2,C,M13105,BNS18,Leak (รั่ว),16/01/2025 12:50,ทิ้ง,609,
12/25/2024_161316,25/12/2024 16:13,Bladder Turn up รั่ว,New,"Bladder turnup 12"" 0239-1-1128","ETV.12"" No.1",AR,M20001,PAP16,B/O,27/12/2024 05:41,เก็บไว้ใช้,610,
5/5/2024_131521,27/12/2024 05:46,Size change ,Old,"MTG bladder 8"" 0216-1-1074","MTG 8""9'' No.1",C,M15601,BNS16,B/O,05/02/2025 01:28,เก็บไว้ใช้,611,
12/1/2024_144034,27/12/2024 05:48,Size change ,Old,"Bladder turnup 8"" 0239-1-1137","ETV.8"" No.1",AR,M15601,PAP16,Leak (รั่ว),04/01/2025 01:48,ทิ้ง,612,
11/12/2024_124637,27/12/2024 05:50,Size change ,Old,"Bladder turnup 8"" 0239-1-1137","ETV.8"" No.1",R,M15601,PAP16,Leak (รั่ว),28/12/2024 09:09,ทิ้ง,613,ด้านขวา
12/28/2024_9953,28/12/2024 09:09,Bladder Turn up รั่ว,New,"Bladder turnup 8"" 0239-1-1137","ETV.8"" No.1",R,M15601,PAP16,Leak (รั่ว),06/01/2025 06:46,ทิ้ง,614,
17/12/2024_22155,03/01/2025 09:03,Size change ,Old,MTG bladder 0216-1-1670,MTG 21''22''23'' No.1,C,M21202,BNS20,Leak (รั่ว),05/01/2025 03:17,ทิ้ง,615,กลาง
12/11/2024_9024,03/01/2025 09:08,Size change ,Old,"Bladder Turn up 21"" 0137-1-1070","ETV.21"" No.2",AR,M21202,PAP20,"Deform (เบี้ยว, ผิดรูปร่าง)",13/01/2025 22:44,ทิ้ง,616,
22/7/2024_17512,03/01/2025 09:15,Size change ,Old,"Bladder push 21"" 0136-1-1070","ETV.21"" No.2",AR,M21202,PAP20,B/O,16/01/2025 16:47,เก็บไว้ใช้,617,
25/12/2024_12943,03/01/2025 09:16,Size change ,Old,"Bladder Turn up 21"" 0137-1-1070","ETV.21"" No.2",R,M21202,PAP20,"Deform (เบี้ยว, ผิดรูปร่าง)",15/01/2025 11:10,ทิ้ง,618,ด้านขวา
4/12/2024_21625,03/01/2025 09:19,Size change ,Old,"Bladder push 21"" 0136-1-1070","ETV.21"" No.2",R,M21202,PAP20,B/O,16/01/2025 16:47,เก็บไว้ใช้,619,
1/4/2025_14921,04/01/2025 01:49,Bladder Turn up รั่ว,New,"Bladder turnup 8"" 0239-1-1137","ETV.8"" No.1",AR,M15601,PAP16,Leak (รั่ว),07/01/2025 19:23,ทิ้ง,620,
1/4/2025_185017,04/01/2025 18:50,Bladder Turn up รั่ว,New,"Bladder turmup 14"" 0239-1-1112","ETV.14"" No.2",R,M15702,PAP21A,B/O,07/01/2025 09:33,เก็บไว้ใช้,621,
16/12/2024_91113,05/01/2025 03:18,MTG รั่ว,Old,MTG bladder 0216-1-1670,MTG 21''22''23'' No.1,C,M21202,BNS20,B/O,16/01/2025 20:19,เก็บไว้ใช้,622,
6/1/2025_6479,06/01/2025 06:47,Bladder Turn up รั่ว,New,"Bladder turnup 8"" 0239-1-1137","ETV.8"" No.1",R,M15601,PAP16,B/O,08/01/2025 09:25,เก็บไว้ใช้,623,
1/6/2025_85430,06/01/2025 08:54,Push bladder รั่ว,New,"Bladder push23""0136-1-1036","ETV.23"" No.1",R,M05102,PAP13,B/O,25/01/2025 10:36,เก็บไว้ใช้,624,
10/16/2024_17128,06/01/2025 21:19,Size change ,Old,"Bladder turnup 15"" 0114-1-1033 Part store","ETV.15"" No.4",AR,M08201,PAP14,B/O,28/01/2025 08:35,เก็บไว้ใช้,625,
12/17/2024_22330,06/01/2025 21:23,Size change ,Old,"Bladder turnup 15"" 0114-1-1033 Part store","ETV.15"" No.4",R,M08201,PAP14,B/O,28/01/2025 08:35,เก็บไว้ใช้,626,
1/4/2025_185017,07/01/2025 09:33,Size change ,Old,"Bladder turmup 14"" 0239-1-1112","ETV.14"" No.2",R,M15105 / EL,PAP21A,B/O,13/01/2025 17:51,เก็บไว้ใช้,627,
24/12/2024_213149,07/01/2025 09:37,Size change ,Old,"Bladder turmup 14"" 0239-1-1112","ETV.14"" No.2",AR,M15105 / EL,PAP21A,B/O,13/01/2025 17:51,เก็บไว้ใช้,628,ด้านซ้าย
7/1/2025_192316,07/01/2025 19:23,Bladder Turn up รั่ว,New,"Bladder turnup 8"" 0239-1-1137","ETV.8"" No.1",AR,M15601,PAP16,B/O,08/01/2025 09:25,เก็บไว้ใช้,629,
12/25/2024_161316,08/01/2025 09:26,Size change ,Old,"Bladder turnup 12"" 0239-1-1128","ETV.12"" No.1",AR,M13702,PAP16,B/O,28/01/2025 20:08,เก็บไว้ใช้,630,
10/31/2024_192319,08/01/2025 09:30,Size change ,Old,"Bladder turnup 12"" 0239-1-1128","ETV.12"" No.1",R,M13702,PAP16,Leak (รั่ว),10/01/2025 08:19,ทิ้ง,631,ด้านขวา
8/6/2024_103810,09/01/2025 17:39,Size change ,Old,"Bladder turnup 20"" 0137-1-1023","ETV.20"" No.2",AR,M01103,PAP19,B/O,05/02/2025 19:02,เก็บไว้ใช้,632,
9/7/2024_165158,09/01/2025 17:40,Size change ,Old,"Bladder turnup 20"" 0137-1-1023","ETV.20"" No.2",R,M01103,PAP19,B/O,05/02/2025 19:02,เก็บไว้ใช้,633,
8/6/2024_141916,09/01/2025 17:41,Size change ,Old,"Bladder push 20"" 0136-1-1023","ETV.20"" No.2",R,M01103,PAP19,B/O,05/02/2025 19:01,เก็บไว้ใช้,634,
1/9/2025_174238,09/01/2025 17:42,Size change ,New,"Bladder push 20"" 0136-1-1023","ETV.20"" No.2",AR,M01103,PAP19,B/O,05/02/2025 19:01,เก็บไว้ใช้,635,
1/9/2025_20433,09/01/2025 20:04,Bladder Turn up เสียรูป,New,"Bladder turnup 20"" 0137-1-1023","ETV.20"" No.3",AR,M01103,PAP12,B/O,21/01/2025 13:48,เก็บไว้ใช้,636,
1/9/2025_20525,09/01/2025 20:05,Bladder Turn up เสียรูป,New,"Bladder turnup 20"" 0137-1-1023","ETV.20"" No.3",R,M01103,PAP12,B/O,21/01/2025 13:47,เก็บไว้ใช้,637,
10/1/2025_53120,10/01/2025 05:31,Size change ,New,MTG bladder 0216-1-1670,MTG 21''22''23'' No.3,C,M01103,BNS19,B/O,07/02/2025 16:49,เก็บไว้ใช้,638,กลาง
1/10/2025_81925,10/01/2025 08:19,Bladder Turn up รั่ว,New,"Bladder turnup 12"" 0239-1-1128","ETV.12"" No.1",R,M13702,PAP16,B/O,28/01/2025 20:08,เก็บไว้ใช้,639,
1/10/2025_91514,10/01/2025 09:15,Push bladder รั่ว,New,"Bladder push 20"" 0136-1-1023","ETV.20"" No.1",R,M01103,PAP11,Leak (รั่ว),08/02/2025 08:38,ทิ้ง,640,
1/11/2025_154328,11/01/2025 15:43,Bladder Turn up เสียรูป,New,"Bladder trunup23""0137-1-1036","ETV.23"" No.2",R,M18801,PAP17,B/O,08/03/2025 03:25,เก็บไว้ใช้,641,
1/11/2025_154442,11/01/2025 15:44,Push bladder จุกชำรุด,New,"Bladder push23""0136-1-1036","ETV.23"" No.2",R,M18801,PAP17,B/O,08/03/2025 03:25,เก็บไว้ใช้,642,
10/21/2024_04940,13/01/2025 18:03,Size change ,Old,"Bladder turnup 15"" 0114-1-1033 Part store","ETV.15"" No.1",R,M08201,PAP21A,B/O,20/01/2025 07:56,เก็บไว้ใช้,643,
12/20/2024_22540,13/01/2025 18:06,Size change ,Old,"Bladder turnup 15"" 0114-1-1033 Part store","ETV.15"" No.1",AR,M08201,PAP21A,B/O,20/01/2025 07:56,เก็บไว้ใช้,644,
13/1/2025_224514,13/01/2025 22:45,Bladder Turn up เสียรูป,New,"Bladder Turn up 21"" 0137-1-1070","ETV.21"" No.2",AR,M21202,PAP20,B/O,16/01/2025 16:47,เก็บไว้ใช้,645,
15/1/2025_111027,15/01/2025 11:10,Bladder Turn up เสียรูป,New,"Bladder Turn up 21"" 0137-1-1070","ETV.21"" No.2",R,M21202,PAP20,B/O,16/01/2025 16:47,เก็บไว้ใช้,646,
15/11/2024_132422,16/01/2025 12:51,MTG รั่ว,Old,"MTG bladder 22""23"" 0216-1-1666",MTG 21''22''23'' No.2,C,M13105,BNS18,B/O,17/01/2025 21:36,เก็บไว้ใช้,647,กลาง
16/1/2025_143221,16/01/2025 14:32,Size change ,New,"Bladder turnup 15"" 0114-1-1033 Part store","ETV.15"" No.3",AR,M08201,PAP21B,B/O,06/02/2025 08:36,เก็บไว้ใช้,648,ด้านซ้าย
16/1/2025_143328,16/01/2025 14:33,Size change ,New,"Bladder turnup 15"" 0114-1-1033 Part store","ETV.15"" No.3",R,M08201,PAP21B,B/O,06/02/2025 08:35,เก็บไว้ใช้,649,ด้านขวา
8/7/2024_201627,16/01/2025 16:48,Size change ,Old,"Bladder trunup23""0137-1-1036","ETV.23"" No.4",AR,M19501,PAP20,B/O,25/01/2025 15:57,เก็บไว้ใช้,650,
8/7/2024_201525,16/01/2025 16:49,Size change ,Old,"Bladder push23""0136-1-1036","ETV.23"" No.4",AR,M19501,PAP20,B/O,25/01/2025 15:57,เก็บไว้ใช้,651,
10/2/2024_125210,16/01/2025 16:50,Size change ,Old,"Bladder trunup23""0137-1-1036","ETV.23"" No.4",R,M19501,PAP20,B/O,25/01/2025 15:57,เก็บไว้ใช้,652,
10/2/2024_125952,16/01/2025 16:52,Size change ,Old,"Bladder push23""0136-1-1036","ETV.23"" No.4",R,M19501,PAP20,B/O,25/01/2025 15:56,เก็บไว้ใช้,653,
11/14/2024_44258,16/01/2025 20:20,Size change ,Old,"MTG bladder 22""23"" 0216-1-1666",MTG 21''22''23'' No.1,C,M19501,BNS20,Leak (รั่ว),28/01/2025 14:13,ทิ้ง,654,
13/1/2025_224514,17/01/2025 12:58,Size change ,Old,"Bladder Turn up 21"" 0137-1-1070","ETV.21"" No.2",AR,M19001,PAP18,B/O,24/01/2025 15:52,เก็บไว้ใช้,655,
22/7/2024_17512,17/01/2025 13:02,Size change ,Old,"Bladder push 21"" 0136-1-1070","ETV.21"" No.2",AR,M19001,PAP18,B/O,24/01/2025 15:53,เก็บไว้ใช้,656,
15/1/2025_111027,17/01/2025 13:03,Size change ,Old,"Bladder Turn up 21"" 0137-1-1070","ETV.21"" No.2",R,M19001,PAP18,B/O,24/01/2025 15:52,เก็บไว้ใช้,657,
4/12/2024_21625,17/01/2025 13:04,Size change ,Old,"Bladder push 21"" 0136-1-1070","ETV.21"" No.2",R,M19001,PAP18,B/O,24/01/2025 15:53,เก็บไว้ใช้,658,
16/12/2024_91113,17/01/2025 21:36,Size change ,Old,MTG bladder 0216-1-1670,MTG 21''22''23'' No.2,C,M19001,PAP18,B/O,18/01/2025 14:51,เก็บไว้ใช้,659,กลาง
16/12/2024_91113,18/01/2025 18:15,Size change ,Old,MTG bladder 0216-1-1670,MTG 21''22''23'' No.2,C,M19001,BNS18,B/O,25/01/2025 05:06,เก็บไว้ใช้,660,
1/20/2025_92121,20/01/2025 09:21,Size change ,New,"Bladder turmup 14"" 0239-1-1112","ETV.14"" No.2",R,M15105 / EL,PAP21A,B/O,03/02/2025 11:18,เก็บไว้ใช้,661,
24/12/2024_213149,20/01/2025 09:24,Size change ,Old,"Bladder turmup 14"" 0239-1-1112","ETV.14"" No.2",AR,M15105 / EL,PAP21A,B/O,03/02/2025 11:18,เก็บไว้ใช้,662,
23/8/2024_7197,21/01/2025 13:48,Size change ,Old,"Bladder push 22"" 0136-1-1033","ETV.22"" No.2",AR,M42203,PAP12,B/O,21/01/2025 13:53,เก็บไว้ใช้,663,
23/8/2024_71459,21/01/2025 13:50,Size change ,Old,"Bladder turnup 22"" 0137-1-1033","ETV.22"" No.2",AR,M42203,PAP12,B/O,28/01/2025 21:53,เก็บไว้ใช้,664,ด้านซ้าย
23/8/2024_7226,21/01/2025 13:51,Size change ,Old,"Bladder push 22"" 0136-1-1033","ETV.22"" No.2",R,M42203,PAP12,B/O,28/01/2025 21:52,เก็บไว้ใช้,665,ด้านขวา
23/8/2024_7226,21/01/2025 13:53,Size change ,Old,"Bladder push 22"" 0136-1-1033","ETV.22"" No.2",R,M42203,PAP12,B/O,21/01/2025 13:55,เก็บไว้ใช้,666,
23/8/2024_7197,21/01/2025 13:54,Size change ,Old,"Bladder push 22"" 0136-1-1033","ETV.22"" No.2",AR,M42203,PAP12,Leak (รั่ว),28/01/2025 21:42,ทิ้ง,667,ด้านซ้าย
23/8/2024_72034,21/01/2025 13:57,Size change ,Old,"Bladder turnup 22"" 0137-1-1033","ETV.22"" No.2",R,M42203,PAP12,B/O,28/01/2025 21:51,เก็บไว้ใช้,668,กลาง
8/22/2024_53150,22/01/2025 05:21,Size change ,Old,"Bladder turnup 16 "" 0137-1-1051","ETV.16"" No.1",AR,M10001,PAP19,B/O,22/01/2025 18:54,เก็บไว้ใช้,669,
8/22/2024_52448,22/01/2025 05:24,Size change ,Old,"Biadder push 16"" 0136-1-1051","ETV.16"" No.1",AR,M10001,PAP19,B/O,22/01/2025 18:54,เก็บไว้ใช้,670,
8/22/2024_5269,22/01/2025 05:25,Size change ,Old,"Bladder turnup 16 "" 0137-1-1051","ETV.16"" No.1",R,M10001,PAP19,B/O,22/01/2025 18:54,เก็บไว้ใช้,671,
8/22/2024_54319,22/01/2025 05:26,Size change ,Old,"Biadder push 16"" 0136-1-1051","ETV.16"" No.1",R,M10001,PAP19,B/O,22/01/2025 18:54,เก็บไว้ใช้,672,
13/1/2025_224514,24/01/2025 15:54,Size change ,Old,"Bladder Turn up 21"" 0137-1-1070","ETV.21"" No.2",AR,M20201,PAP18,B/O,30/01/2025 23:45,เก็บไว้ใช้,673,
22/7/2024_17512,24/01/2025 15:56,Size change ,Old,"Bladder push 21"" 0136-1-1070","ETV.21"" No.2",AR,M20201,PAP18,B/O,30/01/2025 23:45,เก็บไว้ใช้,674,
15/1/2025_111027,24/01/2025 15:58,Size change ,Old,"Bladder Turn up 21"" 0137-1-1070","ETV.21"" No.2",R,M20201,PAP18,B/O,30/01/2025 23:45,เก็บไว้ใช้,675,
4/12/2024_21625,24/01/2025 16:01,Size change ,Old,"Bladder push 21"" 0136-1-1070","ETV.21"" No.2",R,M20201,PAP18,B/O,30/01/2025 23:45,เก็บไว้ใช้,676,
"December 16, 2024_04649",25/01/2025 05:06,Size change ,Old,Bladder MTG 0216-1-1638,MTG 21''22''23'' No.2,C,M20201,BNS18,B/O,31/01/2025 09:30,เก็บไว้ใช้,677,
1/9/2025_20433,25/01/2025 14:30,Size change ,Old,"Bladder turnup 20"" 0137-1-1023","ETV.20"" No.3",AR,M01103,PAP13,B/O,26/02/2025 10:59,เก็บไว้ใช้,678,
10/16/2024_235650,25/01/2025 14:33,Size change ,Old,"Bladder push 20"" 0136-1-1023","ETV.20"" No.3",AR,M01103,PAP13,B/O,26/02/2025 10:59,เก็บไว้ใช้,679,
1/9/2025_20525,25/01/2025 14:35,Size change ,Old,"Bladder turnup 20"" 0137-1-1023","ETV.20"" No.3",R,M01103,PAP13,"Deform (เบี้ยว, ผิดรูปร่าง)",24/02/2025 00:46,ทิ้ง,680,
12/15/2024_55748,25/01/2025 14:39,Size change ,Old,"Bladder push 20"" 0136-1-1023","ETV.20"" No.3",R,M01103,PAP13,B/O,26/02/2025 10:58,เก็บไว้ใช้,681,
9/9/2024_134121,25/01/2025 15:58,Extension รั่ว,Old,"Bladder trunup23""0137-1-1036","ETV.23"" No.3",AR,M19501,PAP20,B/O,25/01/2025 16:08,เก็บไว้ใช้,682,ด้านซ้าย
6/10/2024_81827,25/01/2025 16:01,Extension รั่ว,Old,"Bladder trunup23""0137-1-1036","ETV.23"" No.3",R,M19501,PAP20,B/O,30/01/2025 23:53,เก็บไว้ใช้,683,
6/24/2024_134942,25/01/2025 16:03,Extension รั่ว,Old,"Bladder push23""0136-1-1036","ETV.23"" No.3",R,M19501,PAP20,B/O,30/01/2025 23:53,เก็บไว้ใช้,684,
9/9/2024_133920,25/01/2025 16:05,Extension รั่ว,Old,"Bladder trunup23""0137-1-1036","ETV.23"" No.3",AR,M19501,PAP20,B/O,30/01/2025 23:53,เก็บไว้ใช้,685,
9/9/2024_134121,25/01/2025 16:07,Extension รั่ว,Old,"Bladder push23""0136-1-1036","ETV.23"" No.3",AR,M19501,PAP20,B/O,30/01/2025 23:52,เก็บไว้ใช้,686,
25/12/2024_91546,28/01/2025 08:36,Size change ,Old,"Bladder turnup 15"" 0114-1-1032","ETV.15"" No.2",R,M15501,PAP14,B/O,11/02/2025 14:49,เก็บไว้ใช้,687,ด้านขวา
25/12/2024_9137,28/01/2025 08:41,Size change ,Old,"Bladder turnup 15"" 0114-1-1032","ETV.15"" No.2",AR,M15501,PAP14,B/O,11/02/2025 14:48,เก็บไว้ใช้,688,ด้านซ้าย
10/18/2024_23151,28/01/2025 14:14,MTG รั่ว,Old,"MTG bladder 22""23"" 0216-1-1666",MTG 21''22''23'' No.1,C,M19501,BNS20,B/O,31/01/2025 05:07,เก็บไว้ใช้,689,
7/1/2025_192316,28/01/2025 20:09,Size change ,Old,"Bladder turnup 8"" 0239-1-1137","ETV.8"" No.1",AR,M13301,PAP16,Leak (รั่ว),31/01/2025 21:21,ทิ้ง,690,
6/1/2025_6479,28/01/2025 21:40,Size change ,Old,"Bladder turnup 8"" 0239-1-1137","ETV.8"" No.1",R,M13301,PAP16,,31/01/2025 21:18,เก็บไว้ใช้,691,
1/28/2025_214230,28/01/2025 21:42,Push bladder รั่ว,New,"Bladder push 22"" 0136-1-1033","ETV.22"" No.4",AR,M42203,PAP12,B/O,08/03/2025 03:27,เก็บไว้ใช้,692,
23/8/2024_72034,28/01/2025 21:53,Size change ,Old,"Bladder push 22"" 0136-1-1033","ETV.22"" No.4",R,M42203,PAP12,B/O,28/01/2025 22:02,เก็บไว้ใช้,693,ด้านขวา
23/8/2024_7226,28/01/2025 21:54,Size change ,Old,"Bladder push 20"" 0136-1-1023","ETV.22"" No.4",R,M42203,PAP12,B/O,08/03/2025 03:27,เก็บไว้ใช้,694,
23/8/2024_71459,28/01/2025 21:55,Size change ,Old,"Bladder turnup 22"" 0137-1-1033","ETV.22"" No.4",AR,M42203,PAP12,B/O,08/03/2025 03:27,เก็บไว้ใช้,695,
23/8/2024_72034,28/01/2025 22:02,Size change ,Old,"Bladder turnup 22"" 0137-1-1033","ETV.22"" No.4",R,M42203,PAP12,B/O,08/03/2025 03:26,เก็บไว้ใช้,696,
25/12/2024_14125,30/01/2025 23:46,Size change ,Old,"Bladder turnup 22"" 0137-1-1033","ETV.22"" No.3",AR,M13105,PAP18,B/O,24/04/2025 19:49,เก็บไว้ใช้,697,ด้านซ้าย
25/12/2024_154551,30/01/2025 23:47,Size change ,Old,"Bladder turnup 22"" 0137-1-1033","ETV.22"" No.3",R,M13105,PAP18,B/O,24/04/2025 19:49,เก็บไว้ใช้,698,ด้านขวา
9/7/2024_161822,30/01/2025 23:49,Size change ,Old,"Bladder push 22"" 0136-1-1033","ETV.22"" No.3",AR,M13105,PAP18,B/O,24/04/2025 19:49,เก็บไว้ใช้,699,ด้านซ้าย
9/7/2024_162042,30/01/2025 23:50,Size change ,Old,"Bladder push 22"" 0136-1-1033","ETV.22"" No.3",R,M13105,PAP18,B/O,24/04/2025 19:48,เก็บไว้ใช้,700,ด้านขวา
8/7/2024_201627,30/01/2025 23:52,Size change ,Old,"Bladder trunup23""0137-1-1036","ETV.23"" No.4",AR,M16006,PAP20,B/O,07/02/2025 02:54,เก็บไว้ใช้,701,
10/2/2024_125210,30/01/2025 23:55,Size change ,Old,"Bladder trunup23""0137-1-1036","ETV.23"" No.4",R,M16006,PAP20,B/O,07/02/2025 02:54,เก็บไว้ใช้,702,
8/7/2024_201525,30/01/2025 23:56,Size change ,Old,"Bladder push23""0136-1-1036","ETV.23"" No.4",AR,M16006,PAP20,B/O,07/02/2025 02:53,เก็บไว้ใช้,703,
10/2/2024_125952,30/01/2025 23:58,Size change ,Old,"Bladder push23""0136-1-1036","ETV.23"" No.4",R,M16006,PAP20,B/O,07/02/2025 02:52,เก็บไว้ใช้,704,
10/18/2024_23151,31/01/2025 05:09,Size change ,Old,"MTG bladder 22""23"" 0216-1-1666",MTG 21''22''23'' No.1,C,M16006,BNS20,Leak (รั่ว),07/02/2025 19:34,ทิ้ง,705,
31/1/2025_93058,31/01/2025 09:30,Size change ,New,"MTG bladder 22""23"" 0216-1-1294",MTG 21''22''23'' No.2,C,M13105,BNS18,Leak (รั่ว),13/02/2025 15:15,ทิ้ง,706,
6/1/2025_6479,31/01/2025 21:19,Bladder Turn up รั่ว,Old,"Bladder turnup 8"" 0239-1-1137","ETV.8"" No.1",AR,M13301,PAP16,Leak (รั่ว),03/02/2025 04:52,ทิ้ง,707,
31/1/2025_212153,31/01/2025 21:21,Bladder Turn up รั่ว,New,"Bladder turnup 8"" 0239-1-1137","ETV.8"" No.1",R,M13301,PAP16,Leak (รั่ว),03/02/2025 15:01,ทิ้ง,708,ด้านขวา
3/2/2025_45233,03/02/2025 04:52,Bladder Turn up รั่ว,New,"Bladder turnup 8"" 0239-1-1137","ETV.8"" No.1",AR,M13301,PAP16,B/O,04/02/2025 13:36,เก็บไว้ใช้,709,
12/2/2024_185813,03/02/2025 12:29,Size change ,Old,"Bladder turnup 10 "" 0239-1-1094 part store","ETV.10"" No.1",AR,M18201,PAP21A,Leak (รั่ว),09/02/2025 12:24,ทิ้ง,710,ด้านซ้าย
12/9/2024_13012,03/02/2025 12:31,Size change ,Old,"Bladder turnup 10 "" 0239-1-1094 part store","ETV.10"" No.1",R,M18201,PAP21A,B/O,14/02/2025 05:49,เก็บไว้ใช้,711,ด้านขวา
12/4/2024_175228,03/02/2025 12:36,Size change ,Old,"MTG bladder 10""12"" 0216-1-1068","MTG 10"" No.2",C,M18201,Smart 21,B/O,21/02/2025 13:23,เก็บไว้ใช้,712,
2/3/2025_15121,03/02/2025 15:01,Bladder Turn up รั่ว,New,"Bladder turnup 8"" 0239-1-1137","ETV.8"" No.1",R,M13301,PAP16,B/O,04/02/2025 13:36,เก็บไว้ใช้,713,
12/25/2024_161316,04/02/2025 13:36,Size change ,Old,"Bladder turnup 12"" 0239-1-1128","ETV.12"" No.1",AR,M13702,PAP16,B/O,12/02/2025 17:17,เก็บไว้ใช้,714,
1/10/2025_81925,04/02/2025 13:39,Size change ,Old,"Bladder turnup 12"" 0239-1-1128","ETV.12"" No.1",R,M13702,PAP16,B/O,12/02/2025 17:16,เก็บไว้ใช้,715,
8/22/2024_53150,05/02/2025 19:01,Size change ,Old,"Bladder turnup 16 "" 0137-1-1051","ETV.16"" No.1",AR,M10001,PAP19,B/O,10/03/2025 10:22,เก็บไว้ใช้,716,
8/22/2024_5269,05/02/2025 19:04,Size change ,Old,"Bladder turnup 16 "" 0137-1-1051","ETV.16"" No.1",R,M10001,PAP19,B/O,10/03/2025 10:23,เก็บไว้ใช้,717,
8/22/2024_52448,05/02/2025 19:07,Size change ,Old,"Biadder push 16"" 0136-1-1051","ETV.16"" No.1",AR,M10001,PAP19,B/O,10/03/2025 10:23,เก็บไว้ใช้,718,
8/22/2024_54319,05/02/2025 19:08,Size change ,Old,"Biadder push 16"" 0136-1-1051","ETV.16"" No.1",R,M10001,PAP19,B/O,10/03/2025 10:23,เก็บไว้ใช้,719,
2/7/2025_43722,07/02/2025 04:37,Size change ,New,"Bladder push 22"" 0136-1-1033","ETV.22"" No.1",AR,M20201,PAP20,,07/02/2025 04:51,ทิ้ง,720,
2/7/2025_44947,07/02/2025 04:49,Size change ,New,"Bladder push 22"" 0136-1-1033","ETV.22"" No.1",AR,M20101,PAP20,B/O,08/03/2025 03:13,เก็บไว้ใช้,721,
2/7/2025_45127,07/02/2025 04:51,Size change ,New,"Bladder push 22"" 0136-1-1033","ETV.22"" No.1",R,M20201,PAP20,B/O,08/03/2025 03:12,เก็บไว้ใช้,722,
2/7/2025_45235,07/02/2025 04:52,Size change ,New,"Bladder turnup 22"" 0137-1-1033","ETV.22"" No.1",AR,M20201,PAP20,B/O,08/03/2025 03:12,เก็บไว้ใช้,723,
2/7/2025_4547,07/02/2025 04:54,Size change ,New,"Bladder turnup 22"" 0137-1-1033","ETV.22"" No.1",R,M20101,PAP20,B/O,08/03/2025 03:12,เก็บไว้ใช้,724,
15/11/2024_132422,07/02/2025 19:34,MTG รั่ว,Old,"MTG bladder 22""23"" 0216-1-1666",MTG 21''22''23'' No.1,C,M16006,BNS20,B/O,08/02/2025 02:49,เก็บไว้ใช้,725,
16/12/2024_91113,08/02/2025 02:50,Size change ,Old,MTG bladder 0216-1-1670,MTG 21''22''23'' No.1,C,M20101,BNS20,B/O,24/02/2025 14:24,เก็บไว้ใช้,726,
2/8/2025_83857,08/02/2025 08:38,Push bladder รั่ว,New,"Bladder push 20"" 0136-1-1023","ETV.20"" No.1",R,M01103,PAP11,Leak (รั่ว),23/07/2025 11:11,ทิ้ง,727,
21/10/2024_15822,08/02/2025 15:10,Size change ,Old,"MTG Bladder 16"" 0216-1-1266","MTG 16"" No.1",C,M10001,PAP19,Leak (รั่ว),09/02/2025 05:48,ทิ้ง,728,
2/9/2025_5506,09/02/2025 05:50,MTG รั่ว,New,"MTG Bladder 16"" 0216-1-1266","MTG 16"" No.1",C,M10001,BNS19,B/O,10/03/2025 11:02,เก็บไว้ใช้,729,
2/9/2025_122458,09/02/2025 12:24,Bladder Turn up รั่ว,New,"Bladder turnup 10 "" 0239-1-1094 part store","ETV.10"" No.1",AR,M18201,PAP21A,B/O,14/02/2025 05:48,เก็บไว้ใช้,730,ด้านซ้าย
2/11/2025_7247,11/02/2025 07:02,MTG รั่ว,New,"MTG bladder 10""12"" 0216-1-1068","MTG 12"" No.1",C,M13702,BNS16,B/O,21/02/2025 13:21,เก็บไว้ใช้,731,
10/16/2024_17128,11/02/2025 15:41,Size change ,Old,"Bladder turnup 15"" 0114-1-1033 Part store","ETV.15"" No.4",AR,M08204,PAP14,B/O,19/02/2025 17:54,เก็บไว้ใช้,732,
12/17/2024_22330,11/02/2025 15:44,Size change ,Old,"Bladder turnup 15"" 0114-1-1033 Part store","ETV.15"" No.4",R,M08204,PAP14,B/O,19/02/2025 17:55,เก็บไว้ใช้,733,
2/12/2025_171716,12/02/2025 17:17,Size change ,New,"Bladder turnup 8"" 0239-1-1137","ETV.8"" No.1",AR,M15601,PAP16,Leak (รั่ว),16/02/2025 02:07,ทิ้ง,734,
2/12/2025_171852,12/02/2025 17:18,Size change ,New,"Bladder turnup 8"" 0239-1-1137","ETV.8"" No.1",R,M15601,PAP16,Leak (รั่ว),16/02/2025 16:34,ทิ้ง,735,
2/12/2025_233023,12/02/2025 23:30,Size change ,New,"MTG bladder 8"" 0216-1-1074","MTG 8""9'' No.1",C,M15601,BNS16,B/O,21/02/2025 13:21,เก็บไว้ใช้,736,
13/2/2025_151119,13/02/2025 15:11,MTG รั่ว,New,"MTG bladder 22""23"" 0216-1-1294",MTG 21''22''23'' No.2,C,M13105,BNS18,Leak (รั่ว),20/02/2025 03:06,ทิ้ง,737,กลาง
24/12/2024_213149,14/02/2025 05:49,Size change ,Old,"Bladder turmup 14"" 0239-1-1112","ETV.14"" No.2",AR,M15105 / EL,PAP21A,B/O,22/02/2025 09:23,เก็บไว้ใช้,738,
1/20/2025_92121,14/02/2025 05:52,Size change ,Old,"Bladder turmup 14"" 0239-1-1112","ETV.14"" No.2",R,M15105 / EL,PAP21A,B/O,22/02/2025 09:23,เก็บไว้ใช้,739,
2/16/2025_21426,16/02/2025 02:14,Bladder Turn up รั่ว,New,"Bladder turnup 8"" 0239-1-1137","ETV.8"" No.1",AR,M15601,PAP16,B/O,21/02/2025 13:19,เก็บไว้ใช้,740,
16/2/2025_163434,16/02/2025 16:34,Bladder Turn up รั่ว,New,"Bladder turnup 8"" 0239-1-1137","ETV.8"" No.1",R,M15601,PAP16,B/O,21/02/2025 13:20,เก็บไว้ใช้,741,
25/12/2024_9137,19/02/2025 13:25,Size change ,Old,"Bladder turnup 15"" 0114-1-1032","ETV.15"" No.2",AR,M06201,PAP14,B/O,03/03/2025 22:44,เก็บไว้ใช้,742,
25/12/2024_91546,19/02/2025 13:27,Size change ,Old,"Bladder turnup 15"" 0114-1-1032","ETV.15"" No.2",R,M06201,PAP14,B/O,03/03/2025 22:43,เก็บไว้ใช้,743,
8/24/2024_7419,19/04/2025 17:55,Size change ,Old,"MTG bladder 15"" 0216-1-1134","MTG 15"" No.1",C,M06201,BNS14,Leak (รั่ว),04/06/2025 21:35,ทิ้ง,744,
20/2/2025_3718,20/02/2025 03:07,MTG รั่ว,New,"MTG bladder 22""23"" 0216-1-1666",MTG 21''22''23'' No.2,C,M13105,BNS18,Leak (รั่ว),20/03/2025 13:27,ทิ้ง,745,กลาง
16/1/2025_143221,20/02/2025 15:03,Size change ,Old,"Bladder turnup 15"" 0114-1-1033 Part store","ETV.15"" No.3",AR,M08201,PAP21B,"Deform (เบี้ยว, ผิดรูปร่าง)",23/02/2025 16:00,ทิ้ง,746,ด้านซ้าย
16/1/2025_143328,20/02/2025 15:08,Size change ,Old,"Bladder turnup 15"" 0114-1-1033 Part store","ETV.15"" No.3",R,M08201,PAP21B,CQ เกิดปัญหาด้าน Quality,25/02/2025 10:08,เก็บไว้ใช้,747,ด้านขวา
12/20/2024_22540,20/02/2025 15:13,Size change ,Old,"Bladder turnup 15"" 0114-1-1033 Part store","ETV.15"" No.1",AR,M08201,PAP21A,B/O,06/03/2025 16:16,เก็บไว้ใช้,748,
10/21/2024_04940,20/02/2025 17:00,Size change ,Old,"Bladder turnup 15"" 0114-1-1033 Part store","ETV.15"" No.1",R,M08201,PAP21A,Leak (รั่ว),21/02/2025 20:29,ทิ้ง,749,ด้านขวา
8/22/2024_2569,21/02/2025 13:25,Size change ,Old,"Bladder turmup 14"" 0239-1-1112","ETV.14"" No.1",AR,M15702,PAP16,B/O,28/02/2025 18:25,เก็บไว้ใช้,750,
6/5/2024_164831,21/02/2025 13:26,Size change ,Old,"Bladder turmup 14"" 0239-1-1112","ETV.14"" No.1",R,M15702,PAP16,B/O,28/02/2025 18:24,เก็บไว้ใช้,751,ด้านขวา
2/21/2025_203216,21/02/2025 20:32,Push bladder รั่ว,New,"Bladder turnup 15"" 0114-1-1033 Part store","ETV.15"" No.1",R,M08201,PAP21A,CQ เกิดปัญหาด้าน Quality,21/02/2025 23:18,เก็บไว้ใช้,752,ด้านขวา
2/21/2025_231932,21/02/2025 23:19,เกิดปัญหาด้าน Quality,New,"Bladder turnup 15"" 0114-1-1033 Part store","ETV.15"" No.1",R,M08201,PAP21A,B/O,06/03/2025 16:16,เก็บไว้ใช้,753,
2/23/2025_16043,23/02/2025 16:00,Bladder Turn up เสียรูป,New,"Bladder turnup 15"" 0114-1-1033 Part store","ETV.15"" No.3",AR,M08201,PAP21B,"Deform (เบี้ยว, ผิดรูปร่าง)",04/03/2025 13:38,ทิ้ง,754,ด้านซ้าย
24/2/2025_0474,24/02/2025 00:47,Bladder Turn up เสียรูป,New,"Bladder turnup 20"" 0137-1-1023","ETV.20"" No.3",R,M01103,PAP13,B/O,26/02/2025 10:58,เก็บไว้ใช้,755,
13/1/2025_224514,24/02/2025 14:18,Size change ,Old,"Bladder Turn up 21"" 0137-1-1070","ETV.21"" No.2",AR,M19001,PAP20,"Deform (เบี้ยว, ผิดรูปร่าง)",14/03/2025 11:07,ทิ้ง,756,
22/7/2024_17512,24/02/2025 14:19,Size change ,Old,"Bladder push 21"" 0136-1-1070","ETV.21"" No.2",AR,M19001,PAP20,B/O,26/03/2025 01:59,เก็บไว้ใช้,757,
15/1/2025_111027,24/02/2025 14:21,Size change ,Old,"Bladder Turn up 21"" 0137-1-1070","ETV.21"" No.2",R,M19001,PAP20,"Deform (เบี้ยว, ผิดรูปร่าง)",21/03/2025 15:47,ทิ้ง,758,ด้านขวา
4/12/2024_21625,24/02/2025 14:22,Size change ,Old,"Bladder push 21"" 0136-1-1070","ETV.21"" No.2",R,M19001,PAP20,B/O,26/03/2025 01:58,เก็บไว้ใช้,759,
16/12/2024_91113,24/02/2025 14:23,Size change ,Old,MTG bladder 0216-1-1670,MTG 21''22''23'' No.1,C,M19001,BNS20,Leak (รั่ว),07/03/2025 20:24,ทิ้ง,760,
2/25/2025_1090,25/02/2025 10:09,เกิดปัญหาด้าน Quality,New,"Bladder turnup 15"" 0114-1-1033 Part store","ETV.15"" No.3",R,M08201,PAP21B,B/O,05/03/2025 13:22,เก็บไว้ใช้,761,ด้านขวา
10/26/2024_52625,26/02/2025 10:59,Size change ,Old,"Bladder trunup23""0137-1-1036","ETV.23"" No.1",AR,M05102,PAP13,B/O,23/03/2025 22:28,เก็บไว้ใช้,762,ด้านซ้าย
9/5/2024_105039,26/02/2025 11:01,Size change ,Old,"Bladder push23""0136-1-1036","ETV.23"" No.1",AR,M05102,PAP13,B/O,23/03/2025 22:28,เก็บไว้ใช้,763,ด้านซ้าย
11/8/2024_1719,26/02/2025 11:04,Size change ,Old,"Bladder trunup23""0137-1-1036","ETV.23"" No.1",R,M05102,PAP13,B/O,23/03/2025 22:28,เก็บไว้ใช้,764,ด้านขวา
1/6/2025_85430,26/02/2025 11:08,Size change ,Old,"Bladder push23""0136-1-1036","ETV.23"" No.1",R,M05102,PAP13,B/O,23/03/2025 22:27,เก็บไว้ใช้,765,ด้านขวา
2/26/2025_115417,26/02/2025 11:54,Push bladder รั่ว,New,"Bladder push 20"" 0136-1-1023","ETV.20"" No.1",AR,M01103,PAP11,Leak (รั่ว),29/06/2025 12:26,ทิ้ง,766,ด้านซ้าย
1/10/2025_81925,28/02/2025 18:25,Size change ,Old,"Bladder turnup 12"" 0239-1-1128","ETV.12"" No.1",R,M20001,PAP16,Leak (รั่ว),06/03/2025 14:19,ทิ้ง,767,ด้านขวา
2/28/2025_182649,28/02/2025 18:26,Size change ,New,"Bladder turnup 12"" 0239-1-1128","ETV.12"" No.1",AR,M20001,PAP16,Leak (รั่ว),10/03/2025 14:28,ทิ้ง,768,
1/9/2025_20433,01/03/2025 13:38,Size change ,Old,"Bladder turnup 20"" 0137-1-1023","ETV.20"" No.3",AR,M01103,PAP12,"Deform (เบี้ยว, ผิดรูปร่าง)",14/03/2025 09:06,ทิ้ง,769,
10/16/2024_235650,01/03/2025 13:39,Size change ,Old,"Bladder push 20"" 0136-1-1023","ETV.20"" No.3",AR,M01103,PAP12,B/O,17/03/2025 21:58,เก็บไว้ใช้,770,
12/15/2024_55748,01/03/2025 13:40,Size change ,Old,"Bladder push 20"" 0136-1-1023","ETV.20"" No.3",R,M01103,PAP12,B/O,17/03/2025 21:58,เก็บไว้ใช้,771,
25/12/2024_9137,03/03/2025 22:44,Size change ,Old,"Bladder turnup 15"" 0114-1-1032","ETV.15"" No.2",AR,M15501,PAP14,B/O,15/03/2025 11:30,เก็บไว้ใช้,772,
25/12/2024_91546,03/03/2025 22:46,Size change ,Old,"Bladder turnup 15"" 0114-1-1032","ETV.15"" No.2",R,M15501,PAP14,B/O,15/03/2025 11:30,เก็บไว้ใช้,773,
3/4/2025_13390,04/03/2025 13:39,Bladder Turn up เสียรูป,New,"Bladder turnup 15"" 0114-1-1033 Part store","ETV.15"" No.3",AR,M08201,PAP21B,B/O,05/03/2025 13:22,เก็บไว้ใช้,774,ด้านซ้าย
24/12/2024_213149,05/03/2025 14:29,Size change ,Old,"Bladder turmup 14"" 0239-1-1112","ETV.14"" No.2",AR,M15105 / EL,PAP21B,Leak (รั่ว),06/03/2025 16:07,ทิ้ง,775,
1/20/2025_92121,05/03/2025 14:33,Size change ,Old,"Bladder turmup 14"" 0239-1-1112","ETV.14"" No.2",R,M15105 / EL,PAP21B,B/O,06/03/2025 16:08,เก็บไว้ใช้,776,
6/3/2025_4465,06/03/2025 04:46,Size change ,New,"Bladder turnup 20"" 0137-1-1023","ETV.20"" No.3",R,M01103,PAP12,B/O,17/03/2025 21:58,เก็บไว้ใช้,777,
3/6/2025_141956,06/03/2025 14:19,Bladder Turn up รั่ว,New,"Bladder turnup 12"" 0239-1-1128","ETV.12"" No.1",R,M20001,PAP16,B/O,13/03/2025 01:23,เก็บไว้ใช้,778,ด้านขวา
3/6/2025_16831,06/03/2025 16:08,Size change ,New,"Bladder turmup 14"" 0239-1-1112","ETV.14"" No.2",AR,M15105 / EL,PAP21A,B/O,25/04/2025 13:25,เก็บไว้ใช้,779,
1/20/2025_92121,06/03/2025 16:09,Size change ,Old,"Bladder turmup 14"" 0239-1-1112","ETV.14"" No.2",R,M15105 / EL,PAP21A,B/O,25/04/2025 13:25,เก็บไว้ใช้,780,
"March 7, 2025_202429",07/03/2025 20:24,MTG รั่ว,New,MTG bladder 0216-1-1670,MTG 21''22''23'' No.1,C,M19001,BNS20,Leak (รั่ว),20/03/2025 12:02,ทิ้ง,781,กลาง
3/10/2025_01558,10/03/2025 00:15,Bladder Turn up เสียรูป,New,"Bladder turnup 20"" 0137-1-1023","ETV.20"" No.1",AR,M01103,PAP11,"Deform (เบี้ยว, ผิดรูปร่าง)",30/04/2025 13:58,ทิ้ง,782,ด้านซ้าย
9/9/2024_134121,10/03/2025 10:23,Size change ,Old,"Bladder push23""0136-1-1036","ETV.23"" No.3",AR,M19501,PAP19,B/O,19/03/2025 20:09,เก็บไว้ใช้,783,ด้านซ้าย
6/24/2024_134942,10/03/2025 10:25,Size change ,Old,"Bladder push23""0136-1-1036","ETV.23"" No.3",R,M19501,PAP19,B/O,19/03/2025 20:09,เก็บไว้ใช้,784,ด้านขวา
9/9/2024_133920,10/03/2025 10:26,Size change ,Old,"Bladder trunup23""0137-1-1036","ETV.23"" No.3",AR,M19501,PAP19,B/O,19/03/2025 20:08,เก็บไว้ใช้,785,ด้านซ้าย
6/10/2024_81827,10/03/2025 10:27,Size change ,Old,"Bladder trunup23""0137-1-1036","ETV.23"" No.3",R,M19501,PAP19,B/O,19/03/2025 20:08,เก็บไว้ใช้,786,ด้านขวา
15/11/2024_132422,10/03/2025 11:02,Size change ,Old,"MTG bladder 22""23"" 0216-1-1666",MTG 21''22''23'' No.3,C,M19501,BNS19,B/O,20/03/2025 03:35,เก็บไว้ใช้,787,
10/3/2025_142928,10/03/2025 14:29,Bladder Turn up รั่ว,New,"Bladder turnup 12"" 0239-1-1128","ETV.12"" No.1",AR,M20001,PAP16,B/O,13/03/2025 01:23,เก็บไว้ใช้,788,ด้านซ้าย
11/26/2024_14510,13/03/2025 01:23,Size change ,Old,"Bladder turnup 10 "" 0239-1-1094 part store","ETV.10"" No.2",AR,M18201,PAP16,B/O,21/03/2025 21:22,เก็บไว้ใช้,789,ด้านซ้าย
11/17/2024_104113,13/03/2025 01:26,Size change ,Old,"Bladder turnup 10 "" 0239-1-1094 part store","ETV.10"" No.2",R,M18201,PAP16,Leak (รั่ว),17/03/2025 14:25,ทิ้ง,790,
3/14/2025_9646,14/03/2025 09:06,Bladder Turn up เสียรูป,New,"Bladder turnup 20"" 0137-1-1023","ETV.20"" No.3",AR,M01103,PAP12,B/O,17/03/2025 21:58,เก็บไว้ใช้,791,
14/3/2025_11733,14/03/2025 11:07,Bladder Turn up เสียรูป,New,"Bladder turnup 20"" 0137-1-1023","ETV.21"" No.2",AR,M19001,PAP20,B/O,26/03/2025 01:58,เก็บไว้ใช้,792,
10/16/2024_17128,15/03/2025 11:30,Size change ,Old,"Bladder turnup 15"" 0114-1-1033 Part store","ETV.15"" No.4",AR,M08201,PAP14,B/O,25/04/2025 00:22,เก็บไว้ใช้,793,
12/17/2024_22330,15/03/2025 11:32,Size change ,Old,"Bladder turnup 15"" 0114-1-1033 Part store","ETV.15"" No.4",R,M08201,PAP14,Leak (รั่ว),05/04/2025 00:16,ทิ้ง,794,ด้านขวา
3/17/2025_142558,17/03/2025 14:25,Bladder Turn up รั่ว,New,"Bladder turnup 10 "" 0239-1-1094 part store","ETV.10"" No.2",R,M18201,PAP16,B/O,21/03/2025 21:22,เก็บไว้ใช้,795,ด้านขวา
23/8/2024_71459,18/03/2025 00:56,Size change ,Old,"Bladder turnup 22"" 0137-1-1033","ETV.22"" No.4",AR,M42201,PAP12,B/O,19/03/2025 01:38,เก็บไว้ใช้,796,
23/8/2024_72034,18/03/2025 00:58,Size change ,Old,"Bladder turnup 22"" 0137-1-1033","ETV.22"" No.4",R,M42201,PAP12,B/O,19/03/2025 01:38,เก็บไว้ใช้,797,
23/8/2024_7226,18/03/2025 01:07,Size change ,Old,"Bladder push 22"" 0136-1-1033","ETV.22"" No.4",R,M42201,PAP12,B/O,19/03/2025 01:38,เก็บไว้ใช้,798,
10/16/2024_235650,18/03/2025 12:54,Size change ,Old,"Bladder push 20"" 0136-1-1023","ETV.20"" No.3",AR,M01103,PAP13,B/O,21/04/2025 22:13,เก็บไว้ใช้,799,
23/8/2024_71459,19/03/2025 01:51,Size change ,Old,"Bladder turnup 22"" 0137-1-1033","ETV.22"" No.4",AR,M12302,PAP12,B/O,15/05/2025 05:56,เก็บไว้ใช้,800,ด้านซ้าย
23/8/2024_7226,19/03/2025 01:52,Size change ,Old,"Bladder push 22"" 0136-1-1033","ETV.22"" No.4",R,M12302,PAP12,B/O,15/05/2025 05:56,เก็บไว้ใช้,801,ด้านขวา
23/8/2024_72034,19/03/2025 01:53,Size change ,Old,"Bladder turnup 22"" 0137-1-1033","ETV.22"" No.4",R,M12302,PAP12,B/O,15/05/2025 05:55,เก็บไว้ใช้,802,ด้านขวา
8/7/2024_201525,19/03/2025 20:09,Size change ,Old,"Bladder push23""0136-1-1036","ETV.23"" No.4",AR,M16006,PAP19,B/O,27/03/2025 06:23,เก็บไว้ใช้,803,
10/2/2024_125952,19/03/2025 20:11,Size change ,Old,"Bladder push23""0136-1-1036","ETV.23"" No.4",R,M16006,PAP19,B/O,27/03/2025 06:23,เก็บไว้ใช้,804,
10/2/2024_125210,19/03/2025 20:13,Size change ,Old,"Bladder trunup23""0137-1-1036","ETV.23"" No.4",R,M16006,PAP19,B/O,27/03/2025 06:22,เก็บไว้ใช้,805,
8/7/2024_201627,19/03/2025 20:14,Size change ,Old,"Bladder trunup23""0137-1-1036","ETV.23"" No.4",AR,M16006,PAP19,B/O,27/03/2025 06:22,เก็บไว้ใช้,806,
15/11/2024_132422,20/03/2025 03:35,Size change ,Old,"MTG bladder 22""23"" 0216-1-1666",MTG 21''22''23'' No.3,C,M16006,BNS19,B/O,03/04/2025 10:37,เก็บไว้ใช้,807,
12/15/2024_55748,20/03/2025 07:13,Size change ,Old,"Bladder push 20"" 0136-1-1023","ETV.20"" No.3",R,M01103,PAP13,B/O,21/04/2025 22:13,เก็บไว้ใช้,808,
10/1/2025_53120,20/03/2025 12:02,MTG รั่ว,Old,MTG bladder 0216-1-1670,MTG 21''22''23'' No.1,C,M19001,BNS20,B/O,27/03/2025 08:26,เก็บไว้ใช้,809,กลาง
20/3/2025_132753,20/03/2025 13:27,MTG รั่ว,New,"MTG bladder 22""23"" 0216-1-1666",MTG 21''22''23'' No.2,C,M13105,BNS18,B/O,24/03/2025 14:30,เก็บไว้ใช้,810,กลาง
21/3/2025_154741,21/03/2025 15:47,Bladder Turn up เสียรูป,New,"Bladder Turn up 21"" 0137-1-1070","ETV.21"" No.2",R,M19001,PAP20,B/O,26/03/2025 01:58,เก็บไว้ใช้,811,
5/18/2024_11741,22/03/2025 04:15,Size change ,Old,"Bladder trunup23""0137-1-1036","ETV.23"" No.2",AR,M18801,PAP17,"Deform (เบี้ยว, ผิดรูปร่าง)",11/08/2025 13:52,ทิ้ง,812,ด้านซ้าย
9/5/2024_93846,22/03/2025 04:23,Size change ,Old,"Bladder push23""0136-1-1036","ETV.23"" No.2",AR,M18801,PAP17,Leak (รั่ว),15/07/2025 16:57,ทิ้ง,813,
1/11/2025_154328,22/03/2025 04:24,Size change ,Old,"Bladder trunup23""0137-1-1036","ETV.23"" No.2",R,M18801,PAP17,B/O,20/08/2025 21:28,เก็บไว้ใช้,814,
1/11/2025_154442,22/03/2025 04:27,Size change ,Old,"Bladder push23""0136-1-1036","ETV.23"" No.2",R,M18801,PAP17,B/O,20/08/2025 21:28,เก็บไว้ใช้,815,
3/22/2025_165240,22/03/2025 16:52,Bladder Turn up รั่ว,New,"Bladder turmup 14"" 0239-1-1112","ETV.14"" No.1",R,M08401,PAP21B,B/O,01/04/2025 23:23,เก็บไว้ใช้,816,
8/22/2024_2569,22/03/2025 16:53,Size change ,Old,"Bladder turmup 14"" 0239-1-1112","ETV.14"" No.1",AR,M08401,PAP21B,B/O,01/04/2025 23:22,เก็บไว้ใช้,817,
3/23/2025_95026,23/03/2025 09:50,Bladder Turn up รั่ว,New,"Bladder turnup 8"" 0239-1-1137","ETV.8"" No.1",AR,M15601,PAP16,Leak (รั่ว),26/03/2025 14:09,ทิ้ง,818,ด้านซ้าย
3/23/2025_16543,23/03/2025 16:54,Bladder Turn up เสียรูป,New,"Bladder turnup 20"" 0137-1-1023","ETV.20"" No.3",R,M01103,PAP13,B/O,21/04/2025 22:12,เก็บไว้ใช้,819,
3/24/2025_111840,24/03/2025 11:18,Bladder Turn up รั่ว,New,"Bladder turnup 8"" 0239-1-1137","ETV.8"" No.1",R,M15601,PAP16,Leak (รั่ว),27/03/2025 18:36,ทิ้ง,820,
24/3/2025_143022,24/03/2025 14:30,Size change ,New,MTG bladder 0216-1-1670,MTG 21''22''23'' No.2,C,Test,BNS18,B/O,29/03/2025 15:27,เก็บไว้ใช้,821,
3/25/2025_15282,25/03/2025 15:28,Size change ,New,"Bladder push 21"" 0136-1-1070","ETV.21"" No.1",R,Test,PAP18,B/O,28/03/2025 01:52,เก็บไว้ใช้,822,
3/25/2025_153153,25/03/2025 15:31,Size change ,New,"Bladder Turn up 21"" 0137-1-1070","ETV.21"" No.1",AR,Test,PAP18,B/O,28/03/2025 01:52,เก็บไว้ใช้,823,
3/25/2025_153311,25/03/2025 15:33,Size change ,New,"Bladder Turn up 21"" 0137-1-1070","ETV.21"" No.1",R,Test,PAP18,B/O,28/03/2025 01:52,เก็บไว้ใช้,824,
3/25/2025_153358,25/03/2025 15:33,Size change ,New,"Bladder Turn up 21"" 0137-1-1070","ETV.21"" No.1",AR,Test,PAP18,B/O,25/03/2025 15:36,เก็บไว้ใช้,825,ด้านซ้าย
3/25/2025_153521,25/03/2025 15:35,Size change ,New,"Bladder push 21"" 0136-1-1070","ETV.21"" No.1",AR,Test,PAP18,B/O,28/03/2025 01:52,เก็บไว้ใช้,826,
9/9/2024_133920,26/03/2025 01:59,Size change ,Old,"Bladder trunup23""0137-1-1036","ETV.23"" No.3",AR,M19501,PAP20,B/O,03/04/2025 16:58,เก็บไว้ใช้,827,
9/9/2024_134121,26/03/2025 02:00,Size change ,Old,"Bladder push23""0136-1-1036","ETV.23"" No.3",AR,M19501,PAP20,B/O,03/04/2025 16:59,เก็บไว้ใช้,828,
6/10/2024_81827,26/03/2025 02:02,Size change ,Old,"Bladder trunup23""0137-1-1036","ETV.23"" No.3",R,M19501,PAP20,B/O,03/04/2025 17:00,เก็บไว้ใช้,829,
6/24/2024_134942,26/03/2025 02:02,Size change ,Old,"Bladder push23""0136-1-1036","ETV.23"" No.3",R,M19501,PAP20,B/O,03/04/2025 17:00,เก็บไว้ใช้,830,
3/26/2025_14102,26/03/2025 14:10,Bladder Turn up รั่ว,New,"Bladder turnup 8"" 0239-1-1137","ETV.8"" No.1",AR,M15601,PAP16,B/O,31/03/2025 17:32,เก็บไว้ใช้,831,
9/13/2024_221448,27/03/2025 06:23,Size change ,Old,"Bladder turnup 22"" 0137-1-1033","ETV.22"" No.2",AR,M21701,PAP19,CQ เกิดปัญหาด้าน Quality,27/03/2025 22:04,เก็บไว้ใช้,832,ด้านซ้าย
11/13/2024_5312,27/03/2025 06:25,Size change ,Old,"Bladder push 22"" 0136-1-1033","ETV.22"" No.2",AR,M21701,PAP19,B/O,03/04/2025 04:54,เก็บไว้ใช้,833,ด้านซ้าย
9/13/2024_221528,27/03/2025 06:26,Size change ,Old,"Bladder turnup 22"" 0137-1-1033","ETV.22"" No.2",R,M21701,PAP19,B/O,03/04/2025 04:54,เก็บไว้ใช้,834,ด้านขวา
12/20/2024_135038,27/03/2025 06:27,Size change ,Old,"Bladder push 22"" 0136-1-1033","ETV.22"" No.2",R,M21701,PAP19,B/O,03/04/2025 04:54,เก็บไว้ใช้,835,ด้านขวา
27/3/2025_18373,27/03/2025 18:37,Bladder Turn up รั่ว,New,"Bladder turnup 8"" 0239-1-1137","ETV.8"" No.1",R,M15601,PAP16,B/O,31/03/2025 17:32,เก็บไว้ใช้,838,
3/27/2025_2258,27/03/2025 22:05,เกิดปัญหาด้าน Quality,New,"Bladder turnup 22"" 0137-1-1033","ETV.22"" No.2",AR,M21701,PAP19,B/O,03/04/2025 04:53,เก็บไว้ใช้,839,ด้านซ้าย
15/11/2024_132422,29/03/2025 15:30,Size change ,Old,"MTG bladder 22""23"" 0216-1-1666",MTG 21''22''23'' No.2,C,M13105,BNS18,Leak (รั่ว),29/03/2025 15:34,ทิ้ง,840,
3/29/2025_153350,29/03/2025 15:33,MTG รั่ว,New,"MTG bladder 22""23"" 0216-1-1666",MTG 21''22''23'' No.2,C,M13105,BNS18,Leak (รั่ว),29/04/2025 13:34,ทิ้ง,841,
,31/03/2025 17:32,Size change ,Old,"Bladder turnup 12"" 0239-1-1128","ETV.12"" No.1",R,M20001,PAP16,B/O,31/03/2025 17:35,เก็บไว้ใช้,842,
10/3/2025_142928,31/03/2025 17:33,Size change ,Old,"Bladder turnup 12"" 0239-1-1128","ETV.12"" No.1",AR,M20001,PAP16,B/O,08/04/2025 03:37,เก็บไว้ใช้,843,
3/6/2025_141956,31/03/2025 17:35,Size change ,Old,"Bladder turnup 12"" 0239-1-1128","ETV.12"" No.1",R,M20001,PAP16,B/O,08/04/2025 03:37,เก็บไว้ใช้,844,
8/22/2024_52448,03/04/2025 04:55,Size change ,Old,"Biadder push 16"" 0136-1-1051","ETV.16"" No.1",AR,M10001,PAP19,B/O,23/04/2025 22:01,เก็บไว้ใช้,845,
8/22/2024_53150,03/04/2025 04:57,Size change ,Old,"Bladder turnup 16 "" 0137-1-1051","ETV.16"" No.1",AR,M10001,PAP19,B/O,23/04/2025 22:01,เก็บไว้ใช้,846,
8/22/2024_54319,03/04/2025 04:58,Size change ,Old,"Biadder push 16"" 0136-1-1051","ETV.16"" No.1",R,M10001,PAP19,B/O,23/04/2025 22:01,เก็บไว้ใช้,847,
8/22/2024_5269,03/04/2025 04:59,Size change ,Old,"Bladder turnup 16 "" 0137-1-1051","ETV.16"" No.1",R,M10001,PAP19,B/O,23/04/2025 22:01,เก็บไว้ใช้,848,
20/3/2025_132753,03/04/2025 05:50,Size change ,Old,"MTG bladder 22""23"" 0216-1-1666",MTG 21''22''23'' No.1,C,M19501,PAP20,B/O,04/04/2025 02:12,เก็บไว้ใช้,849,กลาง
2/9/2025_5506,03/04/2025 10:42,Size change ,Old,"MTG Bladder 16"" 0216-1-1266","MTG 16"" No.1",C,M10001,BNS19,B/O,24/04/2025 10:29,เก็บไว้ใช้,850,
9/9/2024_133920,03/04/2025 17:00,Size change ,Old,"Bladder trunup23""0137-1-1036","ETV.23"" No.3",AR,M18801,PAP20,B/O,22/04/2025 17:00,เก็บไว้ใช้,851,
9/9/2024_134121,03/04/2025 17:02,Size change ,Old,"Bladder push23""0136-1-1036","ETV.23"" No.3",R,M18801,PAP20,B/O,03/04/2025 17:06,เก็บไว้ใช้,852,
6/10/2024_81827,03/04/2025 17:03,Size change ,Old,"Bladder trunup23""0137-1-1036","ETV.23"" No.3",R,M18801,PAP20,B/O,22/04/2025 17:00,เก็บไว้ใช้,853,
9/9/2024_134121,03/04/2025 17:05,Size change ,Old,"Bladder push23""0136-1-1036","ETV.23"" No.3",AR,M18801,PAP20,B/O,22/04/2025 17:00,เก็บไว้ใช้,854,
6/24/2024_134942,03/04/2025 17:08,Size change ,Old,"Bladder push23""0136-1-1036","ETV.23"" No.3",R,M18801,PAP20,B/O,22/04/2025 16:59,เก็บไว้ใช้,855,
20/3/2025_132753,04/04/2025 02:12,Size change ,Old,"MTG bladder 22""23"" 0216-1-1666",MTG 21''22''23'' No.1,C,M18801,BNS20,Leak (รั่ว),28/04/2025 00:18,ทิ้ง,856,กลาง
4/5/2025_0172,05/04/2025 00:17,Bladder Turn up รั่ว,New,"Bladder turnup 15"" 0114-1-1033 Part store","ETV.15"" No.4",R,M08201,PAP14,B/O,25/04/2025 00:22,เก็บไว้ใช้,857,
3/4/2025_13390,05/04/2025 11:39,Size change ,Old,"Bladder turnup 15"" 0114-1-1032","ETV.15"" No.3",AR,M08201,PAP21B,B/O,10/04/2025 08:44,เก็บไว้ใช้,858,
2/25/2025_1090,05/04/2025 11:40,Size change ,Old,"Bladder turnup 15"" 0114-1-1032","ETV.15"" No.3",R,M08201,PAP21A,B/O,05/04/2025 11:41,เก็บไว้ใช้,859,
2/25/2025_1090,05/04/2025 11:41,Size change ,Old,"Bladder turnup 15"" 0114-1-1032","ETV.15"" No.3",R,M08201,PAP21B,"Deform (เบี้ยว, ผิดรูปร่าง)",10/04/2025 08:37,ทิ้ง,860,
25/12/2024_9137,08/04/2025 03:37,Size change ,Old,"Bladder turnup 15"" 0114-1-1032","ETV.15"" No.2",AR,M15501,PAP16,B/O,19/04/2025 03:08,เก็บไว้ใช้,861,
25/12/2024_91546,08/04/2025 03:39,Size change ,Old,"Bladder turnup 15"" 0114-1-1032","ETV.15"" No.2",R,M15501,PAP16,B/O,19/04/2025 03:08,เก็บไว้ใช้,862,
4/10/2025_8382,10/04/2025 08:38,Bladder Turn up เสียรูป,New,"Bladder turnup 15"" 0114-1-1033 Part store","ETV.15"" No.3",R,M08201,PAP21B,Tear (ฉีกขาด),17/04/2025 10:43,ทิ้ง,863,
3/4/2025_13390,10/04/2025 08:39,Size change ,Old,"Bladder turnup 15"" 0114-1-1033 Part store","ETV.15"" No.3",AR,M18201,PAP21B,B/O,17/04/2025 10:42,เก็บไว้ใช้,864,
4/10/2025_18417,10/04/2025 18:04,Bladder Turn up เสียรูป,New,"Bladder turnup 20"" 0137-1-1023","ETV.20"" No.1",R,M01103,PAP11,"Deform (เบี้ยว, ผิดรูปร่าง)",23/05/2025 00:03,ทิ้ง,865,ด้านขวา
3/4/2025_13390,17/04/2025 10:44,Push bladder จุกชำรุด,Old,"Bladder turnup 15"" 0114-1-1033 Part store","ETV.15"" No.3",R,M08201,PAP21B,CQ เกิดปัญหาด้าน Quality,17/04/2025 13:18,เก็บไว้ใช้,866,
4/17/2025_104651,17/04/2025 10:46,เกิดปัญหาด้าน Quality,New,"Bladder turnup 15"" 0114-1-1033 Part store","ETV.15"" No.3",AR,M08201,PAP21B,"Deform (เบี้ยว, ผิดรูปร่าง)",19/04/2025 05:21,ทิ้ง,867,
4/17/2025_131835,17/04/2025 13:18,เกิดปัญหาด้าน Quality,New,"Bladder turnup 15"" 0114-1-1033 Part store","ETV.15"" No.3",R,M08201,PAP21B,B/O,05/06/2025 08:20,เก็บไว้ใช้,868,
19/4/2025_52218,19/04/2025 05:22,Bladder Turn up เสียรูป,New,"Bladder turnup 15"" 0114-1-1033 Part store","ETV.15"" No.3",AR,M08201,PAP21B,B/O,05/06/2025 08:20,เก็บไว้ใช้,869,
8/22/2024_2569,19/04/2025 06:32,Size change ,Old,"Bladder turmup 14"" 0239-1-1112","ETV.14"" No.1",AR,M15702,PAP16,B/O,28/04/2025 13:26,เก็บไว้ใช้,870,
3/22/2025_165240,19/04/2025 06:33,Size change ,Old,"Bladder turmup 14"" 0239-1-1112","ETV.14"" No.1",R,M15702,PAP16,B/O,28/04/2025 13:26,เก็บไว้ใช้,871,
10/26/2024_52625,21/04/2025 23:16,Size change ,Old,"Bladder trunup23""0137-1-1036","ETV.23"" No.1",AR,M05102,PAP13,"Deform (เบี้ยว, ผิดรูปร่าง)",17/05/2025 13:48,ทิ้ง,872,
9/5/2024_105039,21/04/2025 23:17,Size change ,Old,"Bladder push23""0136-1-1036","ETV.23"" No.1",AR,M05102,PAP13,Leak (รั่ว),17/05/2025 13:48,ทิ้ง,873,
11/8/2024_1719,21/04/2025 23:18,Size change ,Old,"Bladder trunup23""0137-1-1036","ETV.23"" No.1",R,M05102,PAP13,"Deform (เบี้ยว, ผิดรูปร่าง)",24/04/2025 01:58,ทิ้ง,874,ด้านขวา
1/6/2025_85430,21/04/2025 23:19,Size change ,Old,"Bladder push23""0136-1-1036","ETV.23"" No.1",R,M05102,PAP13,B/O,24/05/2025 16:01,เก็บไว้ใช้,875,
9/9/2024_133920,22/04/2025 17:00,Size change ,Old,"Bladder trunup23""0137-1-1036","ETV.23"" No.3",AR,M19501,PAP20,B/O,28/04/2025 22:36,เก็บไว้ใช้,876,ด้านซ้าย
9/9/2024_134121,22/04/2025 17:01,Size change ,Old,"Bladder push23""0136-1-1036","ETV.23"" No.3",AR,M19501,PAP20,B/O,28/04/2025 22:35,เก็บไว้ใช้,877,ด้านซ้าย
6/10/2024_81827,22/04/2025 17:02,Size change ,Old,"Bladder trunup23""0137-1-1036","ETV.23"" No.3",R,M19501,PAP20,B/O,28/04/2025 22:35,เก็บไว้ใช้,878,ด้านขวา
6/24/2024_134942,22/04/2025 17:02,Size change ,Old,"Bladder push23""0136-1-1036","ETV.23"" No.3",R,M19501,PAP20,B/O,28/04/2025 22:33,เก็บไว้ใช้,879,ด้านขวา
8/7/2024_201627,23/04/2025 22:01,Size change ,Old,"Bladder trunup23""0137-1-1036","ETV.23"" No.4",AR,M16006,PAP19,B/O,03/05/2025 01:46,เก็บไว้ใช้,880,ด้านซ้าย
8/7/2024_201525,23/04/2025 22:03,Size change ,Old,"Bladder push23""0136-1-1036","ETV.23"" No.4",AR,M16006,PAP19,B/O,03/05/2025 01:46,เก็บไว้ใช้,881,ด้านซ้าย
10/2/2024_125210,23/04/2025 22:04,Size change ,Old,"Bladder trunup23""0137-1-1036","ETV.23"" No.4",R,M16006,PAP19,B/O,03/05/2025 01:46,เก็บไว้ใช้,882,ด้านขวา
10/2/2024_125952,23/04/2025 22:04,Size change ,Old,"Bladder push23""0136-1-1036","ETV.23"" No.4",R,M16006,PAP19,B/O,03/05/2025 01:44,เก็บไว้ใช้,883,ด้านขวา
4/24/2025_15858,24/04/2025 01:58,Bladder Turn up เสียรูป,New,"Bladder trunup23""0137-1-1036","ETV.23"" No.1",R,M05102,PAP13,"Deform (เบี้ยว, ผิดรูปร่าง)",27/04/2025 09:20,ทิ้ง,884,
4/24/2025_102944,24/04/2025 10:29,Size change ,New,"MTG bladder 22""23"" 0216-1-1666",MTG 21''22''23'' No.3,C,M16006,BNS19,CQ เกิดปัญหาด้าน Quality,24/04/2025 14:45,เก็บไว้ใช้,885,
4/24/2025_144525,24/04/2025 14:45,เกิดปัญหาด้าน Quality,New,"MTG bladder 22""23"" 0216-1-1666",MTG 21''22''23'' No.3,C,M16006,BNS19,B/O,20/05/2025 09:36,เก็บไว้ใช้,886,
,24/04/2025 20:03,Extension รั่ว,Old,"Bladder turnup 22"" 0137-1-1033","ETV.22"" No.2",AR,M13105,PAP18,B/O,12/05/2025 15:27,เก็บไว้ใช้,887,
,24/04/2025 20:04,Extension รั่ว,Old,"Bladder turnup 22"" 0137-1-1033","ETV.22"" No.2",R,M13105,PAP18,B/O,12/05/2025 15:27,เก็บไว้ใช้,888,
,24/04/2025 20:05,Extension รั่ว,Old,"Bladder push 22"" 0136-1-1033","ETV.22"" No.2",AR,M13105,PAP18,B/O,12/05/2025 15:27,เก็บไว้ใช้,889,
12/20/2024_135038,24/04/2025 20:08,Extension รั่ว,Old,"Bladder push 22"" 0136-1-1033","ETV.22"" No.3",R,M13105,PAP18,B/O,09/05/2025 09:06,เก็บไว้ใช้,890,
,24/04/2025 20:09,Extension รั่ว,Old,"Bladder push 22"" 0136-1-1033","ETV.22"" No.2",R,M13105,PAP18,B/O,12/05/2025 15:27,เก็บไว้ใช้,891,
25/12/2024_91546,25/04/2025 00:22,Size change ,Old,"Bladder turnup 15"" 0114-1-1032","ETV.15"" No.2",R,M15501,PAP14,B/O,06/05/2025 06:26,เก็บไว้ใช้,892,
25/12/2024_9137,25/04/2025 00:24,Size change ,Old,"Bladder turnup 15"" 0114-1-1032","ETV.15"" No.2",AR,M15501,PAP14,B/O,06/05/2025 06:26,เก็บไว้ใช้,893,
3/6/2025_16831,25/04/2025 13:25,Size change ,Old,"Bladder turmup 14"" 0239-1-1112","ETV.14"" No.2",AR,M15105 / EL,PAP21B,B/O,10/05/2025 04:59,เก็บไว้ใช้,894,
1/20/2025_92121,25/04/2025 13:26,Size change ,Old,"Bladder turmup 14"" 0239-1-1112","ETV.14"" No.2",R,M15105 / EL,PAP21B,Leak (รั่ว),02/05/2025 09:55,ทิ้ง,895,
27/4/2025_91842,27/04/2025 09:18,Bladder Turn up เสียรูป,New,"Bladder trunup23""0137-1-1036","ETV.23"" No.1",R,M05102,PAP13,B/O,24/05/2025 16:01,เก็บไว้ใช้,896,
"April 28, 2025_01937",28/04/2025 00:19,MTG รั่ว,New,"MTG bladder 22""23"" 0216-1-1666",MTG 21''22''23'' No.1,C,M19501,BNS20,B/O,29/04/2025 13:37,เก็บไว้ใช้,897,
11/26/2024_14510,28/04/2025 13:27,Size change ,Old,"Bladder turnup 10 "" 0239-1-1094 part store","ETV.10"" No.2",AR,M18201,PAP16,Leak (รั่ว),02/05/2025 21:42,ทิ้ง,898,ด้านซ้าย
3/17/2025_142558,28/04/2025 13:28,Size change ,Old,"Bladder turnup 10 "" 0239-1-1094 part store","ETV.10"" No.2",R,M18201,PAP16,Leak (รั่ว),02/05/2025 00:07,ทิ้ง,899,ด้านขวา
6/10/2024_81827,28/04/2025 22:31,Size change ,Old,"Bladder trunup23""0137-1-1036","ETV.23"" No.3",R,M18801,PAP20,B/O,09/05/2025 09:05,เก็บไว้ใช้,900,
9/9/2024_133920,28/04/2025 22:38,Size change ,Old,"Bladder trunup23""0137-1-1036","ETV.23"" No.3",AR,M18801,PAP20,B/O,09/05/2025 09:05,เก็บไว้ใช้,901,
6/24/2024_134942,28/04/2025 22:39,Size change ,Old,"Bladder push23""0136-1-1036","ETV.23"" No.3",R,M18801,PAP20,B/O,09/05/2025 09:05,เก็บไว้ใช้,902,
9/9/2024_134121,28/04/2025 22:40,Size change ,Old,"Bladder push23""0136-1-1036","ETV.23"" No.3",AR,M18801,PAP20,B/O,09/05/2025 09:05,เก็บไว้ใช้,903,
4/29/2025_161,29/04/2025 01:06,MTG รั่ว,New,"MTG bladder 10""12"" 0216-1-1068","MTG 10"" No.1",C,M18201,BNS16,B/O,05/05/2025 21:44,เก็บไว้ใช้,904,
29/4/2025_133446,29/04/2025 13:34,MTG รั่ว,New,"MTG bladder 22""23"" 0216-1-1666",MTG 21''22''23'' No.2,C,M13105,BNS18,B/O,31/05/2025 23:29,เก็บไว้ใช้,905,
"April 28, 2025_01937",29/04/2025 13:36,Size change ,Old,"MTG bladder 22""23"" 0216-1-1666",MTG 21''22''23'' No.1,C,M18801,BNS20,Leak (รั่ว),07/05/2025 12:37,ทิ้ง,906,กลาง
4/30/2025_135913,30/04/2025 13:59,Bladder Turn up เสียรูป,New,"Bladder turnup 20"" 0137-1-1023","ETV.20"" No.1",AR,M01103,PAP11,"Deform (เบี้ยว, ผิดรูปร่าง)",30/05/2025 18:48,ทิ้ง,907,ด้านซ้าย
5/2/2025_084,02/05/2025 00:08,Bladder Turn up รั่ว,New,"Bladder turnup 10 "" 0239-1-1094 part store","ETV.10"" No.2",R,M18201,PAP16,B/O,05/05/2025 20:23,เก็บไว้ใช้,908,
5/2/2025_95547,02/05/2025 09:55,Bladder Turn up รั่ว,New,"Bladder turmup 14"" 0239-1-1112","ETV.14"" No.2",R,M15105 / EL,PAP21B,Bad material (วัสดุไม่ดี),02/05/2025 17:01,เก็บไว้ใช้,909,ด้านขวา
5/2/2025_17129,02/05/2025 17:01,Bladder Turn up จุกชำรุด,New,"Bladder turmup 14"" 0239-1-1112","ETV.14"" No.2",R,M15105 / EL,PAP21B,B/O,10/05/2025 04:58,เก็บไว้ใช้,910,
5/2/2025_213217,02/05/2025 21:32,Bladder Turn up รั่ว,New,"Bladder turnup 10 "" 0239-1-1094 part store","ETV.10"" No.2",AR,M18201,PAP16,B/O,05/05/2025 20:23,เก็บไว้ใช้,911,
8/22/2024_52448,03/05/2025 01:46,Size change ,Old,"Biadder push 16"" 0136-1-1051","ETV.16"" No.1",AR,M10001,PAP19,B/O,15/05/2025 09:53,เก็บไว้ใช้,912,
8/22/2024_54319,03/05/2025 01:48,Size change ,Old,"Biadder push 16"" 0136-1-1051","ETV.16"" No.1",R,M10001,PAP19,B/O,15/05/2025 09:53,เก็บไว้ใช้,913,
8/22/2024_53150,03/05/2025 01:49,Size change ,Old,"Bladder turnup 16 "" 0137-1-1051","ETV.16"" No.1",AR,M10001,PAP19,B/O,15/05/2025 09:53,เก็บไว้ใช้,914,
8/22/2024_5269,03/05/2025 01:50,Size change ,Old,"Bladder turnup 16 "" 0137-1-1051","ETV.16"" No.1",R,M10001,PAP19,B/O,15/05/2025 09:53,เก็บไว้ใช้,915,
5/3/2025_101727,03/05/2025 10:17,เกิดปัญหาด้าน Quality,New,"MTG Bladder 16"" 0216-1-1266","MTG 16"" No.1",C,M10001,BNS19,B/O,15/05/2025 10:21,เก็บไว้ใช้,916,
10/3/2025_142928,05/05/2025 20:23,Size change ,Old,"Bladder turnup 12"" 0239-1-1128","ETV.12"" No.1",AR,M13702,PAP16,B/O,10/05/2025 23:06,เก็บไว้ใช้,917,
3/6/2025_141956,05/05/2025 20:24,Size change ,Old,"Bladder turnup 12"" 0239-1-1128","ETV.12"" No.1",R,M13702,PAP16,B/O,10/05/2025 23:06,เก็บไว้ใช้,918,
2/11/2025_7247,05/05/2025 21:45,Size change ,Old,"MTG bladder 10""12"" 0216-1-1068","MTG 12"" No.1",C,M13702,BNS16,B/O,30/09/2025 10:58,เก็บไว้ใช้,919,
10/16/2024_17128,06/05/2025 06:26,Size change ,Old,"Bladder turnup 15"" 0114-1-1033 Part store","ETV.15"" No.4",AR,M08203,PAP14,B/O,27/05/2025 08:43,เก็บไว้ใช้,920,
4/5/2025_0172,06/05/2025 06:28,Size change ,Old,"Bladder turnup 15"" 0114-1-1033 Part store","ETV.15"" No.4",R,M08203,PAP14,B/O,27/05/2025 08:43,เก็บไว้ใช้,921,
"May 7, 2025_12260",07/05/2025 12:26,MTG รั่ว,New,"MTG bladder 22""23"" 0216-1-1666",MTG 21''22''23'' No.1,C,M18801,BNS20,B/O,10/05/2025 00:13,เก็บไว้ใช้,922,กลาง
25/12/2024_154551,09/05/2025 09:06,Size change ,Old,"Bladder turnup 22"" 0137-1-1033","ETV.22"" No.3",AR,Test,PAP20,B/O,16/05/2025 03:09,เก็บไว้ใช้,923,
25/12/2024_14125,09/05/2025 09:08,Size change ,Old,"Bladder turnup 22"" 0137-1-1033","ETV.22"" No.3",R,Test,PAP20,B/O,16/05/2025 03:08,เก็บไว้ใช้,924,
9/7/2024_162042,09/05/2025 09:09,Size change ,Old,"Bladder push 22"" 0136-1-1033","ETV.22"" No.3",AR,Test,PAP20,B/O,16/05/2025 03:08,เก็บไว้ใช้,925,
9/7/2024_161822,09/05/2025 09:10,Size change ,Old,"Bladder push 22"" 0136-1-1033","ETV.22"" No.3",R,Test,PAP20,B/O,16/05/2025 03:08,เก็บไว้ใช้,926,
24/3/2025_143022,10/05/2025 00:13,Size change ,Old,MTG bladder 0216-1-1670,MTG 21''22''23'' No.1,C,M21701,BNS20,B/O,16/05/2025 14:10,เก็บไว้ใช้,927,
3/6/2025_16831,10/05/2025 04:59,Size change ,Old,"Bladder turmup 14"" 0239-1-1112","ETV.14"" No.2",AR,M15103,PAP21B,B/O,03/07/2025 14:09,เก็บไว้ใช้,928,
5/2/2025_17129,10/05/2025 05:00,Size change ,Old,"Bladder turmup 14"" 0239-1-1112","ETV.14"" No.2",R,M15103,PAP21B,B/O,03/07/2025 14:09,เก็บไว้ใช้,929,
3/6/2025_141956,10/05/2025 23:06,Size change ,Old,"Bladder turnup 12"" 0239-1-1128","ETV.12"" No.1",AR,M20001,PAP16,B/O,20/05/2025 20:18,เก็บไว้ใช้,930,ด้านซ้าย
10/3/2025_142928,10/05/2025 23:07,Size change ,Old,"Bladder turnup 12"" 0239-1-1128","ETV.12"" No.1",R,M20001,PAP16,B/O,20/05/2025 20:18,เก็บไว้ใช้,931,ด้านขวา
3/14/2025_9646,12/05/2025 15:28,Size change ,Old,"Bladder turnup 20"" 0137-1-1023","ETV.20"" No.3",AR,M01103,PAP18,"Deform (เบี้ยว, ผิดรูปร่าง)",16/05/2025 20:35,ทิ้ง,932,
10/16/2024_235650,12/05/2025 15:28,Size change ,Old,"Bladder push 20"" 0136-1-1023","ETV.20"" No.3",AR,M01103,PAP18,B/O,02/06/2025 14:02,เก็บไว้ใช้,933,
3/23/2025_16543,12/05/2025 15:29,Size change ,Old,"Bladder turnup 20"" 0137-1-1023","ETV.20"" No.3",R,M01103,PAP18,"Deform (เบี้ยว, ผิดรูปร่าง)",29/05/2025 10:26,ทิ้ง,934,ด้านขวา
12/15/2024_55748,12/05/2025 15:31,Size change ,Old,"Bladder push 20"" 0136-1-1023","ETV.20"" No.3",R,M01103,PAP18,B/O,02/06/2025 14:01,เก็บไว้ใช้,935,
8/6/2024_103810,15/05/2025 05:56,Size change ,Old,"Bladder turnup 20"" 0137-1-1023","ETV.20"" No.2",AR,M01103,PAP12,B/O,22/05/2025 14:52,เก็บไว้ใช้,936,ด้านซ้าย
7/10/2024_171238,15/05/2025 05:58,Size change ,Old,"Bladder push 20"" 0136-1-1023","ETV.20"" No.2",AR,M01103,PAP12,B/O,22/05/2025 14:52,เก็บไว้ใช้,937,ด้านซ้าย
9/7/2024_165158,15/05/2025 06:01,Size change ,Old,"Bladder turnup 20"" 0137-1-1023","ETV.20"" No.2",R,M01103,PAP12,B/O,22/05/2025 14:52,เก็บไว้ใช้,938,ด้านขวา
8/6/2024_141916,15/05/2025 06:02,Size change ,Old,"Bladder push 20"" 0136-1-1023","ETV.20"" No.2",R,M01103,PAP12,B/O,22/05/2025 14:51,เก็บไว้ใช้,939,ด้านขวา
8/7/2024_201627,15/05/2025 09:54,Size change ,Old,"Bladder trunup23""0137-1-1036","ETV.23"" No.4",AR,M16006,PAP19,B/O,20/05/2025 04:00,เก็บไว้ใช้,940,
8/7/2024_201525,15/05/2025 09:55,Size change ,Old,"Bladder push23""0136-1-1036","ETV.23"" No.4",AR,M16006,PAP19,B/O,20/05/2025 04:00,เก็บไว้ใช้,941,
10/2/2024_125210,15/05/2025 09:56,Size change ,Old,"Bladder trunup23""0137-1-1036","ETV.23"" No.4",R,M16006,PAP19,B/O,20/05/2025 04:00,เก็บไว้ใช้,942,
10/2/2024_125952,15/05/2025 09:57,Size change ,Old,"Bladder push23""0136-1-1036","ETV.23"" No.4",R,M16006,PAP19,B/O,20/05/2025 04:00,เก็บไว้ใช้,943,
9/9/2024_133920,16/05/2025 03:09,Size change ,Old,"Bladder trunup23""0137-1-1036","ETV.23"" No.3",AR,M18801,PAP20,B/O,28/05/2025 10:29,เก็บไว้ใช้,944,ด้านซ้าย
9/9/2024_134121,16/05/2025 03:15,Size change ,Old,"Bladder push23""0136-1-1036","ETV.23"" No.3",AR,M18801,PAP20,B/O,28/05/2025 10:29,เก็บไว้ใช้,945,ด้านซ้าย
6/10/2024_81827,16/05/2025 03:16,Size change ,Old,"Bladder trunup23""0137-1-1036","ETV.23"" No.3",R,M18801,PAP20,B/O,28/05/2025 10:29,เก็บไว้ใช้,946,ด้านขวา
6/24/2024_134942,16/05/2025 03:19,Size change ,Old,"Bladder push23""0136-1-1036","ETV.23"" No.3",R,M00000,PAP20,B/O,16/05/2025 15:57,เก็บไว้ใช้,947,
29/4/2025_133446,16/05/2025 14:11,Size change ,Old,"MTG bladder 22""23"" 0216-1-1666",MTG 21''22''23'' No.1,C,M18801,BNS20,Leak (รั่ว),24/05/2025 23:10,ทิ้ง,948,กลาง
6/24/2024_134942,16/05/2025 15:57,Size change ,Old,"Bladder push23""0136-1-1036","ETV.23"" No.3",R,M18801,PAP20,B/O,28/05/2025 10:29,เก็บไว้ใช้,949,ด้านขวา
5/16/2025_203538,16/05/2025 20:35,Bladder Turn up เสียรูป,New,"Bladder turnup 20"" 0137-1-1023","ETV.20"" No.3",AR,M01103,PAP18,B/O,02/06/2025 14:01,เก็บไว้ใช้,950,
5/17/2025_134856,17/05/2025 13:48,Bladder Turn up เสียรูป,New,"Bladder trunup23""0137-1-1036","ETV.23"" No.1",AR,M05102,PAP13,B/O,24/05/2025 16:01,เก็บไว้ใช้,951,
5/17/2025_135018,17/05/2025 13:50,Push bladder รั่ว,New,"Bladder push23""0136-1-1036","ETV.23"" No.1",AR,M05102,PAP13,B/O,24/05/2025 16:01,เก็บไว้ใช้,952,
2/7/2025_45235,20/05/2025 04:01,Size change ,Old,"Bladder turnup 22"" 0137-1-1033","ETV.22"" No.1",AR,M20101,PAP19,B/O,24/05/2025 13:50,เก็บไว้ใช้,953,
2/7/2025_44947,20/05/2025 04:02,Size change ,Old,"Bladder push 22"" 0136-1-1033","ETV.22"" No.1",AR,M20101,PAP19,B/O,24/05/2025 13:50,เก็บไว้ใช้,954,
2/7/2025_4547,20/05/2025 04:02,Size change ,Old,"Bladder turnup 22"" 0137-1-1033","ETV.22"" No.1",R,M20101,PAP19,B/O,24/05/2025 13:50,เก็บไว้ใช้,955,
2/7/2025_45127,20/05/2025 04:03,Size change ,Old,"Bladder push 22"" 0136-1-1033","ETV.22"" No.1",R,M20101,PAP19,B/O,24/05/2025 13:50,เก็บไว้ใช้,956,
24/3/2025_143022,20/05/2025 09:36,Size change ,Old,MTG bladder 0216-1-1670,MTG 21''22''23'' No.3,C,M20101,BNS19,B/O,24/05/2025 13:48,เก็บไว้ใช้,957,
25/12/2024_91546,20/05/2025 20:18,Size change ,Old,"Bladder turnup 15"" 0114-1-1032","ETV.15"" No.2",R,M15501,PAP16,Leak (รั่ว),27/05/2025 16:43,ทิ้ง,958,
25/12/2024_9137,20/05/2025 20:19,Size change ,Old,"Bladder turnup 15"" 0114-1-1032","ETV.15"" No.2",AR,M15501,PAP16,Leak (รั่ว),21/05/2025 21:16,ทิ้ง,959,ด้านขวา
5/21/2025_211910,21/05/2025 21:19,"Bladder Turn up แตก, ฉีกขาด",New,"Bladder turnup 15"" 0114-1-1032","ETV.15"" No.2",AR,M15501,PAP16,B/O,29/05/2025 17:03,เก็บไว้ใช้,960,ด้านซ้าย
1/28/2025_214230,22/05/2025 14:54,Size change ,Old,"Bladder push 22"" 0136-1-1033","ETV.22"" No.4",AR,M12302,PAP12,B/O,22/05/2025 14:56,เก็บไว้ใช้,961,ด้านซ้าย
23/8/2024_71459,22/05/2025 14:55,Size change ,Old,"Bladder push 22"" 0136-1-1033","ETV.22"" No.4",AR,M12302,PAP12,B/O,22/05/2025 14:57,เก็บไว้ใช้,962,ด้านซ้าย
1/28/2025_214230,22/05/2025 14:56,Size change ,Old,"Bladder push 22"" 0136-1-1033","ETV.22"" No.4",AR,M12302,PAP12,Leak (รั่ว),04/06/2025 23:55,ทิ้ง,963,
23/8/2024_71459,22/05/2025 14:58,Size change ,Old,"Bladder turnup 22"" 0137-1-1033","ETV.22"" No.4",AR,M12302,PAP12,Leak (รั่ว),04/06/2025 23:55,ทิ้ง,964,
23/8/2024_7226,22/05/2025 14:59,Size change ,Old,"Bladder push 22"" 0136-1-1033","ETV.22"" No.4",R,M12302,PAP12,Leak (รั่ว),04/06/2025 23:59,ทิ้ง,965,
23/8/2024_72034,22/05/2025 15:01,Size change ,Old,"Bladder turnup 22"" 0137-1-1033","ETV.22"" No.4",R,M12302,PAP12,Leak (รั่ว),04/06/2025 23:59,ทิ้ง,966,
5/23/2025_043,23/05/2025 00:04,Bladder Turn up เสียรูป,New,"Bladder turnup 20"" 0137-1-1023","ETV.20"" No.1",R,M01103,PAP11,"Deform (เบี้ยว, ผิดรูปร่าง)",23/07/2025 11:11,ทิ้ง,967,
8/7/2024_201627,24/05/2025 13:39,Size change ,Old,"Bladder trunup23""0137-1-1036","ETV.23"" No.4",AR,M19501,BNS19,B/O,18/06/2025 16:47,เก็บไว้ใช้,968,
8/7/2024_201525,24/05/2025 13:46,Size change ,Old,"Bladder push23""0136-1-1036","ETV.23"" No.4",AR,M19501,BNS19,B/O,18/06/2025 16:47,เก็บไว้ใช้,969,
10/2/2024_125210,24/05/2025 13:47,Size change ,Old,"Bladder trunup23""0137-1-1036","ETV.23"" No.4",R,M19501,BNS19,B/O,18/06/2025 16:47,เก็บไว้ใช้,970,
10/2/2024_125952,24/05/2025 13:47,Size change ,Old,"Bladder push23""0136-1-1036","ETV.23"" No.4",R,M19501,BNS19,B/O,18/06/2025 16:47,เก็บไว้ใช้,971,
4/24/2025_144525,24/05/2025 13:48,MTG,Old,"MTG bladder 22""23"" 0216-1-1666",MTG 21''22''23'' No.3,C,M19501,BNS19,Leak (รั่ว),10/06/2025 10:53,ทิ้ง,972,กลาง
8/6/2024_103810,24/05/2025 15:56,Size change ,Old,"Bladder turnup 20"" 0137-1-1023","ETV.20"" No.2",AR,M01103,PAP13,B/O,16/06/2025 09:30,เก็บไว้ใช้,973,ด้านซ้าย
1/9/2025_174238,24/05/2025 15:57,Size change ,Old,"Bladder push 20"" 0136-1-1023","ETV.20"" No.2",AR,M01103,PAP13,B/O,16/06/2025 09:30,เก็บไว้ใช้,974,ด้านซ้าย
9/7/2024_165158,24/05/2025 15:58,Size change ,Old,"Bladder push 20"" 0136-1-1023","ETV.20"" No.2",R,M01103,PAP13,B/O,24/05/2025 15:59,เก็บไว้ใช้,975,
9/7/2024_165158,24/05/2025 15:59,Size change ,Old,"Bladder turnup 20"" 0137-1-1023","ETV.20"" No.2",R,M01103,PAP13,B/O,16/06/2025 09:29,เก็บไว้ใช้,976,ด้านขวา
8/6/2024_141916,24/05/2025 16:00,Size change ,Old,"Bladder push 20"" 0136-1-1023","ETV.20"" No.2",R,M01103,PAP13,B/O,16/06/2025 09:29,เก็บไว้ใช้,977,ด้านขวา
"May 24, 2025_231059",24/05/2025 23:10,MTG รั่ว,New,"MTG bladder 22""23"" 0216-1-1666",MTG 21''22''23'' No.1,C,M18801,BNS20,B/O,29/05/2025 00:20,เก็บไว้ใช้,978,
5/27/2025_164428,27/05/2025 16:44,Bladder Turn up รั่ว,New,"Bladder turnup 15"" 0114-1-1032","ETV.15"" No.2",R,M15501,PAP16,B/O,29/05/2025 17:03,เก็บไว้ใช้,979,ด้านขวา
11/13/2024_5312,28/05/2025 10:30,Size change ,Old,"Bladder push 22"" 0136-1-1033","ETV.22"" No.2",AR,M13105,PAP20,B/O,09/06/2025 19:57,เก็บไว้ใช้,980,
,28/05/2025 10:32,Size change ,Old,"Bladder turnup 22"" 0137-1-1033","ETV.22"" No.2",AR,M13105,PAP20,B/O,09/06/2025 19:57,เก็บไว้ใช้,981,
12/20/2024_135038,28/05/2025 10:33,Size change ,Old,"Bladder push 22"" 0136-1-1033","ETV.22"" No.2",R,M13105,PAP20,B/O,09/06/2025 19:57,เก็บไว้ใช้,982,
9/13/2024_221528,28/05/2025 10:34,Size change ,Old,"Bladder turnup 22"" 0137-1-1033","ETV.22"" No.2",R,M13105,PAP20,B/O,09/06/2025 19:57,เก็บไว้ใช้,983,
10/11/2024_1737,28/05/2025 10:35,Size change ,Old,"Bladder turnup 15"" 0114-1-1032","ETV.15"" No.4",AR,M06201,PAP14,B/O,05/06/2025 08:16,เก็บไว้ใช้,984,
10/23/2024_102225,28/05/2025 11:40,Size change ,Old,"Bladder turnup 15"" 0114-1-1032","ETV.15"" No.4",R,M06201,PAP14,B/O,05/06/2025 08:16,เก็บไว้ใช้,985,
"May 24, 2025_231059",29/05/2025 00:20,Size change ,Old,"MTG bladder 22""23"" 0216-1-1666",MTG 21''22''23'' No.1,C,M13105,BNS20,B/O,30/05/2025 15:32,เก็บไว้ใช้,986,กลาง
29/5/2025_102656,29/05/2025 10:26,Bladder Turn up เสียรูป,New,"Bladder turnup 20"" 0137-1-1023","ETV.20"" No.3",R,M01103,PAP18,B/O,02/06/2025 14:01,เก็บไว้ใช้,987,
5/2/2025_084,29/05/2025 17:01,Size change ,Old,"Bladder turnup 10 "" 0239-1-1094 part store","ETV.10"" No.2",R,M18201,PAP16,Leak (รั่ว),01/06/2025 20:15,ทิ้ง,988,ด้านขวา
5/2/2025_213217,29/05/2025 17:02,Size change ,Old,"Bladder turnup 10 "" 0239-1-1094 part store","ETV.10"" No.2",AR,M18201,PAP16,Leak (รั่ว),05/06/2025 15:27,ทิ้ง,989,
"May 30, 2025_153311",30/05/2025 15:33,MTG,New,"MTG bladder 22""23"" 0216-1-1666",MTG 21''22''23'' No.1,C,M13105,BNS20,B/O,09/06/2025 19:57,เก็บไว้ใช้,990,
5/30/2025_184928,30/05/2025 18:49,Bladder Turn up เสียรูป,New,"Bladder turnup 20"" 0137-1-1023","ETV.20"" No.1",AR,M01103,PAP11,"Deform (เบี้ยว, ผิดรูปร่าง)",23/06/2025 21:28,ทิ้ง,991,
4/29/2025_161,30/05/2025 23:35,Size change ,Old,"MTG bladder 10""12"" 0216-1-1068","MTG 10"" No.1",C,M18201,BNS16,B/O,07/06/2025 21:40,เก็บไว้ใช้,992,
24/3/2025_143022,31/05/2025 23:34,MTG รั่ว,Old,MTG bladder 0216-1-1670,MTG 21''22''23'' No.2,C,M01103,BNS18,B/O,02/06/2025 18:47,เก็บไว้ใช้,993,กลาง
6/1/2025_201550,01/06/2025 20:15,Bladder Turn up รั่ว,New,"Bladder turnup 10 "" 0239-1-1094 part store","ETV.10"" No.2",R,M18201,PAP16,B/O,07/07/2025 09:16,เก็บไว้ใช้,994,
14/3/2025_11733,02/06/2025 14:04,Size change ,Old,"Bladder Turn up 21"" 0137-1-1070","ETV.21"" No.2",AR,M19001,PAP18,B/O,05/06/2025 10:36,ทิ้ง,995,
22/7/2024_17512,02/06/2025 14:05,Size change ,Old,"Bladder Turn up 21"" 0137-1-1070","ETV.21"" No.2",AR,M19001,PAP18,B/O,02/06/2025 14:07,เก็บไว้ใช้,996,
21/3/2025_154741,02/06/2025 14:06,Size change ,Old,"Bladder Turn up 21"" 0137-1-1070","ETV.21"" No.2",R,M19001,PAP18,B/O,14/06/2025 03:04,เก็บไว้ใช้,997,
22/7/2024_17512,02/06/2025 14:07,Size change ,Old,"Bladder push 21"" 0136-1-1070","ETV.21"" No.2",AR,M19001,PAP18,B/O,14/06/2025 03:04,เก็บไว้ใช้,998,
4/12/2024_21625,02/06/2025 14:08,Size change ,Old,"Bladder push 21"" 0136-1-1070","ETV.21"" No.2",R,M19001,PAP18,B/O,14/06/2025 03:04,เก็บไว้ใช้,999,
24/3/2025_143022,02/06/2025 18:48,Size change ,Old,MTG bladder 0216-1-1670,MTG 21''22''23'' No.2,C,M19001,BNS18,B/O,14/06/2025 08:16,เก็บไว้ใช้,1000,
6/4/2025_213539,04/06/2025 21:35,MTG รั่ว,New,"MTG bladder 15"" 0216-1-1134","MTG 15"" No.1",C,M06201,BNS14,B/O,04/08/2025 08:22,เก็บไว้ใช้,1001,
1/28/2025_214230,04/06/2025 23:57,Size change ,Old,"Bladder push 22"" 0136-1-1033","ETV.22"" No.4",AR,M42203,PAP12,B/O,13/06/2025 04:17,เก็บไว้ใช้,1002,
6/4/2025_235914,04/06/2025 23:59,Bladder Turn up รั่ว,New,"Bladder turnup 22"" 0137-1-1033","ETV.22"" No.4",AR,M42203,PAP12,B/O,13/06/2025 04:17,เก็บไว้ใช้,1003,
6/5/2025_0140,05/06/2025 00:01,Push bladder รั่ว,New,"Bladder push 22"" 0136-1-1033","ETV.22"" No.4",R,M42203,PAP12,B/O,13/06/2025 04:17,เก็บไว้ใช้,1004,
9/13/2024_221448,05/06/2025 00:02,Bladder Turn up รั่ว,Old,"Bladder turnup 22"" 0137-1-1033","ETV.22"" No.4",R,M42203,PAP12,B/O,13/06/2025 04:16,เก็บไว้ใช้,1005,
12/20/2024_22540,05/06/2025 08:16,Size change ,Old,"Bladder turnup 15"" 0114-1-1033 Part store","ETV.15"" No.1",AR,M08201,PAP14,"Deform (เบี้ยว, ผิดรูปร่าง)",05/07/2025 12:32,ทิ้ง,1006,ด้านซ้าย
2/21/2025_231932,05/06/2025 08:18,Size change ,Old,"Bladder turnup 15"" 0114-1-1033 Part store","ETV.15"" No.1",R,M08201,PAP14,Leak (รั่ว),01/07/2025 22:35,ทิ้ง,1007,ด้านขวา
4/17/2025_131835,05/06/2025 08:19,Size change ,Old,"Bladder turnup 15"" 0114-1-1033 Part store","ETV.15"" No.3",R,M08201,PAP21A,Leak (รั่ว),30/06/2025 03:52,ทิ้ง,1008,
19/4/2025_52218,05/06/2025 08:31,Size change ,Old,"Bladder turnup 15"" 0114-1-1033 Part store","ETV.15"" No.3",AR,M08201,PAP21A,"Deform (เบี้ยว, ผิดรูปร่าง)",10/06/2025 01:29,ทิ้ง,1009,
5/6/2025_103639,05/06/2025 10:36,Bladder Turn up เสียรูป,New,"Bladder Turn up 21"" 0137-1-1070","ETV.21"" No.2",AR,M19001,PAP18,B/O,14/06/2025 03:04,เก็บไว้ใช้,1010,
5/6/2025_152735,05/06/2025 15:27,Bladder Turn up รั่ว,New,"Bladder turnup 10 "" 0239-1-1094 part store","ETV.10"" No.2",AR,M18201,PAP16,B/O,07/07/2025 09:16,เก็บไว้ใช้,1011,
5/21/2025_211910,07/06/2025 21:40,Size change ,Old,"Bladder turnup 15"" 0114-1-1032","ETV.15"" No.2",AR,M15501,PAP16,B/O,24/06/2025 12:28,เก็บไว้ใช้,1012,
5/27/2025_164428,07/06/2025 21:41,Size change ,Old,"Bladder turnup 15"" 0114-1-1032","ETV.15"" No.2",R,M15501,PAP16,B/O,24/06/2025 12:28,เก็บไว้ใช้,1013,
9/9/2024_133920,09/06/2025 19:58,Size change ,Old,"Bladder trunup23""0137-1-1036","ETV.23"" No.3",AR,Test,PAP20,B/O,13/06/2025 18:01,เก็บไว้ใช้,1014,ด้านซ้าย
9/9/2024_134121,09/06/2025 19:59,Size change ,Old,"Bladder push23""0136-1-1036","ETV.23"" No.3",AR,Test,PAP20,B/O,13/06/2025 18:01,เก็บไว้ใช้,1015,ด้านซ้าย
6/10/2024_81827,09/06/2025 20:00,Size change ,Old,"Bladder trunup23""0137-1-1036","ETV.23"" No.3",R,Test,PAP20,B/O,13/06/2025 18:01,เก็บไว้ใช้,1016,ด้านขวา
6/24/2024_134942,09/06/2025 20:01,Size change ,Old,"Bladder push23""0136-1-1036","ETV.23"" No.3",R,Test,PAP20,B/O,13/06/2025 18:00,เก็บไว้ใช้,1017,ด้านขวา
6/10/2025_12923,10/06/2025 01:29,Bladder Turn up เสียรูป,New,"Bladder turnup 15"" 0114-1-1033 Part store","ETV.15"" No.3",AR,M08201,PAP21A,"Deform (เบี้ยว, ผิดรูปร่าง)",16/06/2025 00:45,ทิ้ง,1019,
"May 24, 2025_231059",10/06/2025 10:54,MTG รั่ว,Old,"MTG bladder 22""23"" 0216-1-1666",MTG 21''22''23'' No.3,C,M19501,BNS19,B/O,18/06/2025 16:46,เก็บไว้ใช้,1020,
3/27/2025_2258,13/06/2025 04:19,Extension รั่ว,Old,"Bladder turnup 22"" 0137-1-1033","ETV.22"" No.2",AR,M42202,PAP12,B/O,18/06/2025 03:54,เก็บไว้ใช้,1023,
11/13/2024_5312,13/06/2025 04:21,Extension รั่ว,Old,"Bladder push 22"" 0136-1-1033","ETV.22"" No.2",AR,M42202,PAP12,B/O,18/06/2025 03:54,เก็บไว้ใช้,1024,
9/13/2024_221528,13/06/2025 04:21,Extension รั่ว,Old,"Bladder turnup 22"" 0137-1-1033","ETV.22"" No.2",R,M42202,PAP12,B/O,18/06/2025 03:53,เก็บไว้ใช้,1025,
12/20/2024_135038,13/06/2025 04:22,Extension รั่ว,Old,"Bladder push 22"" 0136-1-1033","ETV.22"" No.2",R,M42202,PAP12,B/O,18/06/2025 03:53,เก็บไว้ใช้,1026,
6/24/2024_134942,13/06/2025 18:01,Size change ,Old,"Bladder push23""0136-1-1036","ETV.23"" No.3",R,M16006,PAP20,B/O,22/07/2025 17:09,เก็บไว้ใช้,1027,
6/10/2024_81827,13/06/2025 18:02,Size change ,Old,"Bladder trunup23""0137-1-1036","ETV.23"" No.3",R,M16006,PAP20,B/O,22/07/2025 17:09,เก็บไว้ใช้,1028,
9/9/2024_134121,13/06/2025 18:04,Size change ,Old,"Bladder push23""0136-1-1036","ETV.23"" No.3",AR,M16006,PAP20,B/O,22/07/2025 17:09,เก็บไว้ใช้,1029,
9/9/2024_133920,13/06/2025 18:05,Size change ,Old,"Bladder trunup23""0137-1-1036","ETV.23"" No.3",AR,M16006,PAP20,B/O,22/07/2025 17:09,เก็บไว้ใช้,1030,
"May 7, 2025_12260",13/06/2025 18:06,Size change ,Old,"MTG bladder 22""23"" 0216-1-1666",MTG 21''22''23'' No.1,C,M16006,BNS20,Leak (รั่ว),16/06/2025 18:54,ทิ้ง,1031,
14/6/2025_81659,14/06/2025 08:16,Size change ,New,"MTG bladder 22""23"" 0216-1-1666",MTG 21''22''23'' No.2,C,M13105,BNS18,Leak (รั่ว),03/07/2025 10:53,ทิ้ง,1032,
2/7/2025_45235,14/06/2025 08:18,Size change ,Old,"Bladder turnup 22"" 0137-1-1033","ETV.22"" No.1",AR,M13105,PAP18,B/O,08/07/2025 14:11,เก็บไว้ใช้,1033,
2/7/2025_4547,14/06/2025 08:19,Size change ,Old,"Bladder push 22"" 0136-1-1033","ETV.22"" No.1",AR,M13105,PAP18,B/O,08/07/2025 14:11,เก็บไว้ใช้,1034,
2/7/2025_44947,14/06/2025 08:20,Size change ,Old,"Bladder turnup 22"" 0137-1-1033","ETV.22"" No.1",R,M13105,PAP18,B/O,08/07/2025 14:10,เก็บไว้ใช้,1035,
2/7/2025_45127,14/06/2025 08:21,Size change ,Old,"Bladder push 22"" 0136-1-1033","ETV.22"" No.1",R,M13105,PAP18,B/O,08/07/2025 14:10,เก็บไว้ใช้,1036,
6/16/2025_04556,16/06/2025 00:45,Bladder Turn up เสียรูป,New,"Bladder turnup 15"" 0114-1-1033 Part store","ETV.15"" No.3",AR,M08201,PAP21A,"Deform (เบี้ยว, ผิดรูปร่าง)",31/07/2025 09:01,ทิ้ง,1037,ด้านซ้าย
5/17/2025_135018,16/06/2025 13:00,Size change ,Old,"Bladder push23""0136-1-1036","ETV.23"" No.1",AR,M05102,PAP13,B/O,11/07/2025 09:59,เก็บไว้ใช้,1038,
5/17/2025_134856,16/06/2025 13:01,Size change ,Old,"Bladder trunup23""0137-1-1036","ETV.23"" No.1",AR,M05102,PAP13,B/O,11/07/2025 09:59,เก็บไว้ใช้,1039,
1/6/2025_85430,16/06/2025 13:03,Size change ,Old,"Bladder push23""0136-1-1036","ETV.23"" No.1",R,M05102,PAP13,B/O,11/07/2025 09:58,เก็บไว้ใช้,1040,
27/4/2025_91842,16/06/2025 13:04,Size change ,Old,"Bladder trunup23""0137-1-1036","ETV.23"" No.1",R,M05102,PAP13,B/O,11/07/2025 09:58,เก็บไว้ใช้,1041,
"June 16, 2025_185441",16/06/2025 18:54,MTG รั่ว,New,"MTG bladder 22""23"" 0216-1-1666",MTG 21''22''23'' No.1,C,M16006,BNS20,CQ เกิดปัญหาด้าน Quality,19/06/2025 16:39,เก็บไว้ใช้,1042,กลาง
8/6/2024_103810,18/06/2025 06:41,Size change ,Old,"Bladder turnup 20"" 0137-1-1023","ETV.20"" No.2",AR,M01103,PAP12,B/O,28/06/2025 16:26,เก็บไว้ใช้,1043,ด้านซ้าย
1/9/2025_174238,18/06/2025 06:42,Size change ,Old,"Bladder push 20"" 0136-1-1023","ETV.20"" No.2",AR,M01103,PAP12,B/O,28/06/2025 16:25,เก็บไว้ใช้,1044,ด้านซ้าย
9/7/2024_165158,18/06/2025 06:43,Size change ,Old,"Bladder turnup 20"" 0137-1-1023","ETV.20"" No.2",R,M01103,PAP12,B/O,28/06/2025 16:24,เก็บไว้ใช้,1045,ด้านขวา
8/6/2024_141916,18/06/2025 06:44,Size change ,Old,"Bladder push 20"" 0136-1-1023","ETV.20"" No.2",R,M01103,PAP12,B/O,28/06/2025 16:24,เก็บไว้ใช้,1046,ด้านขวา
8/22/2024_53150,18/06/2025 16:56,Size change ,Old,"Bladder turnup 16 "" 0137-1-1051","ETV.16"" No.1",AR,M10001,PAP19,B/O,25/06/2025 09:20,เก็บไว้ใช้,1047,
8/22/2024_52448,18/06/2025 16:58,Size change ,Old,"Biadder push 16"" 0136-1-1051","ETV.16"" No.1",AR,M10001,PAP19,B/O,25/06/2025 09:20,เก็บไว้ใช้,1048,
8/22/2024_5269,18/06/2025 17:00,Size change ,Old,"Bladder turnup 16 "" 0137-1-1051","ETV.16"" No.1",R,M10001,PAP19,Leak (รั่ว),23/06/2025 19:16,ทิ้ง,1049,
8/22/2024_54319,18/06/2025 17:02,Size change ,Old,"Biadder push 16"" 0136-1-1051","ETV.16"" No.1",R,M10001,PAP19,B/O,25/06/2025 09:20,เก็บไว้ใช้,1050,
5/3/2025_101727,18/06/2025 17:04,Size change ,Old,"MTG Bladder 16"" 0216-1-1266","MTG 16"" No.1",C,M10001,BNS19,B/O,25/06/2025 09:35,เก็บไว้ใช้,1051,
6/19/2025_164019,19/06/2025 16:40,เกิดปัญหาด้าน Quality,New,"MTG bladder 22""23"" 0216-1-1666",MTG 21''22''23'' No.1,C,M16006,BNS20,B/O,22/06/2025 18:14,เก็บไว้ใช้,1052,กลาง
"May 24, 2025_231059",22/06/2025 18:17,MTG,Old,"MTG bladder 22""23"" 0216-1-1666",MTG 21''22''23'' No.3,C,M16006,BNS20,Leak (รั่ว),25/06/2025 05:04,ทิ้ง,1053,กลาง
6/23/2025_191657,23/06/2025 19:16,Bladder Turn up รั่ว,New,"Bladder turnup 16 "" 0137-1-1051","ETV.16"" No.1",R,M10001,PAP19,B/O,25/06/2025 09:20,เก็บไว้ใช้,1054,
6/23/2025_212911,23/06/2025 21:29,Bladder Turn up เสียรูป,New,"Bladder turnup 20"" 0137-1-1023","ETV.20"" No.1",AR,M01103,PAP11,CQ เกิดปัญหาด้าน Quality,04/08/2025 08:26,เก็บไว้ใช้,1055,
10/3/2025_142928,24/06/2025 13:31,Size change ,Old,"Bladder turnup 12"" 0239-1-1128","ETV.12"" No.1",AR,M20001,PAP16,Leak (รั่ว),27/06/2025 18:01,ทิ้ง,1056,
3/6/2025_141956,24/06/2025 13:32,Size change ,Old,"Bladder turnup 12"" 0239-1-1128","ETV.12"" No.1",R,M20001,PAP16,B/O,30/06/2025 10:40,เก็บไว้ใช้,1057,ด้านขวา
25/6/2025_5512,25/06/2025 05:05,MTG รั่ว,New,"MTG bladder 22""23"" 0216-1-1666",MTG 21''22''23'' No.3,C,M16006,BNS20,B/O,25/06/2025 15:41,เก็บไว้ใช้,1058,
5/6/2025_103639,25/06/2025 09:20,Size change ,Old,"Bladder Turn up 21"" 0137-1-1070","ETV.21"" No.2",AR,M19001,PAP19,B/O,26/06/2025 09:20,เก็บไว้ใช้,1059,
22/7/2024_17512,25/06/2025 09:27,Size change ,Old,"Bladder push 21"" 0136-1-1070","ETV.21"" No.2",AR,M19001,PAP19,B/O,26/06/2025 09:20,เก็บไว้ใช้,1060,
21/3/2025_154741,25/06/2025 09:30,Size change ,Old,"Bladder Turn up 21"" 0137-1-1070","ETV.21"" No.2",R,M19001,PAP19,B/O,26/06/2025 09:20,เก็บไว้ใช้,1061,
4/12/2024_21625,25/06/2025 09:32,Size change ,Old,"Bladder push 21"" 0136-1-1070","ETV.21"" No.2",R,M19001,PAP19,B/O,26/06/2025 09:19,เก็บไว้ใช้,1062,
24/3/2025_143022,25/06/2025 15:41,Size change ,Old,MTG bladder 0216-1-1670,MTG 21''22''23'' No.3,C,M19001,BNS19,B/O,03/07/2025 03:29,เก็บไว้ใช้,1063,
25/6/2025_5512,25/06/2025 17:46,เกิดปัญหาด้าน Quality,Old,"MTG bladder 22""23"" 0216-1-1666",MTG 21''22''23'' No.4,C,M16006,BNS20,Leak (รั่ว),14/07/2025 15:24,ทิ้ง,1064,กลาง
6/26/2025_92044,26/06/2025 09:20,Extension รั่ว,New,"Bladder Turn up 21"" 0137-1-1070","ETV.21"" No.1",AR,M19001,PAP19,B/O,02/07/2025 20:00,เก็บไว้ใช้,1065,ด้านซ้าย
6/26/2025_10413,26/06/2025 10:04,Extension รั่ว,New,"Bladder push 21"" 0136-1-1070","ETV.21"" No.1",AR,M19001,PAP19,B/O,02/07/2025 20:00,เก็บไว้ใช้,1066,
6/26/2025_1053,26/06/2025 10:05,Extension รั่ว,New,"Bladder Turn up 21"" 0137-1-1070","ETV.21"" No.1",R,M19001,PAP19,B/O,02/07/2025 20:00,เก็บไว้ใช้,1067,ด้านขวา
6/26/2025_1068,26/06/2025 10:06,Extension รั่ว,New,"Bladder push 21"" 0136-1-1070","ETV.21"" No.1",R,M19001,PAP19,B/O,02/07/2025 20:00,เก็บไว้ใช้,1068,ด้านขวา
6/27/2025_18146,27/06/2025 18:01,Bladder Turn up รั่ว,New,"Bladder turnup 12"" 0239-1-1128","ETV.12"" No.1",AR,M20001,PAP16,B/O,30/06/2025 10:40,เก็บไว้ใช้,1069,ด้านซ้าย
3/27/2025_2258,28/06/2025 16:26,Size change ,Old,"Bladder turnup 22"" 0137-1-1033","ETV.22"" No.2",AR,M12302,PAP12,B/O,22/07/2025 17:17,เก็บไว้ใช้,1070,
11/13/2024_5312,28/06/2025 17:10,Size change ,Old,"Bladder push 22"" 0136-1-1033","ETV.22"" No.2",AR,M12302,PAP12,B/O,22/07/2025 17:17,เก็บไว้ใช้,1071,
9/13/2024_221528,28/06/2025 17:11,Size change ,Old,"Bladder turnup 22"" 0137-1-1033","ETV.22"" No.2",R,M12302,PAP12,B/O,22/07/2025 17:17,เก็บไว้ใช้,1072,
12/20/2024_135038,28/06/2025 17:12,Size change ,Old,"Bladder push 22"" 0136-1-1033","ETV.22"" No.2",R,M12302,PAP12,B/O,22/07/2025 17:17,เก็บไว้ใช้,1073,
6/29/2025_122648,29/06/2025 12:26,Push bladder รั่ว,New,"Bladder push 20"" 0136-1-1023","ETV.20"" No.1",AR,M01103,PAP11,CQ เกิดปัญหาด้าน Quality,04/08/2025 08:26,เก็บไว้ใช้,1074,
6/30/2025_35254,30/06/2025 03:52,Bladder Turn up รั่ว,New,"Bladder turnup 15"" 0114-1-1033 Part store","ETV.15"" No.3",R,M08201,PAP21A,"Deform (เบี้ยว, ผิดรูปร่าง)",25/07/2025 05:53,ทิ้ง,1075,ด้านขวา
8/22/2024_2569,30/06/2025 10:41,Size change ,Old,"Bladder turmup 14"" 0239-1-1112","ETV.14"" No.1",AR,M08401,PAP16,Leak (รั่ว),02/07/2025 07:54,ทิ้ง,1076,
3/22/2025_165240,30/06/2025 10:42,Size change ,Old,"Bladder turmup 14"" 0239-1-1112","ETV.14"" No.1",R,M08401,PAP16,B/O,07/07/2025 09:14,เก็บไว้ใช้,1077,ด้านขวา
1/7/2025_223556,01/07/2025 22:35,Bladder Turn up รั่ว,New,"Bladder turnup 15"" 0114-1-1033 Part store","ETV.15"" No.1",R,M08201,PAP14,B/O,16/07/2025 02:09,เก็บไว้ใช้,1078,
7/2/2025_75453,02/07/2025 07:54,Bladder Turn up รั่ว,New,"Bladder turmup 14"" 0239-1-1112","ETV.14"" No.1",AR,M08401,PAP16,B/O,07/07/2025 09:14,เก็บไว้ใช้,1079,ด้านขวา
10/2/2024_125952,02/07/2025 20:02,Size change ,Old,"Bladder push23""0136-1-1036","ETV.23"" No.4",AR,M19501,PAP19,B/O,02/07/2025 20:04,เก็บไว้ใช้,1080,
10/2/2024_125210,02/07/2025 20:03,Size change ,Old,"Bladder trunup23""0137-1-1036","ETV.23"" No.4",R,M19501,PAP19,B/O,09/07/2025 05:04,เก็บไว้ใช้,1081,
10/2/2024_125952,02/07/2025 20:04,Size change ,Old,"Bladder push23""0136-1-1036","ETV.23"" No.4",R,M19501,PAP19,B/O,09/07/2025 05:04,เก็บไว้ใช้,1082,
8/7/2024_201627,02/07/2025 20:05,Size change ,Old,"Bladder trunup23""0137-1-1036","ETV.23"" No.4",AR,M19501,PAP19,B/O,09/07/2025 05:04,เก็บไว้ใช้,1083,
8/7/2024_201525,02/07/2025 20:07,Size change ,Old,"Bladder push23""0136-1-1036","ETV.23"" No.4",AR,M19501,PAP19,B/O,09/07/2025 05:03,เก็บไว้ใช้,1084,
"June 16, 2025_185441",03/07/2025 03:29,Size change ,Old,"MTG bladder 22""23"" 0216-1-1666",MTG 21''22''23'' No.3,C,M19501,BNS19,B/O,09/07/2025 15:34,เก็บไว้ใช้,1085,
3/7/2025_105417,03/07/2025 10:54,MTG รั่ว,New,"MTG bladder 22""23"" 0216-1-1666",MTG 21''22''23'' No.2,C,M13105,BNS18,B/O,08/07/2025 19:17,เก็บไว้ใช้,1086,
3/6/2025_16831,03/07/2025 14:10,Size change ,Old,"Bladder turmup 14"" 0239-1-1112","ETV.14"" No.2",AR,M15702,PAP21B,B/O,15/08/2025 13:31,เก็บไว้ใช้,1087,
5/2/2025_17129,03/07/2025 14:11,Size change ,Old,"Bladder turmup 14"" 0239-1-1112","ETV.14"" No.2",R,M15702,PAP21B,B/O,15/08/2025 13:31,เก็บไว้ใช้,1088,
7/5/2025_123222,05/07/2025 12:32,Bladder Turn up เสียรูป,New,"Bladder turnup 15"" 0114-1-1033 Part store","ETV.15"" No.1",AR,M08201,PAP14,B/O,16/07/2025 02:09,เก็บไว้ใช้,1089,
5/6/2025_152735,07/07/2025 09:16,Size change ,Old,"Bladder turnup 10 "" 0239-1-1094 part store","ETV.10"" No.2",AR,M18201,PAP16,B/O,04/08/2025 08:22,เก็บไว้ใช้,1090,
6/1/2025_201550,07/07/2025 09:17,Size change ,Old,"Bladder turnup 10 "" 0239-1-1094 part store","ETV.10"" No.2",R,M18201,PAP16,Leak (รั่ว),09/07/2025 00:47,ทิ้ง,1091,ด้านขวา
4/29/2025_161,07/07/2025 14:25,Size change ,Old,"MTG bladder 10""12"" 0216-1-1068","MTG 10"" No.1",C,M18201,BNS16,B/O,14/07/2025 17:55,เก็บไว้ใช้,1092,
9/7/2024_165158,08/07/2025 14:11,Size change ,Old,"Bladder turnup 20"" 0137-1-1023","ETV.20"" No.1",R,M01103,PAP18,B/O,08/07/2025 14:29,เก็บไว้ใช้,1093,
9/7/2024_165158,08/07/2025 14:28,Size change ,Old,"Bladder turnup 20"" 0137-1-1023","ETV.20"" No.2",R,M01103,PAP18,B/O,17/07/2025 18:26,เก็บไว้ใช้,1094,
8/6/2024_141916,08/07/2025 14:30,Size change ,Old,"Bladder push 20"" 0136-1-1023","ETV.20"" No.2",R,M01103,PAP18,B/O,17/07/2025 18:25,เก็บไว้ใช้,1095,
8/6/2024_103810,08/07/2025 14:31,Size change ,Old,"Bladder turnup 20"" 0137-1-1023","ETV.20"" No.2",AR,M01103,PAP18,B/O,17/07/2025 18:25,เก็บไว้ใช้,1096,
1/9/2025_174238,08/07/2025 14:33,Size change ,Old,"Bladder push 20"" 0136-1-1023","ETV.20"" No.2",AR,M01103,PAP18,B/O,17/07/2025 18:25,เก็บไว้ใช้,1097,
24/3/2025_143022,08/07/2025 19:17,Size change ,Old,MTG bladder 0216-1-1670,MTG 21''22''23'' No.2,C,M01103,BNS18,B/O,17/07/2025 18:23,เก็บไว้ใช้,1098,
7/9/2025_04747,09/07/2025 00:47,Bladder Turn up รั่ว,New,"Bladder turnup 10 "" 0239-1-1094 part store","MTG 10"" No.2",R,M18201,PAP16,B/O,04/08/2025 08:21,เก็บไว้ใช้,1099,
8/22/2024_53150,09/07/2025 05:04,Size change ,Old,"Bladder turnup 16 "" 0137-1-1051","ETV.16"" No.1",AR,M10001,PAP19,B/O,15/07/2025 21:30,เก็บไว้ใช้,1100,
8/22/2024_52448,09/07/2025 05:05,Size change ,Old,"Biadder push 16"" 0136-1-1051","ETV.16"" No.1",AR,M10001,PAP19,B/O,15/07/2025 21:29,เก็บไว้ใช้,1101,
6/23/2025_191657,09/07/2025 05:06,Size change ,Old,"Bladder turnup 16 "" 0137-1-1051","ETV.16"" No.1",R,M10001,PAP19,B/O,15/07/2025 21:29,เก็บไว้ใช้,1102,
8/22/2024_54319,09/07/2025 05:08,Size change ,Old,"Biadder push 16"" 0136-1-1051","ETV.16"" No.1",R,M10001,PAP19,B/O,15/07/2025 21:29,เก็บไว้ใช้,1103,
5/3/2025_101727,09/07/2025 15:34,Size change ,Old,"MTG Bladder 16"" 0216-1-1266","MTG 16"" No.1",C,M10001,BNS19,B/O,16/07/2025 16:55,เก็บไว้ใช้,1104,
10/16/2024_235650,11/07/2025 10:03,Size change ,Old,"Bladder push 20"" 0136-1-1023","ETV.20"" No.3",AR,M01103,PAP13,Leak (รั่ว),11/07/2025 15:26,ทิ้ง,1105,ด้านซ้าย
10/16/2024_235650,11/07/2025 10:14,Size change ,Old,"Bladder turnup 20"" 0137-1-1023","ETV.20"" No.3",AR,M01103,PAP13,B/O,21/07/2025 21:17,เก็บไว้ใช้,1106,
12/15/2024_55748,11/07/2025 10:16,Size change ,Old,"Bladder push 20"" 0136-1-1023","ETV.20"" No.3",R,M01103,PAP13,B/O,21/07/2025 21:16,เก็บไว้ใช้,1107,
29/5/2025_102656,11/07/2025 10:18,Size change ,Old,"Bladder turnup 20"" 0137-1-1023","ETV.20"" No.3",R,M01103,PAP13,B/O,21/07/2025 21:16,เก็บไว้ใช้,1108,
7/11/2025_152828,11/07/2025 15:28,Size change ,New,"Bladder push 20"" 0136-1-1023","ETV.20"" No.3",AR,M01103,PAP13,B/O,21/07/2025 21:16,เก็บไว้ใช้,1109,
3/7/2025_105417,14/07/2025 15:24,MTG รั่ว,Old,"MTG bladder 22""23"" 0216-1-1666",MTG 21''22''23'' No.4,C,M16006,BNS20,B/O,23/07/2025 23:05,เก็บไว้ใช้,1110,
27/3/2025_18373,14/07/2025 18:48,Size change ,Old,"Bladder turnup 8"" 0239-1-1137","ETV.8"" No.1",R,M15601,PAP16,Leak (รั่ว),15/07/2025 14:19,ทิ้ง,1112,
2/12/2025_233023,14/07/2025 20:14,Size change ,Old,"MTG bladder 8"" 0216-1-1074","MTG 8""9'' No.1",C,M15601,BNS16,B/O,04/08/2025 08:22,เก็บไว้ใช้,1114,
7/15/2025_141935,15/07/2025 14:19,Bladder Turn up รั่ว,New,"Bladder turnup 8"" 0239-1-1137","ETV.8"" No.1",R,M15601,PAP16,B/O,18/07/2025 12:43,เก็บไว้ใช้,1115,
7/15/2025_151636,15/07/2025 15:16,Bladder Turn up รั่ว,New,"Bladder turnup 8"" 0239-1-1137","ETV.8"" No.1",AR,M15601,PAP16,B/O,18/07/2025 12:42,เก็บไว้ใช้,1116,
15/7/2025_165737,15/07/2025 16:57,Push bladder รั่ว,New,"Bladder push23""0136-1-1036","ETV.23"" No.2",AR,M18801,PAP17,B/O,20/08/2025 21:28,เก็บไว้ใช้,1117,
6/26/2025_92044,15/07/2025 21:25,Size change ,Old,"Bladder Turn up 21"" 0137-1-1070","ETV.21"" No.1",AR,M19001,PAP19,B/O,19/07/2025 09:49,เก็บไว้ใช้,1118,
6/26/2025_10413,15/07/2025 21:26,Size change ,Old,"Bladder push 21"" 0136-1-1070","ETV.21"" No.1",AR,M19001,PAP19,B/O,19/07/2025 09:49,เก็บไว้ใช้,1119,
6/26/2025_1053,15/07/2025 21:26,Size change ,Old,"Bladder Turn up 21"" 0137-1-1070","ETV.21"" No.1",R,M19001,PAP19,B/O,19/07/2025 09:48,เก็บไว้ใช้,1120,
6/26/2025_1068,15/07/2025 21:27,Size change ,Old,"Bladder push 21"" 0136-1-1070","ETV.21"" No.1",R,M19001,PAP19,B/O,19/07/2025 09:48,เก็บไว้ใช้,1121,
,16/07/2025 02:10,Size change ,Old,"Bladder turnup 15"" 0114-1-1032","ETV.15"" No.2",R,M15501,PAP14,B/O,26/07/2025 21:05,เก็บไว้ใช้,1122,
5/21/2025_211910,16/07/2025 02:11,Size change ,Old,"Bladder turnup 15"" 0114-1-1032","ETV.15"" No.2",AR,M15501,PAP14,B/O,26/07/2025 21:05,เก็บไว้ใช้,1123,
7/16/2025_165538,16/07/2025 16:55,Size change ,New,MTG bladder 0216-1-1670,MTG 21''22''23'' No.3,C,M19001,BNS19,B/O,06/08/2025 16:37,เก็บไว้ใช้,1124,
17/7/2025_18240,17/07/2025 18:24,Size change ,New,"MTG bladder 22""23"" 0216-1-1666",MTG 21''22''23'' No.2,C,M19501,BNS18,Bad material (วัสดุไม่ดี),12/08/2025 02:32,ทิ้ง,1125,กลาง
8/7/2024_201627,17/07/2025 21:14,Size change ,Old,"Bladder trunup23""0137-1-1036","ETV.23"" No.4",AR,M19501,PAP18,B/O,18/08/2025 09:56,เก็บไว้ใช้,1126,
8/7/2024_201525,17/07/2025 21:15,Size change ,Old,"Bladder push23""0136-1-1036","ETV.23"" No.4",AR,M19501,PAP18,B/O,18/08/2025 09:55,เก็บไว้ใช้,1127,
10/2/2024_125210,17/07/2025 21:16,Size change ,Old,"Bladder trunup23""0137-1-1036","ETV.23"" No.4",R,M19501,PAP18,Leak (รั่ว),13/08/2025 05:00,ทิ้ง,1128,ด้านขวา
10/2/2024_125952,17/07/2025 21:16,Size change ,Old,"Bladder push23""0136-1-1036","ETV.23"" No.4",R,M19501,PAP18,B/O,18/08/2025 09:55,เก็บไว้ใช้,1129,
6/27/2025_18146,18/07/2025 12:38,Size change ,Old,"Bladder turnup 12"" 0239-1-1128","ETV.12"" No.1",AR,M20001,PAP16,B/O,26/07/2025 20:29,เก็บไว้ใช้,1130,
3/6/2025_141956,18/07/2025 12:40,Size change ,Old,"Bladder turnup 12"" 0239-1-1128","ETV.12"" No.1",R,M20001,PAP16,"Deform (เบี้ยว, ผิดรูปร่าง)",22/07/2025 14:04,ทิ้ง,1131,
21/3/2025_154741,19/07/2025 09:49,Extension รั่ว,Old,"Bladder Turn up 21"" 0137-1-1070","ETV.21"" No.2",AR,M19001,PAP19,"Deform (เบี้ยว, ผิดรูปร่าง)",23/07/2025 09:25,ทิ้ง,1132,
3/25/2025_15282,19/07/2025 09:50,Extension รั่ว,Old,"Bladder push 21"" 0136-1-1070","ETV.21"" No.2",AR,M19001,PAP19,B/O,06/08/2025 13:39,เก็บไว้ใช้,1133,
3/25/2025_153521,19/07/2025 09:52,Extension รั่ว,Old,"Bladder push 21"" 0136-1-1070","ETV.21"" No.2",R,M19001,PAP19,Leak (รั่ว),02/08/2025 04:00,ทิ้ง,1134,ด้านขวา
7/19/2025_95246,19/07/2025 09:52,Extension รั่ว,New,"Bladder Turn up 21"" 0137-1-1070","ETV.21"" No.2",R,M19001,PAP19,"Deform (เบี้ยว, ผิดรูปร่าง)",19/07/2025 17:09,ทิ้ง,1135,
7/19/2025_17102,19/07/2025 17:10,Bladder Turn up เสียรูป,New,"Bladder Turn up 21"" 0137-1-1070","ETV.21"" No.2",R,M19001,PAP19,"Deform (เบี้ยว, ผิดรูปร่าง)",29/07/2025 13:09,ทิ้ง,1136,ด้านขวา
5/17/2025_135018,21/07/2025 21:17,Size change ,Old,"Bladder push23""0136-1-1036","ETV.23"" No.1",AR,M05102,PAP13,B/O,13/08/2025 21:25,เก็บไว้ใช้,1137,
5/17/2025_134856,21/07/2025 21:19,Size change ,Old,"Bladder trunup23""0137-1-1036","ETV.23"" No.1",AR,M05102,PAP13,B/O,13/08/2025 21:25,เก็บไว้ใช้,1138,
1/6/2025_85430,21/07/2025 21:22,Size change ,Old,"Bladder push23""0136-1-1036","ETV.23"" No.1",R,M05102,PAP13,,13/08/2025 21:24,เก็บไว้ใช้,1139,
27/4/2025_91842,21/07/2025 21:25,Size change ,Old,"Bladder trunup23""0137-1-1036","ETV.23"" No.1",R,M05102,PAP13,"Deform (เบี้ยว, ผิดรูปร่าง)",28/07/2025 13:44,ทิ้ง,1140,ด้านขวา
7/22/2025_14440,22/07/2025 14:04,Bladder Turn up เสียรูป,New,"Bladder turnup 12"" 0239-1-1128","ETV.12"" No.1",R,M20001,PAP16,B/O,26/07/2025 20:29,เก็บไว้ใช้,1141,
2/7/2025_45235,22/07/2025 17:10,Size change ,Old,"Bladder turnup 22"" 0137-1-1033","ETV.22"" No.1",AR,M13105,PAP20,B/O,13/08/2025 21:24,เก็บไว้ใช้,1142,
2/7/2025_44947,22/07/2025 17:11,Size change ,Old,"Bladder push 22"" 0136-1-1033","ETV.22"" No.1",AR,M13105,PAP20,B/O,13/08/2025 21:24,เก็บไว้ใช้,1143,
2/7/2025_4547,22/07/2025 17:13,Size change ,Old,"Bladder turnup 22"" 0137-1-1033","ETV.22"" No.1",R,M13105,PAP20,B/O,13/08/2025 21:23,เก็บไว้ใช้,1144,
2/7/2025_45127,22/07/2025 17:13,Size change ,Old,"Bladder push 22"" 0136-1-1033","ETV.22"" No.1",R,M13105,PAP20,B/O,13/08/2025 21:23,เก็บไว้ใช้,1145,
10/16/2024_235650,22/07/2025 17:15,Size change ,Old,"Bladder turnup 20"" 0137-1-1023","ETV.20"" No.2",AR,M01103,PAP12,B/O,02/08/2025 23:48,เก็บไว้ใช้,1146,
7/11/2025_152828,22/07/2025 17:29,Size change ,Old,"Bladder push 20"" 0136-1-1023","ETV.20"" No.2",AR,M01103,PAP12,B/O,02/08/2025 23:48,เก็บไว้ใช้,1147,
29/5/2025_102656,22/07/2025 17:30,Size change ,Old,"Bladder turnup 20"" 0137-1-1023","ETV.20"" No.2",R,M01103,PAP12,"Deform (เบี้ยว, ผิดรูปร่าง)",02/08/2025 23:47,ทิ้ง,1148,
12/15/2024_55748,22/07/2025 17:31,Size change ,Old,"Bladder push 20"" 0136-1-1023","ETV.20"" No.2",R,M01103,PAP12,B/O,02/08/2025 23:48,เก็บไว้ใช้,1149,
7/23/2025_92544,23/07/2025 09:25,Bladder Turn up เสียรูป,New,"Bladder Turn up 21"" 0137-1-1070","ETV.21"" No.2",AR,M19001,PAP19,B/O,06/08/2025 13:39,เก็บไว้ใช้,1150,
7/23/2025_111157,23/07/2025 11:11,Bladder Turn up รั่ว,New,"Bladder turnup 20"" 0137-1-1023","ETV.20"" No.1",R,M01103,PAP11,CQ เกิดปัญหาด้าน Quality,04/08/2025 08:26,เก็บไว้ใช้,1151,
7/23/2025_111247,23/07/2025 11:12,Push bladder รั่ว,New,"Bladder push 20"" 0136-1-1023","ETV.20"" No.1",R,M01103,PAP11,CQ เกิดปัญหาด้าน Quality,04/08/2025 08:25,เก็บไว้ใช้,1152,
3/7/2025_105417,23/07/2025 23:07,Size change ,Old,"MTG bladder 22""23"" 0216-1-1666",MTG 21''22''23'' No.4,C,M13105,BNS20,Leak (รั่ว),26/07/2025 12:29,ทิ้ง,1153,
7/25/2025_55416,25/07/2025 05:54,Bladder Turn up เสียรูป,New,"Bladder turnup 15"" 0114-1-1033 Part store","ETV.15"" No.3",R,M08201,PAP21A,"Deform (เบี้ยว, ผิดรูปร่าง)",31/07/2025 09:00,ทิ้ง,1154,ด้านขวา
"July 26, 2025_12307",26/07/2025 12:30,MTG รั่ว,New,"MTG bladder 22""23"" 0216-1-1666",MTG 21''22''23'' No.4,C,M13105,BNS20,CQ เกิดปัญหาด้าน Quality,05/08/2025 12:52,เก็บไว้ใช้,1155,
5/21/2025_211910,26/07/2025 21:06,Size change ,Old,"Bladder turnup 15"" 0114-1-1032","ETV.15"" No.2",AR,M15501,PAP16,B/O,06/08/2025 03:31,เก็บไว้ใช้,1156,ด้านซ้าย
5/27/2025_164428,26/07/2025 21:06,Size change ,Old,"Bladder turnup 15"" 0114-1-1032","ETV.15"" No.2",R,M15501,PAP16,B/O,06/08/2025 03:30,เก็บไว้ใช้,1157,ด้านขวา
7/28/2025_134437,28/07/2025 13:44,Bladder Turn up เสียรูป,New,"Bladder trunup23""0137-1-1036","ETV.23"" No.1",R,M05102,PAP13,B/O,13/08/2025 21:24,เก็บไว้ใช้,1158,
7/29/2025_13107,29/07/2025 13:10,Bladder Turn up เสียรูป,New,"Blabber trumup21"" 0137-1-1070","ETV.21"" No.2",R,M19001,PAP19,B/O,06/08/2025 13:39,เก็บไว้ใช้,1159,
7/31/2025_9145,31/07/2025 09:01,Bladder Turn up เสียรูป,New,"Bladder turnup 15"" 0114-1-1033 Part store","ETV.15"" No.3",AR,M08201,PAP21A,B/O,06/08/2025 23:53,เก็บไว้ใช้,1160,
7/31/2025_9348,31/07/2025 09:03,Bladder Turn up เสียรูป,New,"Bladder turnup 15"" 0114-1-1033 Part store","ETV.15"" No.3",R,M08201,PAP21A,B/O,06/08/2025 23:52,เก็บไว้ใช้,1161,
8/2/2025_4031,02/08/2025 04:00,Push bladder รั่ว,New,"Bladder push 21"" 0136-1-1070","ETV.21"" No.2",R,M19001,PAP19,B/O,06/08/2025 13:39,เก็บไว้ใช้,1162,
8/2/2025_23497,02/08/2025 23:49,Bladder Turn up เสียรูป,New,"Bladder turnup 20"" 0137-1-1023","ETV.20"" No.3",R,M01103,PAP12,B/O,07/08/2025 09:16,เก็บไว้ใช้,1163,
12/15/2024_55748,02/08/2025 23:50,Size change ,Old,"Bladder push 20"" 0136-1-1023","ETV.20"" No.3",R,M01103,PAP12,B/O,07/08/2025 09:16,เก็บไว้ใช้,1164,
10/16/2024_235650,02/08/2025 23:51,Size change ,Old,"Bladder turnup 20"" 0137-1-1023","ETV.20"" No.3",AR,M01103,PAP12,B/O,07/08/2025 09:15,เก็บไว้ใช้,1165,
7/11/2025_152828,02/08/2025 23:52,Size change ,Old,"Bladder push 20"" 0136-1-1023","ETV.20"" No.3",AR,M01103,PAP12,B/O,07/08/2025 09:11,เก็บไว้ใช้,1166,
10/16/2024_17128,04/08/2025 08:19,Extension รั่ว,Old,"Bladder turnup 15"" 0114-1-1033 Part store","ETV.15"" No.4",AR,M08201,PAP14,B/O,09/08/2025 21:35,เก็บไว้ใช้,1167,
4/5/2025_0172,04/08/2025 08:20,Extension รั่ว,Old,"Bladder turnup 15"" 0114-1-1033 Part store","ETV.15"" No.4",R,M08201,PAP14,B/O,09/08/2025 21:35,เก็บไว้ใช้,1168,ด้านซ้าย
8/6/2024_103810,04/08/2025 08:26,Extension รั่ว,Old,"Bladder turnup 20"" 0137-1-1023","ETV.20"" No.2",AR,M01103,PAP11,"Deform (เบี้ยว, ผิดรูปร่าง)",02/10/2025 10:01,ทิ้ง,1169,ด้านซ้าย
9/7/2024_165158,04/08/2025 08:28,Extension รั่ว,Old,"Bladder turnup 20"" 0137-1-1023","ETV.20"" No.2",R,M01103,PAP11,B/O,08/12/2025 06:38,เก็บไว้ใช้,1170,
1/9/2025_174238,04/08/2025 08:31,Extension รั่ว,Old,"Bladder push 20"" 0136-1-1023","ETV.20"" No.2",AR,M01103,PAP11,Leak (รั่ว),02/10/2025 10:02,ทิ้ง,1172,ด้านซ้าย
8/5/2025_125257,05/08/2025 12:52,เกิดปัญหาด้าน Quality,New,"MTG bladder 22""23"" 0216-1-1666",MTG 21''22''23'' No.1,C,M13105,BNS20,Leak (รั่ว),16/08/2025 21:40,ทิ้ง,1173,กลาง
6/27/2025_18146,06/08/2025 03:31,Size change ,Old,"Bladder turnup 12"" 0239-1-1128","ETV.12"" No.1",AR,M13702,PAP16,B/O,09/08/2025 21:32,เก็บไว้ใช้,1174,
7/22/2025_14440,06/08/2025 03:32,Size change ,Old,"Bladder turnup 12"" 0239-1-1128","ETV.12"" No.1",R,M13702,PAP16,B/O,09/08/2025 21:32,เก็บไว้ใช้,1175,
2/11/2025_7247,06/08/2025 09:19,Size change ,Old,"MTG bladder 10""12"" 0216-1-1068","MTG 12"" No.1",C,M13702,BNS16,B/O,13/08/2025 02:48,เก็บไว้ใช้,1176,
9/9/2024_134121,06/08/2025 13:40,Size change ,Old,"Bladder push23""0136-1-1036","ETV.23"" No.3",AR,M18801,PAP19,B/O,17/09/2025 04:58,เก็บไว้ใช้,1177,
9/9/2024_133920,06/08/2025 13:42,Size change ,Old,"Bladder trunup23""0137-1-1036","ETV.23"" No.3",AR,M18801,PAP19,B/O,06/08/2025 13:45,เก็บไว้ใช้,1178,
6/24/2024_134942,06/08/2025 13:43,Size change ,Old,"Bladder push23""0136-1-1036","ETV.23"" No.3",R,M18801,PAP19,B/O,06/08/2025 13:46,เก็บไว้ใช้,1179,
9/9/2024_133920,06/08/2025 13:44,Size change ,Old,"Bladder trunup23""0137-1-1036","ETV.23"" No.3",AR,M18801,PAP19,B/O,17/09/2025 04:58,เก็บไว้ใช้,1180,
6/24/2024_134942,06/08/2025 13:46,Size change ,Old,"Bladder push23""0136-1-1036","ETV.23"" No.3",R,M18801,PAP19,B/O,17/09/2025 04:56,เก็บไว้ใช้,1181,
6/10/2024_81827,06/08/2025 13:47,Size change ,Old,"Bladder trunup23""0137-1-1036","ETV.23"" No.3",R,M18801,PAP19,"Deform (เบี้ยว, ผิดรูปร่าง)",08/08/2025 17:36,ทิ้ง,1182,ด้านขวา
8/6/2025_163811,06/08/2025 16:38,Size change ,New,"MTG bladder 22""23"" 0216-1-1666",MTG 21''22''23'' No.3,C,M18801,BNS19,Leak (รั่ว),31/08/2025 10:17,ทิ้ง,1183,กลาง
7/5/2025_123222,06/08/2025 23:53,Extension รั่ว,Old,"Bladder turnup 15"" 0114-1-1033 Part store","ETV.15"" No.3",AR,M08201,PAP21A,B/O,25/08/2025 08:26,เก็บไว้ใช้,1184,
1/7/2025_223556,06/08/2025 23:55,Extension รั่ว,Old,"Bladder turnup 15"" 0114-1-1033 Part store","ETV.15"" No.3",R,M08201,PAP21A,B/O,25/08/2025 08:26,เก็บไว้ใช้,1185,
6/23/2025_212911,07/08/2025 09:16,Extension รั่ว,Old,"Bladder turnup 20"" 0137-1-1023","ETV.20"" No.1",AR,M01103,PAP12,"Deform (เบี้ยว, ผิดรูปร่าง)",12/08/2025 14:41,ทิ้ง,1186,ด้านซ้าย
6/29/2025_122648,07/08/2025 09:17,Extension รั่ว,Old,"Bladder push 20"" 0136-1-1023","ETV.20"" No.1",AR,M01103,PAP12,CQ เกิดปัญหาด้าน Quality,05/11/2025 13:36,เก็บไว้ใช้,1187,
7/23/2025_111157,07/08/2025 09:17,Extension รั่ว,Old,"Bladder turnup 20"" 0137-1-1023","ETV.20"" No.1",R,M01103,PAP12,"Deform (เบี้ยว, ผิดรูปร่าง)",02/09/2025 05:15,ทิ้ง,1188,ด้านขวา
7/23/2025_111247,07/08/2025 09:18,Extension รั่ว,Old,"Bladder push 20"" 0136-1-1023","ETV.20"" No.1",R,M01103,PAP12,CQ เกิดปัญหาด้าน Quality,05/11/2025 13:27,เก็บไว้ใช้,1189,
8/8/2025_17373,08/08/2025 17:37,Bladder Turn up เสียรูป,New,"Bladder trunup23""0137-1-1036","ETV.23"" No.3",R,M18801,PAP19,"Deform (เบี้ยว, ผิดรูปร่าง)",28/08/2025 00:13,ทิ้ง,1190,ด้านขวา
3/27/2025_2258,08/08/2025 19:54,Size change ,Old,"Bladder turnup 22"" 0137-1-1033","ETV.22"" No.2",AR,M12302,PAP13,B/O,27/08/2025 21:30,เก็บไว้ใช้,1191,
11/13/2024_5312,08/08/2025 19:55,Size change ,Old,"Bladder push 22"" 0136-1-1033","ETV.22"" No.2",AR,M12302,PAP13,B/O,27/08/2025 21:30,เก็บไว้ใช้,1192,
9/13/2024_221528,08/08/2025 19:56,Size change ,Old,"Bladder turnup 22"" 0137-1-1033","ETV.22"" No.2",R,M12302,PAP13,B/O,27/08/2025 21:30,เก็บไว้ใช้,1193,
12/20/2024_135038,08/08/2025 19:56,Size change ,Old,"Bladder push 22"" 0136-1-1033","ETV.22"" No.2",R,M12302,PAP13,B/O,27/08/2025 21:30,เก็บไว้ใช้,1194,
7/15/2025_141935,09/08/2025 21:32,Size change ,Old,"Bladder turnup 8"" 0239-1-1137","ETV.8"" No.1",R,M21401,PAP16,Tear (ฉีกขาด),11/08/2025 20:09,ทิ้ง,1195,
7/15/2025_151636,09/08/2025 21:34,Size change ,Old,"Bladder turnup 8"" 0239-1-1137","ETV.8"" No.1",AR,M21401,PAP16,Leak (รั่ว),11/08/2025 19:49,ทิ้ง,1196,
5/27/2025_164428,09/08/2025 21:34,Size change ,Old,"Bladder turnup 15"" 0114-1-1032","ETV.15"" No.2",R,M15501,PAP14,B/O,13/08/2025 10:13,เก็บไว้ใช้,1197,
5/21/2025_211910,09/08/2025 21:38,Size change ,Old,"Bladder turnup 15"" 0114-1-1032","ETV.15"" No.2",AR,M15501,PAP14,B/O,13/08/2025 10:12,เก็บไว้ใช้,1198,
8/11/2025_135323,11/08/2025 13:53,Bladder Turn up เสียรูป,New,"Bladder trunup23""0137-1-1036","ETV.23"" No.2",AR,M18801,PAP17,B/O,20/08/2025 21:28,เก็บไว้ใช้,1199,
8/11/2025_194951,11/08/2025 19:49,Bladder Turn up รั่ว,New,"Bladder turnup 8"" 0239-1-1137","ETV.8"" No.1",AR,M21401,PAP16,B/O,16/08/2025 02:03,เก็บไว้ใช้,1200,
8/11/2025_19519,11/08/2025 19:51,Bladder Turn up จุกชำรุด,New,"Bladder turnup 8"" 0239-1-1137","ETV.8"" No.1",R,M21401,PAP16,Leak (รั่ว),14/08/2025 15:21,ทิ้ง,1201,ด้านขวา
12/8/2025_23332,12/08/2025 02:33,MTG รั่ว,New,"MTG bladder 22""23"" 0216-1-1666",MTG 21''22''23'' No.2,C,M19501,BNS18,CQ เกิดปัญหาด้าน Quality,12/08/2025 08:14,เก็บไว้ใช้,1202,กลาง
12/8/2025_81515,12/08/2025 08:15,เกิดปัญหาด้าน Quality,New,"MTG bladder 22""23"" 0216-1-1666",MTG 21''22''23'' No.2,C,M19501,BNS18,CQ เกิดปัญหาด้าน Quality,12/08/2025 10:46,เก็บไว้ใช้,1203,กลาง
12/8/2025_104636,12/08/2025 10:46,เกิดปัญหาด้าน Quality,New,"MTG bladder 22""23"" 0216-1-1666",MTG 21''22''23'' No.2,C,M19501,BNS18,B/O,18/08/2025 09:52,เก็บไว้ใช้,1204,
8/12/2025_144151,12/08/2025 14:41,Bladder Turn up เสียรูป,New,"Bladder turnup 20"" 0137-1-1023","ETV.20"" No.1",AR,M01103,PAP12,"Deform (เบี้ยว, ผิดรูปร่าง)",20/08/2025 10:14,ทิ้ง,1205,ด้านซ้าย
13/8/2025_22434,13/08/2025 02:24,MTG รั่ว,New,"MTG bladder 8"" 0216-1-1074","MTG 8""9'' No.1",C,M21401,BNS16,B/O,16/08/2025 02:04,เก็บไว้ใช้,1206,
,13/08/2025 02:26,Size change ,Old,"MTG bladder 8"" 0216-1-1074","MTG 8""9'' No.1",C,M21401,BNS16,Leak (รั่ว),13/08/2025 02:50,ทิ้ง,1207,กลาง
13/8/2025_54229,13/08/2025 05:42,Bladder Turn up รั่ว,New,"Bladder trunup23""0137-1-1036","ETV.23"" No.4",R,M19501,PAP18,B/O,18/08/2025 09:55,เก็บไว้ใช้,1208,
10/16/2024_17128,13/08/2025 10:09,Size change ,Old,"Bladder turnup 15"" 0114-1-1033 Part store","ETV.15"" No.4",AR,M08201,PAP14,B/O,16/08/2025 13:14,เก็บไว้ใช้,1209,
4/5/2025_0172,13/08/2025 10:11,Size change ,Old,"Bladder turnup 15"" 0114-1-1033 Part store","ETV.15"" No.4",R,M08201,PAP14,B/O,16/08/2025 13:14,เก็บไว้ใช้,1210,
5/17/2025_134856,13/08/2025 21:25,Size change ,Old,"Bladder trunup23""0137-1-1036","ETV.23"" No.1",AR,M21801,PAP20,B/O,15/08/2025 12:20,เก็บไว้ใช้,1211,
5/17/2025_135018,13/08/2025 21:26,Size change ,Old,"Bladder push23""0136-1-1036","ETV.23"" No.1",AR,M21801,PAP20,B/O,15/08/2025 12:20,เก็บไว้ใช้,1212,
1/6/2025_85430,13/08/2025 21:27,Size change ,Old,"Bladder push23""0136-1-1036","ETV.23"" No.1",R,M21801,PAP20,B/O,15/08/2025 12:20,เก็บไว้ใช้,1213,
7/28/2025_134437,13/08/2025 22:54,Size change ,Old,"Bladder trunup23""0137-1-1036","ETV.23"" No.1",R,M21801,PAP20,B/O,15/08/2025 12:19,เก็บไว้ใช้,1214,
8/14/2025_9595,14/08/2025 09:59,Push bladder รั่ว,New,"Bladder push 20"" 0136-1-1023","ETV.20"" No.2",R,M01103,PAP11,Leak (รั่ว),20/09/2025 04:02,ทิ้ง,1215,ด้านขวา
8/14/2025_15222,14/08/2025 15:22,Bladder Turn up รั่ว,New,"Bladder turnup 8"" 0239-1-1137","ETV.8"" No.1",R,M21401,PAP16,B/O,16/08/2025 02:03,เก็บไว้ใช้,1216,
5/17/2025_134856,15/08/2025 12:20,Size change ,Old,"Bladder trunup23""0137-1-1036","ETV.23"" No.1",AR,M16006,PAP20,B/O,22/08/2025 03:47,เก็บไว้ใช้,1217,
5/17/2025_135018,15/08/2025 12:21,Size change ,Old,"Bladder push23""0136-1-1036","ETV.23"" No.1",AR,M16006,PAP20,B/O,22/08/2025 03:47,เก็บไว้ใช้,1218,
7/28/2025_134437,15/08/2025 12:22,Size change ,Old,"Bladder trunup23""0137-1-1036","ETV.23"" No.1",R,M16006,PAP20,B/O,22/08/2025 03:47,เก็บไว้ใช้,1219,
1/6/2025_85430,15/08/2025 12:22,Size change ,Old,"Bladder push23""0136-1-1036","ETV.23"" No.1",R,M16006,PAP20,B/O,22/08/2025 03:47,เก็บไว้ใช้,1220,
8/15/2025_133116,15/08/2025 13:31,Size change ,New,"Bladder turmup 14"" 0239-1-1112","ETV.14"" No.2",AR,M15103,PAP21B,B/O,08/10/2025 08:35,เก็บไว้ใช้,1221,
5/2/2025_17129,15/08/2025 13:34,Size change ,Old,"Bladder turmup 14"" 0239-1-1112","ETV.14"" No.2",R,M15103,PAP21B,Leak (รั่ว),16/08/2025 08:20,ทิ้ง,1222,ด้านขวา
7/2/2025_75453,16/08/2025 02:04,Size change ,Old,"Bladder turmup 14"" 0239-1-1112","ETV.14"" No.1",AR,M15702,PAP16,B/O,06/09/2025 12:58,เก็บไว้ใช้,1223,
3/22/2025_165240,16/08/2025 02:05,Size change ,Old,"Bladder turmup 14"" 0239-1-1112","ETV.14"" No.1",R,M15702,PAP16,B/O,06/09/2025 12:58,เก็บไว้ใช้,1224,
8/16/2025_82123,16/08/2025 08:21,Bladder Turn up จุกชำรุด,New,"Bladder turmup 14"" 0239-1-1112","ETV.14"" No.2",R,M15103,PAP21B,B/O,08/10/2025 08:35,เก็บไว้ใช้,1225,
5/21/2025_211910,16/08/2025 13:15,Size change ,Old,"Bladder turnup 15"" 0114-1-1032","ETV.15"" No.2",AR,M15501,PAP14,B/O,25/08/2025 08:25,เก็บไว้ใช้,1226,
5/27/2025_164428,16/08/2025 13:16,Size change ,Old,"Bladder turnup 15"" 0114-1-1032","ETV.15"" No.2",R,M15501,PAP14,B/O,25/08/2025 08:25,เก็บไว้ใช้,1227,
"July 26, 2025_12307",16/08/2025 21:41,MTG รั่ว,Old,"MTG bladder 22""23"" 0216-1-1666",MTG 21''22''23'' No.1,C,M16006,BNS20,Leak (รั่ว),20/08/2025 12:29,ทิ้ง,1228,กลาง
24/3/2025_143022,18/08/2025 09:52,Size change ,Old,MTG bladder 0216-1-1670,MTG 21''22''23'' No.2,C,M19001,BNS18,B/O,29/08/2025 21:04,เก็บไว้ใช้,1229,
16/8/2024_15282,18/08/2025 10:01,Size change ,Old,"Bladder push 21"" 0136-1-1070","ETV.21"" No.2",AR,M19001,PAP18,B/O,29/08/2025 15:21,เก็บไว้ใช้,1230,
7/23/2025_92544,18/08/2025 10:04,Size change ,Old,"Bladder Turn up 21"" 0137-1-1070","ETV.21"" No.2",AR,M19001,PAP18,B/O,29/08/2025 15:21,เก็บไว้ใช้,1231,
8/2/2025_4031,18/08/2025 10:05,Size change ,Old,"Bladder push 21"" 0136-1-1070","ETV.21"" No.2",R,M19001,PAP18,B/O,29/08/2025 15:21,เก็บไว้ใช้,1232,
7/29/2025_13107,18/08/2025 10:06,Size change ,Old,"Bladder push 21"" 0136-1-1070","ETV.21"" No.2",R,M19001,PAP18,B/O,29/08/2025 15:21,เก็บไว้ใช้,1233,
8/20/2025_101642,20/08/2025 10:16,Bladder Turn up เสียรูป,New,"Bladder turnup 20"" 0137-1-1023","ETV.20"" No.1",AR,M01103,PAP12,CQ เกิดปัญหาด้าน Quality,05/11/2025 13:26,เก็บไว้ใช้,1234,
12/8/2025_104636,20/08/2025 12:27,MTG รั่ว,Old,"MTG bladder 22""23"" 0216-1-1666",MTG 21''22''23'' No.1,C,M16006,PAP20,B/O,23/08/2025 03:38,เก็บไว้ใช้,1235,กลาง
25/12/2024_154551,20/08/2025 21:30,Size change ,Old,"Bladder turnup 22"" 0137-1-1033","ETV.22"" No.3",AR,M20101,PAP17,B/O,24/10/2025 19:27,เก็บไว้ใช้,1236,
9/7/2024_162042,20/08/2025 21:31,Size change ,Old,"Bladder push 22"" 0136-1-1033","ETV.22"" No.3",AR,M20101,PAP17,B/O,24/10/2025 19:27,เก็บไว้ใช้,1237,
25/12/2024_14125,20/08/2025 21:32,Size change ,Old,"Bladder turnup 22"" 0137-1-1033","ETV.22"" No.3",AR,M20101,PAP17,B/O,20/08/2025 21:33,เก็บไว้ใช้,1238,
25/12/2024_14125,20/08/2025 21:32,Size change ,Old,"Bladder turnup 22"" 0137-1-1033","ETV.22"" No.3",R,M20101,PAP17,"Deform (เบี้ยว, ผิดรูปร่าง)",10/09/2025 13:12,ทิ้ง,1239,ด้านขวา
9/7/2024_161822,20/08/2025 21:34,Size change ,Old,"Bladder push 22"" 0136-1-1033","ETV.22"" No.3",R,M20101,PAP17,Leak (รั่ว),03/10/2025 21:29,ทิ้ง,1240,
2/7/2025_45235,22/08/2025 03:47,Size change ,Old,"Bladder turnup 22"" 0137-1-1033","ETV.22"" No.1",AR,M13105,PAP20,B/O,04/09/2025 00:55,เก็บไว้ใช้,1241,
2/7/2025_44947,22/08/2025 03:48,Size change ,Old,"Bladder push 22"" 0136-1-1033","ETV.22"" No.1",AR,M13105,PAP20,B/O,04/09/2025 00:55,เก็บไว้ใช้,1242,
2/7/2025_4547,22/08/2025 03:49,Size change ,Old,"Bladder turnup 22"" 0137-1-1033","ETV.22"" No.1",R,M13105,PAP20,B/O,04/09/2025 00:55,เก็บไว้ใช้,1243,
2/7/2025_45127,22/08/2025 03:49,Size change ,Old,"Bladder push 22"" 0136-1-1033","ETV.22"" No.1",R,M13105,PAP20,B/O,04/09/2025 00:55,เก็บไว้ใช้,1244,
12/8/2025_104636,23/08/2025 03:39,Size change ,Old,"MTG bladder 22""23"" 0216-1-1666",MTG 21''22''23'' No.1,C,M13105,BNS20,B/O,04/09/2025 00:56,เก็บไว้ใช้,1245,
6/27/2025_18146,24/08/2025 00:26,Size change ,Old,"Bladder turnup 12"" 0239-1-1128","ETV.12"" No.1",AR,M20001,PAP16,Leak (รั่ว),26/08/2025 11:53,ทิ้ง,1246,ด้านซ้าย
7/22/2025_14440,24/08/2025 00:27,Size change ,Old,"Bladder turnup 12"" 0239-1-1128","ETV.12"" No.1",R,M20001,PAP16,Leak (รั่ว),23/09/2025 23:44,ทิ้ง,1247,
7/31/2025_9145,25/08/2025 08:26,Size change ,Old,"Bladder turnup 15"" 0114-1-1033 Part store","ETV.15"" No.3",AR,M08201,PAP14,"Deform (เบี้ยว, ผิดรูปร่าง)",29/08/2025 14:00,ทิ้ง,1248,ด้านซ้าย
7/31/2025_9348,25/08/2025 08:27,Size change ,Old,"Bladder turnup 15"" 0114-1-1033 Part store","ETV.15"" No.3",R,M08201,PAP14,B/O,31/08/2025 21:38,เก็บไว้ใช้,1249,ด้านขวา
7/5/2025_123222,25/08/2025 10:03,Extension รั่ว,Old,"Bladder turnup 15"" 0114-1-1033 Part store","ETV.15"" No.1",AR,M08201,PAP21A,,31/08/2025 23:36,ทิ้ง,1250,ด้านซ้าย
1/7/2025_223556,25/08/2025 10:04,Extension รั่ว,Old,"Bladder turnup 15"" 0114-1-1033 Part store","ETV.15"" No.1",R,M08201,PAP21A,B/O,20/11/2025 14:35,เก็บไว้ใช้,1251,
26/8/2025_115413,26/08/2025 11:54,Bladder Turn up รั่ว,New,"Bladder turnup 12"" 0239-1-1128","ETV.12"" No.1",AR,M20001,PAP16,Leak (รั่ว),30/09/2025 09:25,ทิ้ง,1252,ด้านซ้าย
5/17/2025_134856,27/08/2025 21:30,Size change ,Old,"Bladder trunup23""0137-1-1036","ETV.23"" No.1",AR,M05102,PAP13,"Deform (เบี้ยว, ผิดรูปร่าง)",10/09/2025 10:20,ทิ้ง,1253,ด้านซ้าย
5/17/2025_135018,27/08/2025 21:32,Size change ,Old,"Bladder push23""0136-1-1036","ETV.23"" No.1",AR,M05102,PAP13,B/O,07/10/2025 08:09,เก็บไว้ใช้,1254,
7/28/2025_134437,27/08/2025 21:33,Size change ,Old,"Bladder trunup23""0137-1-1036","ETV.23"" No.1",R,M05102,PAP13,"Deform (เบี้ยว, ผิดรูปร่าง)",10/09/2025 10:20,ทิ้ง,1255,ด้านขวา
1/6/2025_85430,27/08/2025 21:33,Size change ,Old,"Bladder push23""0136-1-1036","ETV.23"" No.1",R,M05102,PAP13,B/O,07/10/2025 08:09,เก็บไว้ใช้,1256,
8/28/2025_01417,28/08/2025 00:14,Bladder Turn up เสียรูป,New,"Bladder trunup23""0137-1-1036","ETV.23"" No.3",R,M18801,PAP19,B/O,17/09/2025 04:56,เก็บไว้ใช้,1257,
8/29/2025_14036,29/08/2025 14:00,Bladder Turn up เสียรูป,New,"Bladder turnup 15"" 0114-1-1033 Part store","ETV.15"" No.3",AR,M08201,PAP14,Bad material (วัสดุไม่ดี),31/08/2025 21:37,ทิ้ง,1258,ด้านซ้าย
29/8/2025_21435,29/08/2025 21:04,Size change ,New,"MTG bladder 22""23"" 0216-1-1666",MTG 21''22''23'' No.2,C,M19501,BNS18,Leak (รั่ว),12/09/2025 13:55,ทิ้ง,1259,กลาง
8/7/2024_201627,29/08/2025 21:05,Size change ,Old,"Bladder trunup23""0137-1-1036","ETV.23"" No.4",AR,M19501,PAP18,B/O,15/09/2025 09:13,เก็บไว้ใช้,1260,
13/8/2025_54229,29/08/2025 21:07,Size change ,Old,"Bladder push23""0136-1-1036","ETV.23"" No.4",AR,M19501,PAP18,B/O,15/09/2025 09:13,เก็บไว้ใช้,1261,
8/7/2024_201525,29/08/2025 21:07,Size change ,Old,"Bladder trunup23""0137-1-1036","ETV.23"" No.4",R,M19501,PAP18,B/O,15/09/2025 09:13,เก็บไว้ใช้,1262,
10/2/2024_125952,29/08/2025 21:08,Size change ,Old,"Bladder push23""0136-1-1036","ETV.23"" No.4",R,M19501,PAP18,B/O,15/09/2025 09:13,เก็บไว้ใช้,1263,
8/11/2025_194951,31/08/2025 00:34,Size change ,Old,"Bladder turnup 8"" 0239-1-1137","ETV.8"" No.1",AR,M13301,PAP16,Leak (รั่ว),01/09/2025 01:38,ทิ้ง,1264,ด้านซ้าย
8/14/2025_15222,31/08/2025 00:35,Size change ,Old,"Bladder turnup 8"" 0239-1-1137","ETV.8"" No.1",R,M13301,PAP16,Leak (รั่ว),05/09/2025 01:40,ทิ้ง,1265,ด้านขวา
8/31/2025_101735,31/08/2025 10:17,MTG รั่ว,New,"MTG bladder 22""23"" 0216-1-1666",MTG 21''22''23'' No.3,C,M18801,BNS19,Leak (รั่ว),15/09/2025 07:17,ทิ้ง,1266,กลาง
7/31/2025_9348,31/08/2025 21:38,เกิดปัญหาด้าน Quality,Old,"Bladder turnup 15"" 0114-1-1033 Part store","ETV.15"" No.3",AR,M08201,PAP14,"Deform (เบี้ยว, ผิดรูปร่าง)",08/09/2025 09:18,ทิ้ง,1267,ด้านซ้าย
8/31/2025_214029,31/08/2025 21:40,เกิดปัญหาด้าน Quality,New,"Bladder turnup 15"" 0114-1-1033 Part store","ETV.15"" No.3",R,M08201,PAP14,B/O,08/09/2025 09:18,เก็บไว้ใช้,1268,ด้านขวา
8/31/2025_233659,31/08/2025 23:36,Bladder Turn up รั่ว,New,"Bladder turnup 15"" 0114-1-1033 Part store","ETV.15"" No.1",AR,M08201,PAP21A,B/O,20/11/2025 14:35,เก็บไว้ใช้,1269,
9/1/2025_13851,01/09/2025 01:38,Bladder Turn up รั่ว,New,"Bladder turnup 8"" 0239-1-1137","ETV.8"" No.1",AR,M13301,PAP16,Leak (รั่ว),04/09/2025 11:05,ทิ้ง,1270,
9/2/2025_51537,02/09/2025 05:15,Bladder Turn up เสียรูป,New,"Bladder turnup 20"" 0137-1-1023","ETV.20"" No.1",R,M01103,PAP12,"Deform (เบี้ยว, ผิดรูปร่าง)",28/09/2025 00:08,ทิ้ง,1271,ด้านขวา
2/9/2025_12150,02/09/2025 12:01,Size change ,New,"MTG bladder 8"" 0216-1-1074","MTG 8""9'' No.1",C,M13301,BNS16,B/O,07/09/2025 00:11,เก็บไว้ใช้,1272,
6/4/2025_235914,04/09/2025 00:56,Size change ,Old,"Bladder turnup 22"" 0137-1-1033","ETV.22"" No.4",AR,M21701,PAP20,B/O,12/09/2025 06:39,เก็บไว้ใช้,1273,
1/28/2025_214230,04/09/2025 00:57,Size change ,Old,"Bladder push 22"" 0136-1-1033","ETV.22"" No.4",AR,M21701,PAP20,B/O,12/09/2025 06:39,เก็บไว้ใช้,1274,
9/13/2024_221448,04/09/2025 00:58,Size change ,Old,"Bladder turnup 22"" 0137-1-1033","ETV.22"" No.4",R,M21701,PAP20,CQ เกิดปัญหาด้าน Quality,05/09/2025 14:53,เก็บไว้ใช้,1275,Air under (สะดือ)
6/5/2025_0140,04/09/2025 00:59,Size change ,Old,"Bladder push 22"" 0136-1-1033","ETV.22"" No.4",R,M21701,PAP20,B/O,12/09/2025 06:39,เก็บไว้ใช้,1276,
24/3/2025_143022,04/09/2025 04:26,Size change ,Old,MTG bladder 0216-1-1670,MTG 21''22''23'' No.1,C,M21701,BNS20,B/O,12/09/2025 20:02,เก็บไว้ใช้,1277,
9/4/2025_11534,04/09/2025 11:05,Bladder Turn up รั่ว,New,"Bladder turnup 8"" 0239-1-1137","ETV.8"" No.1",AR,M13301,PAP16,B/O,06/09/2025 13:01,เก็บไว้ใช้,1278,
5/9/2025_1417,05/09/2025 01:41,Bladder Turn up รั่ว,New,"Bladder turnup 8"" 0239-1-1137","ETV.8"" No.1",R,M13301,PAP16,B/O,06/09/2025 13:01,เก็บไว้ใช้,1279,
5/9/2025_14545,05/09/2025 14:54,Bladder Turn up จุกชำรุด,New,"Bladder turnup 22"" 0137-1-1033","ETV.22"" No.4",R,M21701,PAP20,B/O,12/09/2025 06:38,เก็บไว้ใช้,1280,
7/2/2025_75453,06/09/2025 12:59,Size change ,Old,"Bladder turmup 14"" 0239-1-1112","ETV.14"" No.1",AR,M08401,PAP16,B/O,11/09/2025 14:07,เก็บไว้ใช้,1281,ด้านซ้าย
3/22/2025_165240,06/09/2025 12:59,Size change ,Old,"Bladder turmup 14"" 0239-1-1112","ETV.14"" No.1",R,M08401,PAP16,B/O,11/09/2025 14:07,เก็บไว้ใช้,1282,
8/31/2025_214029,08/09/2025 09:19,Bladder Turn up เสียรูป,Old,"Bladder turnup 15"" 0114-1-1033 Part store","ETV.15"" No.3",AR,M08201,PAP14,Leak (รั่ว),20/09/2025 23:47,ทิ้ง,1283,ด้านขวา
9/8/2025_92640,08/09/2025 09:26,Bladder Turn up เสียรูป,New,"Bladder turnup 15"" 0114-1-1033 Part store","ETV.15"" No.3",R,M08201,PAP14,B/O,29/09/2025 16:50,เก็บไว้ใช้,1284,
9/10/2025_102122,10/09/2025 10:21,Bladder Turn up เสียรูป,New,"Bladder trunup23""0137-1-1036","ETV.23"" No.1",AR,M05102,PAP13,"Deform (เบี้ยว, ผิดรูปร่าง)",03/10/2025 23:48,ทิ้ง,1285,ด้านซ้าย
9/10/2025_102354,10/09/2025 10:23,Bladder Turn up เสียรูป,New,"Bladder trunup23""0137-1-1036","ETV.23"" No.1",R,M05102,PAP13,"Deform (เบี้ยว, ผิดรูปร่าง)",11/09/2025 21:34,ทิ้ง,1286,
9/10/2025_131249,10/09/2025 13:12,Bladder Turn up เสียรูป,New,"Bladder turnup 22"" 0137-1-1033","ETV.22"" No.3",R,M20101,PAP17,B/O,24/10/2025 19:27,เก็บไว้ใช้,1287,
5/6/2025_152735,11/09/2025 14:09,Size change ,Old,"Bladder turnup 10 "" 0239-1-1094 part store","ETV.10"" No.1",AR,M18201,PAP16,CQ เกิดปัญหาด้าน Quality,11/09/2025 21:44,เก็บไว้ใช้,1288,
,11/09/2025 14:08,Size change ,Old,"Bladder turnup 10 "" 0239-1-1094 part store","ETV.10"" No.1",R,M18201,PAP16,CQ เกิดปัญหาด้าน Quality,12/09/2025 03:02,ทิ้ง,1289,
4/29/2025_161,11/09/2025 15:28,Size change ,Old,"MTG bladder 10""12"" 0216-1-1068","MTG 10"" No.1",C,M18201,BNS16,Leak (รั่ว),13/09/2025 08:18,ทิ้ง,1290,กลาง
9/11/2025_213447,11/09/2025 21:34,Bladder Turn up เสียรูป,New,"Bladder trunup23""0137-1-1036","ETV.23"" No.1",R,M05102,PAP13,"Deform (เบี้ยว, ผิดรูปร่าง)",29/09/2025 13:57,ทิ้ง,1291,ด้านขวา
9/11/2025_214521,11/09/2025 21:45,เกิดปัญหาด้าน Quality,New,"Bladder turnup 10 "" 0239-1-1094 part store","ETV.10"" No.2",AR,M18201,PAP16,CQ เกิดปัญหาด้าน Quality,12/09/2025 02:58,เก็บไว้ใช้,1292,
7/9/2025_04747,12/09/2025 02:57,เกิดปัญหาด้าน Quality,Old,"Bladder turnup 10 "" 0239-1-1094 part store","ETV.10"" No.2",R,M18201,PAP16,Leak (รั่ว),15/09/2025 00:53,ทิ้ง,1293,ด้านขวา
9/12/2025_25832,12/09/2025 02:58,เกิดปัญหาด้าน Quality,New,"Bladder turnup 10 "" 0239-1-1094 part store","ETV.10"" No.2",AR,M18201,PAP16,B/O,16/09/2025 23:10,เก็บไว้ใช้,1294,
16/8/2024_15282,12/09/2025 13:35,Size change ,Old,"Bladder push 21"" 0136-1-1070","ETV.21"" No.2",AR,M19001,PAP20,B/O,24/09/2025 02:37,เก็บไว้ใช้,1295,
7/23/2025_92544,12/09/2025 13:38,Size change ,Old,"Bladder Turn up 21"" 0137-1-1070","ETV.21"" No.2",AR,M19001,PAP20,B/O,24/09/2025 02:36,เก็บไว้ใช้,1296,
8/2/2025_4031,12/09/2025 13:39,Size change ,Old,"Bladder push 21"" 0136-1-1070","ETV.21"" No.2",R,M19001,PAP20,B/O,24/09/2025 02:36,เก็บไว้ใช้,1297,
7/29/2025_13107,12/09/2025 13:40,Size change ,Old,"Bladder Turn up 21"" 0137-1-1070","ETV.21"" No.2",R,M19001,PAP20,"Deform (เบี้ยว, ผิดรูปร่าง)",17/09/2025 14:04,ทิ้ง,1298,ด้านขวา
12/9/2025_135532,12/09/2025 13:55,MTG รั่ว,New,"MTG bladder 22""23"" 0216-1-1666",MTG 21''22''23'' No.2,C,M19501,BNS18,B/O,15/09/2025 09:14,เก็บไว้ใช้,1299,
24/3/2025_143022,12/09/2025 20:03,Size change ,Old,MTG bladder 0216-1-1670,MTG 21''22''23'' No.1,C,M19001,BNS20,Leak (รั่ว),18/09/2025 05:25,ทิ้ง,1300,กลาง
9/13/2025_81913,13/09/2025 08:19,MTG รั่ว,New,"MTG bladder 10""12"" 0216-1-1068","MTG 10"" No.1",C,M18201,BNS16,B/O,16/09/2025 23:11,เก็บไว้ใช้,1301,
9/15/2025_05418,15/09/2025 00:54,Bladder Turn up รั่ว,New,"Bladder turnup 10 "" 0239-1-1094 part store","ETV.10"" No.2",R,M18201,PAP16,B/O,16/09/2025 23:10,เก็บไว้ใช้,1302,
12/8/2025_104636,15/09/2025 07:17,MTG รั่ว,Old,"MTG bladder 22""23"" 0216-1-1666",MTG 21''22''23'' No.3,C,M18801,BNS19,CQ เกิดปัญหาด้าน Quality,15/09/2025 11:08,ทิ้ง,1303,ตะเข็บรอยต่อ
6/26/2025_10413,15/09/2025 09:14,Size change ,Old,"Bladder push 21"" 0136-1-1070","ETV.21"" No.1",AR,Test,PAP18,B/O,16/09/2025 09:26,เก็บไว้ใช้,1304,
6/26/2025_92044,15/09/2025 09:16,Size change ,Old,"Bladder Turn up 21"" 0137-1-1070","ETV.21"" No.1",AR,Test,PAP18,B/O,16/09/2025 09:26,เก็บไว้ใช้,1305,
6/26/2025_1053,15/09/2025 09:16,Size change ,Old,"Bladder Turn up 21"" 0137-1-1070","ETV.21"" No.1",R,Test,PAP18,B/O,16/09/2025 09:26,เก็บไว้ใช้,1306,
6/26/2025_1068,15/09/2025 09:17,Size change ,Old,"Bladder push 21"" 0136-1-1070","ETV.21"" No.1",R,Test,PAP18,B/O,16/09/2025 09:25,เก็บไว้ใช้,1307,
9/15/2025_11915,15/09/2025 11:09,เกิดปัญหาด้าน Quality,New,"MTG bladder 22""23"" 0216-1-1666",MTG 21''22''23'' No.3,C,M18801,BNS19,B/O,17/09/2025 10:34,เก็บไว้ใช้,1308,
7/16/2025_165538,15/09/2025 14:34,Size change ,Old,MTG bladder 0216-1-1670,MTG 21''22''23'' No.2,C,Test,BNS18,B/O,16/09/2025 09:25,เก็บไว้ใช้,1309,
11/28/2024_13523,16/09/2025 09:27,Size change ,Old,"Bladder trunup23""0137-1-1036","ETV.23"" No.2",AR,M18801,PAP18,B/O,12/10/2025 13:52,เก็บไว้ใช้,1310,
15/7/2025_165737,16/09/2025 09:29,Size change ,Old,"Bladder push23""0136-1-1036","ETV.23"" No.2",AR,M18801,PAP18,B/O,12/10/2025 13:52,เก็บไว้ใช้,1311,
1/11/2025_154328,16/09/2025 09:30,Size change ,Old,"Bladder trunup23""0137-1-1036","ETV.23"" No.2",R,M18801,PAP18,B/O,12/10/2025 13:51,เก็บไว้ใช้,1312,
1/11/2025_154442,16/09/2025 09:31,Size change ,Old,"Bladder push23""0136-1-1036","ETV.23"" No.2",R,M18801,PAP18,B/O,12/10/2025 13:51,เก็บไว้ใช้,1313,
16/9/2025_135839,16/09/2025 13:58,Size change ,New,"MTG bladder 22""23"" 0216-1-1666",MTG 21''22''23'' No.2,C,M18801,BNS18,Leak (รั่ว),03/10/2025 11:46,ทิ้ง,1314,ด้านขวา
9/4/2025_11534,16/09/2025 23:11,Size change ,Old,"Bladder turnup 8"" 0239-1-1137","ETV.8"" No.1",AR,M21401,PAP16,Leak (รั่ว),18/09/2025 10:54,ทิ้ง,1315,ด้านซ้าย
5/9/2025_1417,16/09/2025 23:12,Size change ,Old,"Bladder turnup 8"" 0239-1-1137","ETV.8"" No.1",R,M21401,PAP16,Leak (รั่ว),18/09/2025 22:44,ทิ้ง,1316,
2/9/2025_12150,16/09/2025 23:13,Size change ,Old,"MTG bladder 8"" 0216-1-1074","MTG 8""9'' No.1",C,M21401,BNS16,B/O,04/10/2025 13:55,เก็บไว้ใช้,1317,
9/17/2025_103546,17/09/2025 10:35,Size change ,New,"MTG Bladder 16"" 0216-1-1178","MTG 16"" No.1",C,Test,BNS19,B/O,18/09/2025 04:23,เก็บไว้ใช้,1318,กลาง
17/9/2025_1451,17/09/2025 14:05,Bladder Turn up เสียรูป,New,"Bladder Turn up 21"" 0137-1-1070","ETV.21"" No.2",R,M19001,PAP20,B/O,24/09/2025 02:36,เก็บไว้ใช้,1319,
9/9/2024_134121,18/09/2025 02:30,Size change ,Old,"Bladder push23""0136-1-1036","ETV.23"" No.3",AR,M16006,PAP19,B/O,22/09/2025 17:37,เก็บไว้ใช้,1320,
9/9/2024_133920,18/09/2025 02:31,Size change ,Old,"Bladder trunup23""0137-1-1036","ETV.23"" No.3",AR,M16006,PAP19,B/O,22/09/2025 17:37,เก็บไว้ใช้,1321,
6/24/2024_134942,18/09/2025 02:33,Size change ,Old,"Bladder push23""0136-1-1036","ETV.23"" No.3",R,M16006,PAP19,B/O,22/09/2025 17:37,เก็บไว้ใช้,1322,
8/28/2025_01417,18/09/2025 02:33,Size change ,Old,"Bladder trunup23""0137-1-1036","ETV.23"" No.3",R,M16006,PAP19,B/O,22/09/2025 17:36,เก็บไว้ใช้,1323,
9/15/2025_11915,18/09/2025 04:24,Size change ,Old,"MTG bladder 22""23"" 0216-1-1666",MTG 21''22''23'' No.3,C,M16006,BNS19,B/O,22/09/2025 22:44,เก็บไว้ใช้,1324,
"September 18, 2025_52546",18/09/2025 05:25,MTG รั่ว,New,MTG bladder 0216-1-1670,MTG 21''22''23'' No.1,C,M19001,BNS20,B/O,24/09/2025 02:36,เก็บไว้ใช้,1325,
18/9/2025_105637,18/09/2025 10:56,Bladder Turn up รั่ว,New,"Bladder turnup 8"" 0239-1-1137","ETV.8"" No.1",AR,M21401,PAP16,B/O,20/09/2025 04:41,เก็บไว้ใช้,1326,
9/18/2025_224510,18/09/2025 22:45,Bladder Turn up รั่ว,New,"Bladder turnup 8"" 0239-1-1137","ETV.8"" No.1",R,M21401,PAP16,B/O,20/09/2025 04:41,เก็บไว้ใช้,1327,
9/20/2025_4231,20/09/2025 04:02,Push bladder รั่ว,New,"Bladder push 20"" 0136-1-1023","ETV.20"" No.2",R,M01103,PAP11,B/O,08/12/2025 06:38,เก็บไว้ใช้,1328,
9/20/2025_234756,20/09/2025 23:47,Bladder Turn up รั่ว,New,"Bladder turnup 15"" 0114-1-1033 Part store","ETV.15"" No.3",AR,M08201,PAP14,"Deform (เบี้ยว, ผิดรูปร่าง)",29/09/2025 03:43,ทิ้ง,1329,ด้านซ้าย
8/22/2024_52448,22/09/2025 17:37,Size change ,Old,"Biadder push 16"" 0136-1-1051","ETV.16"" No.1",AR,M10001,PAP19,B/O,10/10/2025 21:29,เก็บไว้ใช้,1330,
8/22/2024_53150,22/09/2025 17:39,Size change ,Old,"Bladder turnup 16 "" 0137-1-1051","ETV.16"" No.1",AR,M10001,PAP19,B/O,10/10/2025 21:29,เก็บไว้ใช้,1331,
8/22/2024_54319,22/09/2025 17:40,Size change ,Old,"Biadder push 16"" 0136-1-1051","ETV.16"" No.1",R,M10001,PAP19,B/O,10/10/2025 21:28,เก็บไว้ใช้,1332,
6/23/2025_191657,22/09/2025 17:41,Size change ,Old,"Bladder turnup 16 "" 0137-1-1051","ETV.16"" No.1",R,M10001,PAP19,B/O,10/10/2025 21:28,เก็บไว้ใช้,1333,
5/3/2025_101727,22/09/2025 22:42,Size change ,Old,"MTG Bladder 16"" 0216-1-1266","MTG 16"" No.1",C,M10001,BNS19,Tear (ฉีกขาด),07/10/2025 08:05,ทิ้ง,1334,
9/23/2025_234456,23/09/2025 23:44,Bladder Turn up รั่ว,New,"Bladder turnup 12"" 0239-1-1128","ETV.12"" No.1",R,M20001,PAP16,B/O,30/09/2025 09:26,เก็บไว้ใช้,1335,
9/24/2025_45825,24/09/2025 04:58,Size change ,New,"MTG bladder 22""23"" 0216-1-1666",MTG 21''22''23'' No.1,C,M21801,BNS20,Bad material (วัสดุไม่ดี),24/09/2025 08:16,เก็บไว้ใช้,1336,ตะเข็บรอยต่อ
24/9/2025_81727,24/09/2025 08:17,Size change ,New,"MTG bladder 22""23"" 0216-1-1666",MTG 21''22''23'' No.1,C,M21801,BNS20,B/O,24/09/2025 16:45,เก็บไว้ใช้,1337,กลาง
24/9/2025_81727,24/09/2025 16:45,Size change ,Old,"MTG bladder 22""23"" 0216-1-1666",MTG 21''22''23'' No.1,C,M13105,BNS20,B/O,02/10/2025 14:30,เก็บไว้ใช้,1338,
2/7/2025_45127,24/09/2025 17:31,Size change ,Old,"Bladder push 22"" 0136-1-1033","ETV.22"" No.1",R,M13105,PAP20,B/O,30/09/2025 20:17,เก็บไว้ใช้,1339,
2/7/2025_4547,24/09/2025 17:50,Size change ,Old,"Bladder turnup 22"" 0137-1-1033","ETV.22"" No.1",R,M13105,PAP20,B/O,30/09/2025 20:17,เก็บไว้ใช้,1340,
2/7/2025_44947,24/09/2025 17:51,Size change ,Old,"Bladder push 22"" 0136-1-1033","ETV.22"" No.1",AR,M13105,PAP20,B/O,30/09/2025 20:16,เก็บไว้ใช้,1341,
2/7/2025_45235,24/09/2025 17:52,Size change ,Old,"Bladder turnup 22"" 0137-1-1033","ETV.22"" No.1",AR,M13105,PAP20,B/O,30/09/2025 20:16,เก็บไว้ใช้,1342,
28/9/2025_0920,28/09/2025 00:09,Bladder Turn up เสียรูป,New,"Bladder turnup 20"" 0137-1-1023","ETV.20"" No.1",R,M01103,PAP12,Leak (รั่ว),25/10/2025 12:12,ทิ้ง,1343,ด้านขวา
9/29/2025_34338,29/09/2025 03:43,Bladder Turn up เสียรูป,New,"Bladder turnup 15"" 0114-1-1033 Part store","ETV.15"" No.3",AR,M08201,PAP14,B/O,29/09/2025 16:50,เก็บไว้ใช้,1344,
9/29/2025_135728,29/09/2025 13:57,Bladder Turn up เสียรูป,New,"Bladder trunup23""0137-1-1036","ETV.23"" No.1",R,M05102,PAP13,B/O,07/10/2025 08:08,เก็บไว้ใช้,1345,
5/27/2025_164428,29/09/2025 17:23,Size change ,Old,"Bladder turnup 15"" 0114-1-1032","ETV.15"" No.2",R,M15501,PAP14,B/O,12/10/2025 21:46,เก็บไว้ใช้,1346,ด้านขวา
5/21/2025_211910,29/09/2025 17:25,Size change ,Old,"Bladder turnup 15"" 0114-1-1032","ETV.15"" No.2",AR,M15501,PAP14,Leak (รั่ว),12/10/2025 21:46,ทิ้ง,1347,ด้านซ้าย
9/23/2025_234456,30/09/2025 09:24,Size change ,Old,"Bladder turnup 12"" 0239-1-1128","ETV.12"" No.1",R,M13702,PAP16,B/O,04/10/2025 13:50,เก็บไว้ใช้,1348,
9/30/2025_92729,30/09/2025 09:27,Size change ,New,"Bladder turnup 12"" 0239-1-1128","ETV.12"" No.1",AR,M13702,PAP16,B/O,04/10/2025 13:50,เก็บไว้ใช้,1349,
2/11/2025_7247,30/09/2025 10:49,Size change ,Old,"MTG bladder 10""12"" 0216-1-1068","MTG 12"" No.1",C,M13702,BNS16,B/O,04/10/2025 13:54,เก็บไว้ใช้,1350,
7/23/2025_92544,01/10/2025 14:02,Size change ,Old,"Bladder Turn up 21"" 0137-1-1070","ETV.21"" No.2",AR,M19001,PAP20,B/O,10/10/2025 08:20,เก็บไว้ใช้,1351,
16/8/2024_15282,01/10/2025 14:04,Size change ,Old,"Bladder push 21"" 0136-1-1070","ETV.21"" No.2",AR,M19001,PAP20,B/O,10/10/2025 08:20,เก็บไว้ใช้,1352,
17/9/2025_1451,01/10/2025 14:05,Size change ,Old,"Bladder Turn up 21"" 0137-1-1070","ETV.21"" No.2",R,M19001,PAP20,B/O,10/10/2025 08:20,เก็บไว้ใช้,1353,
8/2/2025_4031,01/10/2025 14:06,Size change ,Old,"Bladder push 21"" 0136-1-1070","ETV.21"" No.2",R,M19001,PAP20,B/O,10/10/2025 08:19,เก็บไว้ใช้,1354,
10/2/2025_10224,02/10/2025 10:02,Bladder Turn up เสียรูป,New,"Bladder turnup 20"" 0137-1-1023","ETV.20"" No.2",AR,M01103,PAP11,B/O,08/12/2025 06:38,เก็บไว้ใช้,1355,
10/2/2025_10326,02/10/2025 10:03,Push bladder รั่ว,New,"Bladder push 20"" 0136-1-1023","ETV.20"" No.2",AR,M01103,PAP11,Leak (รั่ว),02/11/2025 00:11,ทิ้ง,1356,ด้านซ้าย
"September 18, 2025_52546",02/10/2025 14:30,Size change ,Old,MTG bladder 0216-1-1670,MTG 21''22''23'' No.1,C,M19001,BNS20,B/O,11/10/2025 08:21,เก็บไว้ใช้,1357,
10/3/2025_114752,03/10/2025 11:47,MTG รั่ว,New,"MTG bladder 22""23"" 0216-1-1666",MTG 21''22''23'' No.2,C,M18801,BNS18,Leak (รั่ว),29/10/2025 18:13,ทิ้ง,1358,กลาง
10/3/2025_212927,03/10/2025 21:29,Push bladder รั่ว,New,"Bladder turnup 22"" 0137-1-1033","ETV.22"" No.3",R,M20101,PAP17,B/O,24/10/2025 19:27,เก็บไว้ใช้,1359,
10/3/2025_234838,03/10/2025 23:48,Bladder Turn up เสียรูป,New,"Bladder trunup23""0137-1-1036","ETV.23"" No.1",AR,M05102,PAP13,B/O,07/10/2025 08:08,เก็บไว้ใช้,1360,
18/9/2025_105637,04/10/2025 13:51,Size change ,Old,"Bladder turnup 8"" 0239-1-1137","ETV.8"" No.1",AR,M15601,PAP16,Leak (รั่ว),06/10/2025 06:43,ทิ้ง,1361,ด้านซ้าย
9/18/2025_224510,04/10/2025 13:52,Size change ,Old,"Bladder turnup 8"" 0239-1-1137","ETV.8"" No.1",R,M15601,PAP16,Leak (รั่ว),08/10/2025 21:24,ทิ้ง,1362,ด้านขวา
2/9/2025_12150,04/10/2025 13:53,Size change ,Old,"MTG bladder 8"" 0216-1-1074","MTG 8""9'' No.1",C,M15601,BNS16,B/O,17/10/2025 06:01,เก็บไว้ใช้,1363,
10/6/2025_6444,06/10/2025 06:44,Bladder Turn up รั่ว,New,"Bladder turnup 8"" 0239-1-1137","ETV.8"" No.1",AR,M15601,PAP16,Leak (รั่ว),10/10/2025 04:42,ทิ้ง,1364,ด้านซ้าย
7/22/2024_213453,07/10/2025 08:05,เกิดปัญหาด้าน Quality,Old,"MTG Bladder 16"" 0216-1-1266","MTG 16"" No.1",C,M10001,BNS19,B/O,10/10/2025 21:29,เก็บไว้ใช้,1365,
3/27/2025_2258,07/10/2025 13:17,Size change ,Old,"Bladder turnup 22"" 0137-1-1033","ETV.22"" No.2",AR,M12302,PAP13,B/O,31/10/2025 01:03,เก็บไว้ใช้,1366,ด้านซ้าย
11/13/2024_5312,07/10/2025 13:19,Size change ,Old,"Bladder push 22"" 0136-1-1033","ETV.22"" No.2",AR,M12302,PAP13,B/O,31/10/2025 01:03,เก็บไว้ใช้,1367,ด้านซ้าย
9/13/2024_221528,07/10/2025 13:20,Size change ,Old,"Bladder turnup 22"" 0137-1-1033","ETV.22"" No.2",R,M12302,PAP13,B/O,31/10/2025 01:03,เก็บไว้ใช้,1368,ด้านขวา
12/20/2024_135038,07/10/2025 13:21,Size change ,Old,"Bladder push 22"" 0136-1-1033","ETV.22"" No.2",R,M12302,PAP13,B/O,31/10/2025 01:02,เก็บไว้ใช้,1369,ด้านขวา
8/15/2025_133116,08/10/2025 08:36,Size change ,Old,"Bladder turmup 14"" 0239-1-1112","ETV.14"" No.2",AR,M15702,PAP21B,B/O,08/01/2026 17:26,เก็บไว้ใช้,1370,
8/16/2025_82123,08/10/2025 08:37,Size change ,Old,"Bladder turmup 14"" 0239-1-1112","ETV.14"" No.2",R,M15702,PAP21B,B/O,08/01/2026 17:26,เก็บไว้ใช้,1371,
10/8/2025_212459,08/10/2025 21:24,Bladder Turn up รั่ว,New,"Bladder turnup 8"" 0239-1-1137","ETV.8"" No.1",R,M15601,PAP16,Tear (ฉีกขาด),10/10/2025 04:43,ทิ้ง,1372,ด้านขวา
10/10/2025_44338,10/10/2025 04:43,Bladder Turn up รั่ว,New,"Bladder turnup 8"" 0239-1-1137","ETV.8"" No.1",AR,M15601,PAP16,Leak (รั่ว),14/10/2025 22:21,ทิ้ง,1373,ด้านซ้าย
10/10/2025_44437,10/10/2025 04:44,"Sock Tear, ฉีกขาด",New,"Bladder turnup 8"" 0239-1-1137","ETV.8"" No.1",R,M15601,PAP16,B/O,15/10/2025 02:48,เก็บไว้ใช้,1374,
2/7/2025_45235,10/10/2025 08:20,Size change ,Old,"Bladder turnup 22"" 0137-1-1033","ETV.22"" No.1",AR,M13105,PAP20,Leak (รั่ว),20/10/2025 09:27,ทิ้ง,1375,ด้านซ้าย
2/7/2025_44947,10/10/2025 08:21,Size change ,Old,"Bladder push 22"" 0136-1-1033","ETV.22"" No.1",AR,M13105,PAP20,Leak (รั่ว),20/10/2025 09:28,ทิ้ง,1376,ด้านซ้าย
2/7/2025_4547,10/10/2025 08:22,Size change ,Old,"Bladder turnup 22"" 0137-1-1033","ETV.22"" No.1",R,M13105,PAP20,B/O,25/10/2025 05:29,เก็บไว้ใช้,1377,
2/7/2025_45127,10/10/2025 08:23,Size change ,Old,"Bladder push 22"" 0136-1-1033","ETV.22"" No.1",R,M13105,PAP20,B/O,25/10/2025 05:28,เก็บไว้ใช้,1378,
9/9/2024_133920,10/10/2025 21:30,Size change ,Old,"Bladder trunup23""0137-1-1036","ETV.23"" No.3",AR,M16006,PAP19,B/O,21/10/2025 15:12,เก็บไว้ใช้,1379,
9/9/2024_134121,10/10/2025 21:31,Size change ,Old,"Bladder push23""0136-1-1036","ETV.23"" No.3",AR,M16006,PAP19,B/O,21/10/2025 15:12,เก็บไว้ใช้,1380,
8/28/2025_01417,10/10/2025 21:33,Size change ,Old,"Bladder trunup23""0137-1-1036","ETV.23"" No.3",R,M16006,PAP19,"Deform (เบี้ยว, ผิดรูปร่าง)",15/10/2025 21:27,ทิ้ง,1381,ด้านขวา
6/24/2024_134942,10/10/2025 21:34,Size change ,Old,"Bladder push23""0136-1-1036","ETV.23"" No.3",R,M16006,PAP19,B/O,21/10/2025 15:12,เก็บไว้ใช้,1382,
9/15/2025_11915,10/10/2025 21:34,Size change ,Old,"MTG bladder 22""23"" 0216-1-1666",MTG 21''22''23'' No.3,C,M16006,BNS19,B/O,22/10/2025 04:47,เก็บไว้ใช้,1383,
10/11/2025_82153,11/10/2025 08:21,Size change ,New,"MTG bladder 22""23"" 0216-1-1666",MTG 21''22''23'' No.1,C,M13105,BNS20,B/O,25/10/2025 05:32,เก็บไว้ใช้,1384,
,12/10/2025 19:23,Extension รั่ว,Old,"Bladder push23""0136-1-1036","ETV.23"" No.1",AR,M18801,PAP18,B/O,12/10/2025 19:26,เก็บไว้ใช้,1385,
10/3/2025_234838,12/10/2025 19:25,Extension รั่ว,Old,"Bladder trunup23""0137-1-1036","ETV.23"" No.1",AR,M18801,PAP18,"Deform (เบี้ยว, ผิดรูปร่าง)",23/10/2025 20:47,ทิ้ง,1386,
5/17/2025_135018,12/10/2025 19:26,Extension รั่ว,Old,"Bladder push23""0136-1-1036","ETV.23"" No.1",AR,M18801,PAP18,B/O,04/11/2025 15:20,เก็บไว้ใช้,1387,
1/6/2025_85430,12/10/2025 19:27,Extension รั่ว,Old,"Bladder push23""0136-1-1036","ETV.23"" No.1",R,M18801,PAP18,B/O,04/11/2025 15:20,เก็บไว้ใช้,1388,
9/29/2025_135728,12/10/2025 19:36,Extension รั่ว,Old,"Bladder trunup23""0137-1-1036","ETV.23"" No.1",R,M18801,PAP18,"Deform (เบี้ยว, ผิดรูปร่าง)",21/10/2025 13:49,ทิ้ง,1389,ด้านขวา
,12/10/2025 21:47,Push bladder รั่ว,Old,"Bladder turnup 15"" 0114-1-1032","ETV.15"" No.2",R,M15501,PAP14,B/O,12/10/2025 21:49,เก็บไว้ใช้,1390,ด้านขวา
5/27/2025_164428,12/10/2025 21:49,Push bladder รั่ว,Old,"Bladder turnup 15"" 0114-1-1032","ETV.15"" No.2",AR,M15501,PAP14,"Deform (เบี้ยว, ผิดรูปร่าง)",16/10/2025 13:34,ทิ้ง,1391,
10/23/2024_102225,12/10/2025 21:51,Push bladder รั่ว,Old,"Bladder turnup 15"" 0114-1-1032","ETV.15"" No.2",R,M15501,PAP14,"Deform (เบี้ยว, ผิดรูปร่าง)",15/10/2025 16:45,ทิ้ง,1392,ด้านขวา
10/14/2025_222143,14/10/2025 22:21,Bladder Turn up รั่ว,New,"Bladder turnup 8"" 0239-1-1137","ETV.8"" No.1",AR,M15601,PAP16,B/O,15/10/2025 02:48,เก็บไว้ใช้,1393,
7/2/2025_75453,15/10/2025 02:48,Size change ,Old,"Bladder turmup 14"" 0239-1-1112","ETV.14"" No.1",AR,M08401,PAP16,Leak (รั่ว),17/10/2025 17:11,ทิ้ง,1394,ด้านซ้าย
3/22/2025_165240,15/10/2025 02:49,Size change ,Old,"Bladder turmup 14"" 0239-1-1112","ETV.14"" No.1",R,M08401,PAP16,B/O,17/10/2025 21:06,เก็บไว้ใช้,1395,
10/15/2025_16465,15/10/2025 16:46,Bladder Turn up เสียรูป,New,"Bladder turnup 15"" 0114-1-1032","ETV.15"" No.2",R,M15501,PAP14,B/O,17/10/2025 05:59,เก็บไว้ใช้,1396,
10/15/2025_212815,15/10/2025 21:28,Bladder Turn up เสียรูป,New,"Bladder trunup23""0137-1-1036","ETV.23"" No.3",R,M16006,PAP19,B/O,21/10/2025 15:12,เก็บไว้ใช้,1397,
10/16/2025_13352,16/10/2025 13:35,Bladder Turn up เสียรูป,New,"Bladder turnup 15"" 0114-1-1032","ETV.15"" No.2",AR,M15501,PAP14,B/O,17/10/2025 05:59,เก็บไว้ใช้,1398,
9/29/2025_34338,17/10/2025 05:59,Size change ,Old,"Bladder turnup 15"" 0114-1-1033 Part store","ETV.15"" No.3",AR,M08201,PAP14,B/O,24/11/2025 08:52,เก็บไว้ใช้,1399,
9/8/2025_92640,17/10/2025 06:00,Size change ,Old,"Bladder turnup 15"" 0114-1-1033 Part store","ETV.15"" No.3",R,M08201,PAP14,"Deform (เบี้ยว, ผิดรูปร่าง)",04/11/2025 09:21,ทิ้ง,1400,ด้านขวา
10/17/2025_171158,17/10/2025 17:11,Bladder Turn up รั่ว,New,"Bladder turmup 14"" 0239-1-1112","ETV.14"" No.1",AR,M08401,PAP16,B/O,17/10/2025 21:00,เก็บไว้ใช้,1401,
3/22/2025_165240,17/10/2025 17:12,Size change ,Old,"Bladder turmup 14"" 0239-1-1112","ETV.14"" No.1",AR,M08401,PAP16,Leak (รั่ว),18/10/2025 20:29,ทิ้ง,1402,ด้านซ้าย
1/8/2024_22222,17/10/2025 21:07,Bladder Turn up รั่ว,Old,"Bladder turmup 14"" 0239-1-1112","ETV.14"" No.1",R,M08401,PAP16,B/O,22/10/2025 14:02,เก็บไว้ใช้,1403,
10/18/2025_202935,18/10/2025 20:29,Bladder Turn up รั่ว,New,"Bladder turmup 14"" 0239-1-1112","ETV.14"" No.1",AR,M08401,PAP16,B/O,22/10/2025 14:01,เก็บไว้ใช้,1404,
10/20/2025_92955,20/10/2025 09:29,Push bladder รั่ว,New,"Bladder push 22"" 0136-1-1033","ETV.22"" No.1",AR,M13105,PAP20,B/O,25/10/2025 05:28,เก็บไว้ใช้,1405,
10/20/2025_93244,20/10/2025 09:32,Bladder Turn up รั่ว,New,"Bladder turnup 22"" 0137-1-1033","ETV.22"" No.1",AR,M13105,PAP20,B/O,25/10/2025 05:28,เก็บไว้ใช้,1406,
21/10/2025_135022,21/10/2025 13:50,Bladder Turn up เสียรูป,New,"Bladder trunup23""0137-1-1036","ETV.23"" No.1",R,M18801,PAP18,B/O,04/11/2025 15:20,เก็บไว้ใช้,1407,
7/23/2025_92544,21/10/2025 21:02,Size change ,Old,"Bladder Turn up 21"" 0137-1-1070","ETV.21"" No.2",AR,M19001,PAP19,"Deform (เบี้ยว, ผิดรูปร่าง)",25/10/2025 19:59,ทิ้ง,1408,ด้านซ้าย
16/8/2024_15282,21/10/2025 21:02,Size change ,Old,"Bladder push 21"" 0136-1-1070","ETV.21"" No.2",AR,M19001,PAP19,B/O,28/10/2025 10:38,เก็บไว้ใช้,1409,
17/9/2025_1451,21/10/2025 21:03,Size change ,Old,"Bladder Turn up 21"" 0137-1-1070","ETV.21"" No.2",R,M19001,PAP19,"Deform (เบี้ยว, ผิดรูปร่าง)",25/10/2025 19:58,ทิ้ง,1410,ด้านขวา
8/2/2025_4031,21/10/2025 21:04,Size change ,Old,"Bladder push 21"" 0136-1-1070","ETV.21"" No.2",R,M19001,PAP19,B/O,28/10/2025 10:38,เก็บไว้ใช้,1411,
"September 18, 2025_52546",22/10/2025 04:47,Size change ,Old,MTG bladder 0216-1-1670,MTG 21''22''23'' No.3,C,M19001,BNS19,B/O,28/10/2025 20:29,เก็บไว้ใช้,1412,
9/30/2025_92729,22/10/2025 14:02,Size change ,Old,"Bladder turnup 12"" 0239-1-1128","ETV.12"" No.1",AR,M20001,PAP16,"Deform (เบี้ยว, ผิดรูปร่าง)",04/11/2025 01:24,ทิ้ง,1413,
9/23/2025_234456,22/10/2025 14:03,Size change ,Old,"Bladder turnup 12"" 0239-1-1128","ETV.12"" No.1",R,M20001,PAP16,Leak (รั่ว),02/11/2025 02:22,ทิ้ง,1414,ด้านขวา
10/23/2025_212013,23/10/2025 21:20,Bladder Turn up เสียรูป,New,"Bladder trunup23""0137-1-1036","ETV.23"" No.1",AR,M18801,PAP18,B/O,04/11/2025 15:19,เก็บไว้ใช้,1415,
8/7/2024_201627,24/10/2025 19:27,Size change ,Old,"Bladder trunup23""0137-1-1036","ETV.23"" No.4",AR,M18801,PAP17,B/O,17/02/2026 20:27,เก็บไว้ใช้,1416,
8/7/2024_201525,24/10/2025 19:28,Size change ,Old,"Bladder push23""0136-1-1036","ETV.23"" No.4",AR,M18801,PAP17,B/O,17/02/2026 20:27,เก็บไว้ใช้,1417,
13/8/2025_54229,24/10/2025 19:29,Size change ,Old,"Bladder trunup23""0137-1-1036","ETV.23"" No.4",R,M18801,PAP17,"Deform (เบี้ยว, ผิดรูปร่าง)",18/01/2026 09:44,ทิ้ง,1418,ด้านขวา
10/2/2024_125952,24/10/2025 19:29,Size change ,Old,"Bladder push23""0136-1-1036","ETV.23"" No.4",R,M18801,PAP17,Leak (รั่ว),13/01/2026 23:41,ทิ้ง,1419,
9/9/2024_133920,25/10/2025 05:29,Size change ,Old,"Bladder trunup23""0137-1-1036","ETV.23"" No.3",AR,M19501,PAP20,B/O,01/11/2025 10:10,เก็บไว้ใช้,1420,
9/9/2024_134121,25/10/2025 05:30,Size change ,Old,"Bladder push23""0136-1-1036","ETV.23"" No.3",AR,M19501,PAP20,B/O,01/11/2025 10:10,เก็บไว้ใช้,1421,
10/15/2025_212815,25/10/2025 05:30,Size change ,Old,"Bladder trunup23""0137-1-1036","ETV.23"" No.3",R,M19501,PAP20,B/O,01/11/2025 10:10,เก็บไว้ใช้,1422,
,25/10/2025 05:31,Size change ,Old,"Bladder push23""0136-1-1036","ETV.23"" No.3",R,M19501,PAP20,B/O,01/11/2025 10:10,เก็บไว้ใช้,1423,
10/11/2025_82153,25/10/2025 05:31,Size change ,Old,"MTG bladder 22""23"" 0216-1-1666",MTG 21''22''23'' No.1,C,M19501,PAP20,Leak (รั่ว),01/11/2025 20:05,ทิ้ง,1424,กลาง
10/25/2025_121221,25/10/2025 12:12,Bladder Turn up รั่ว,New,"Bladder turnup 20"" 0137-1-1023","ETV.20"" No.1",R,M01103,PAP11,CQ เกิดปัญหาด้าน Quality,05/11/2025 13:25,เก็บไว้ใช้,1425,
10/25/2025_195927,25/10/2025 19:59,Bladder Turn up เสียรูป,New,"Bladder Turn up 21"" 0137-1-1070","ETV.21"" No.2",AR,M19001,PAP19,B/O,28/10/2025 10:38,เก็บไว้ใช้,1426,
10/25/2025_20021,25/10/2025 20:00,Bladder Turn up เสียรูป,New,"Bladder Turn up 21"" 0137-1-1070","ETV.21"" No.2",R,M19001,PAP19,B/O,28/10/2025 10:38,เก็บไว้ใช้,1427,
25/12/2024_154551,28/10/2025 10:39,Size change ,Old,"Bladder turnup 22"" 0137-1-1033","ETV.22"" No.3",AR,M20101,PAP19,B/O,03/11/2025 14:56,เก็บไว้ใช้,1428,
9/7/2024_162042,28/10/2025 10:40,Size change ,Old,"Bladder push 22"" 0136-1-1033","ETV.22"" No.3",AR,M20101,PAP19,B/O,03/11/2025 14:55,เก็บไว้ใช้,1429,
9/10/2025_131249,28/10/2025 10:40,Size change ,Old,"Bladder turnup 22"" 0137-1-1033","ETV.22"" No.3",R,M20101,PAP19,B/O,03/11/2025 14:55,เก็บไว้ใช้,1430,
10/3/2025_212927,28/10/2025 10:41,Size change ,Old,"Bladder push 22"" 0136-1-1033","ETV.22"" No.3",R,M20101,PAP19,B/O,03/11/2025 14:55,เก็บไว้ใช้,1431,
"September 18, 2025_52546",28/10/2025 20:29,Size change ,Old,MTG bladder 0216-1-1670,MTG 21''22''23'' No.3,C,M20101,BNS19,B/O,03/11/2025 15:00,เก็บไว้ใช้,1432,
9/24/2025_45825,29/10/2025 18:13,MTG รั่ว,Old,"MTG bladder 22""23"" 0216-1-1666",MTG 21''22''23'' No.2,C,M18801,BNS18,B/O,05/11/2025 05:25,เก็บไว้ใช้,1433,
11/28/2024_13523,31/10/2025 01:04,Size change ,Old,"Bladder trunup23""0137-1-1036","ETV.23"" No.2",AR,M05102,PAP13,"Deform (เบี้ยว, ผิดรูปร่าง)",21/11/2025 09:53,ทิ้ง,1434,ด้านซ้าย
15/7/2025_165737,31/10/2025 01:06,Size change ,Old,"Bladder push23""0136-1-1036","ETV.23"" No.2",AR,M05102,PAP13,B/O,04/12/2025 22:27,เก็บไว้ใช้,1435,
1/11/2025_154328,31/10/2025 01:08,Size change ,Old,"Bladder trunup23""0137-1-1036","ETV.23"" No.2",R,M05102,PAP13,"Deform (เบี้ยว, ผิดรูปร่าง)",17/11/2025 02:15,ทิ้ง,1436,ด้านขวา
1/11/2025_154442,31/10/2025 01:09,Size change ,Old,"Bladder push23""0136-1-1036","ETV.23"" No.2",R,M05102,PAP13,Leak (รั่ว),13/11/2025 15:30,ทิ้ง,1437,ด้านขวา
2/9/2025_122458,31/10/2025 17:18,Size change ,Old,"Bladder turnup 10 "" 0239-1-1094 part store","ETV.10"" No.1",AR,M18201,PAP21A,Leak (รั่ว),03/11/2025 09:31,ทิ้ง,1438,ด้านซ้าย
12/9/2024_13012,31/10/2025 17:20,Size change ,Old,"Bladder turnup 10 "" 0239-1-1094 part store","ETV.10"" No.1",R,M18201,PAP21A,"Deform (เบี้ยว, ผิดรูปร่าง)",31/10/2025 17:21,ทิ้ง,1439,
10/31/2025_172132,31/10/2025 17:21,Bladder Turn up เสียรูป,New,"Bladder turnup 10 "" 0239-1-1094 part store","ETV.10"" No.1",R,M18201,PAP21A,Leak (รั่ว),05/11/2025 10:08,ทิ้ง,1440,ด้านขวา
12/4/2024_175228,31/10/2025 22:28,Size change ,Old,"MTG bladder 10""12"" 0216-1-1068","MTG 10"" No.2",C,M18201,Smart 21,Leak (รั่ว),10/11/2025 06:13,ทิ้ง,1441,กลาง
10/20/2025_93244,01/11/2025 11:12,Size change ,Old,"Bladder turnup 22"" 0137-1-1033","ETV.22"" No.1",AR,M13105,PAP20,B/O,19/11/2025 21:45,เก็บไว้ใช้,1442,
10/20/2025_92955,01/11/2025 11:14,Size change ,Old,"Bladder push 22"" 0136-1-1033","ETV.22"" No.1",AR,M13105,PAP20,B/O,19/11/2025 21:45,เก็บไว้ใช้,1443,
2/7/2025_4547,01/11/2025 11:15,Size change ,Old,"Bladder turnup 22"" 0137-1-1033","ETV.22"" No.1",R,M13105,PAP20,B/O,19/11/2025 21:45,เก็บไว้ใช้,1444,
2/7/2025_45127,01/11/2025 11:16,Size change ,Old,"Bladder push 22"" 0136-1-1033","ETV.22"" No.1",R,M13105,PAP20,B/O,19/11/2025 21:45,เก็บไว้ใช้,1445,
12/9/2025_135532,01/11/2025 20:06,Size change ,Old,"MTG bladder 22""23"" 0216-1-1666",MTG 21''22''23'' No.1,C,M13105,BNS20,CQ เกิดปัญหาด้าน Quality,08/11/2025 19:00,เก็บไว้ใช้,1446,กลาง
11/2/2025_01144,02/11/2025 00:11,Push bladder รั่ว,New,"Bladder push 20"" 0136-1-1023","ETV.20"" No.2",AR,M01103,PAP11,B/O,08/12/2025 06:37,เก็บไว้ใช้,1447,
11/2/2025_22333,02/11/2025 02:23,Bladder Turn up รั่ว,New,"Bladder turnup 12"" 0239-1-1128","ETV.12"" No.1",R,M20001,PAP16,B/O,11/11/2025 09:03,เก็บไว้ใช้,1448,
11/3/2025_93142,03/11/2025 09:31,Bladder Turn up รั่ว,New,"Bladder turnup 10 "" 0239-1-1094 part store","ETV.10"" No.1",AR,M18201,PAP21A,B/O,08/11/2025 01:26,ทิ้ง,1449,
9/9/2024_133920,03/11/2025 14:56,Size change ,Old,"Bladder trunup23""0137-1-1036","ETV.23"" No.3",AR,M21801,PAP19,B/O,05/11/2025 13:58,เก็บไว้ใช้,1450,
9/9/2024_134121,03/11/2025 14:57,Size change ,Old,"Bladder push23""0136-1-1036","ETV.23"" No.3",AR,M21801,PAP19,B/O,05/11/2025 13:58,เก็บไว้ใช้,1451,
10/15/2025_212815,03/11/2025 14:57,Size change ,Old,"Bladder trunup23""0137-1-1036","ETV.23"" No.3",R,M21801,PAP19,B/O,05/11/2025 13:58,เก็บไว้ใช้,1452,
6/24/2024_134942,03/11/2025 14:58,Size change ,Old,"Bladder push23""0136-1-1036","ETV.23"" No.3",R,M21801,PAP19,B/O,05/11/2025 13:58,เก็บไว้ใช้,1453,
9/15/2025_11915,03/11/2025 14:59,Size change ,Old,"MTG bladder 22""23"" 0216-1-1666",MTG 21''22''23'' No.3,C,M21801,BNS19,Leak (รั่ว),15/11/2025 09:49,ทิ้ง,1454,กลาง
11/4/2025_2394,04/11/2025 02:39,Bladder Turn up เสียรูป,New,"Bladder turnup 12"" 0239-1-1128","ETV.12"" No.1",AR,M20001,PAP16,B/O,11/11/2025 09:03,เก็บไว้ใช้,1455,
4/11/2025_92131,04/11/2025 09:21,Bladder Turn up เสียรูป,New,"Bladder turnup 15"" 0114-1-1033 Part store","ETV.15"" No.3",R,M08201,PAP14,B/O,24/11/2025 08:52,เก็บไว้ใช้,1456,
10/23/2025_212013,04/11/2025 15:17,Size change ,Old,"Bladder trunup23""0137-1-1036","ETV.23"" No.1",AR,M19501,PAP18,B/O,13/11/2025 09:23,เก็บไว้ใช้,1457,ด้านซ้าย
5/17/2025_135018,04/11/2025 15:23,Size change ,Old,"Bladder push23""0136-1-1036","ETV.23"" No.1",AR,M19501,PAP18,B/O,13/11/2025 09:23,เก็บไว้ใช้,1458,ด้านซ้าย
21/10/2025_135022,04/11/2025 15:24,Size change ,Old,"Bladder trunup23""0137-1-1036","ETV.23"" No.1",R,M19501,PAP18,"Deform (เบี้ยว, ผิดรูปร่าง)",10/11/2025 13:01,ทิ้ง,1459,ด้านขวา
1/6/2025_85430,04/11/2025 15:25,Size change ,Old,"Bladder push23""0136-1-1036","ETV.23"" No.1",R,M19501,PAP18,B/O,13/11/2025 09:23,เก็บไว้ใช้,1460,ด้านขวา
9/24/2025_45825,05/11/2025 05:25,Size change ,Old,"MTG bladder 22""23"" 0216-1-1666",MTG 21''22''23'' No.2,C,M19501,BNS18,B/O,13/11/2025 15:13,เก็บไว้ใช้,1461,
9/11/2025_214521,05/11/2025 10:09,Bladder Turn up รั่ว,Old,"Bladder turnup 10 "" 0239-1-1094 part store","ETV.10"" No.1",R,M18201,PAP21A,Leak (รั่ว),14/11/2025 19:03,ทิ้ง,1462,
7/11/2025_152828,05/11/2025 13:36,Extension รั่ว,Old,"Bladder push 20"" 0136-1-1023","ETV.20"" No.3",AR,M01103,PAP12,,16/01/2026 10:58,เก็บไว้ใช้,1463,
10/16/2024_235650,05/11/2025 13:38,Extension รั่ว,Old,"Bladder turnup 20"" 0137-1-1023","ETV.20"" No.3",AR,M01103,PAP12,"Deform (เบี้ยว, ผิดรูปร่าง)",06/11/2025 10:12,ทิ้ง,1464,ด้านซ้าย
8/2/2025_23497,05/11/2025 13:39,Extension รั่ว,Old,"Bladder turnup 20"" 0137-1-1023","ETV.20"" No.3",R,M01103,PAP12,"Deform (เบี้ยว, ผิดรูปร่าง)",17/11/2025 19:13,ทิ้ง,1465,ด้านขวา
12/15/2024_55748,05/11/2025 13:40,Extension รั่ว,Old,"Bladder push 20"" 0136-1-1023","ETV.20"" No.3",R,M01103,PAP12,Leak (รั่ว),16/01/2026 10:58,เก็บไว้ใช้,1466,
8/22/2024_53150,05/11/2025 13:58,Size change ,Old,"Bladder turnup 16 "" 0137-1-1051","ETV.16"" No.1",AR,Test,PAP19,B/O,06/11/2025 13:37,เก็บไว้ใช้,1467,
8/22/2024_52448,05/11/2025 14:01,Size change ,Old,"Biadder push 16"" 0136-1-1051","ETV.16"" No.1",AR,Test,PAP19,B/O,06/11/2025 13:36,เก็บไว้ใช้,1468,
6/23/2025_191657,05/11/2025 14:03,Size change ,Old,"Bladder turnup 16 "" 0137-1-1051","ETV.16"" No.1",R,Test,PAP19,B/O,06/11/2025 13:37,เก็บไว้ใช้,1469,
8/22/2024_54319,05/11/2025 14:03,Size change ,Old,"Biadder push 16"" 0136-1-1051","ETV.16"" No.1",R,Test,PAP19,B/O,06/11/2025 13:36,เก็บไว้ใช้,1470,
6/11/2025_101339,06/11/2025 10:13,Bladder Turn up เสียรูป,New,"Bladder turnup 20"" 0137-1-1023","ETV.20"" No.3",AR,M01103,PAP12,"Deform (เบี้ยว, ผิดรูปร่าง)",12/11/2025 20:24,ทิ้ง,1471,
,06/11/2025 13:35,Size change ,Old,"Biadder push 16"" 0136-1-1051","ETV.16"" No.1",R,M10001,PAP19,B/O,06/11/2025 13:41,เก็บไว้ใช้,1472,
8/22/2024_54319,06/11/2025 13:39,Size change ,Old,"Biadder push 16"" 0136-1-1051","ETV.16"" No.1",R,M10001,PAP19,B/O,12/11/2025 10:09,เก็บไว้ใช้,1473,
6/23/2025_191657,06/11/2025 13:41,Size change ,Old,"Bladder turnup 16 "" 0137-1-1051","ETV.16"" No.1",R,M10001,PAP19,B/O,12/11/2025 10:09,เก็บไว้ใช้,1474,
8/22/2024_52448,06/11/2025 13:43,Size change ,Old,"Biadder push 16"" 0136-1-1051","ETV.16"" No.1",AR,M10001,PAP19,B/O,12/11/2025 10:09,เก็บไว้ใช้,1475,
8/22/2024_53150,06/11/2025 13:44,Size change ,Old,"Bladder turnup 16 "" 0137-1-1051","ETV.16"" No.1",AR,M10001,PAP19,B/O,12/11/2025 10:09,เก็บไว้ใช้,1476,
11/3/2025_93142,08/11/2025 01:26,Size change ,Old,"Bladder turnup 10 "" 0239-1-1094 part store","ETV.10"" No.1",AR,M18201,PAP21A,Leak (รั่ว),08/11/2025 01:28,ทิ้ง,1477,
11/8/2025_12751,08/11/2025 01:27,Bladder Turn up รั่ว,New,"Bladder turnup 10 "" 0239-1-1094 part store","ETV.10"" No.1",AR,M18201,PAP21A,Leak (รั่ว),19/11/2025 13:06,ทิ้ง,1478,
"November 8, 2025_19050",08/11/2025 19:00,เกิดปัญหาด้าน Quality,New,"MTG bladder 22""23"" 0216-1-1666",MTG 21''22''23'' No.1,C,M13105,BNS20,Leak (รั่ว),17/11/2025 00:48,ทิ้ง,1479,กลาง
11/10/2025_61356,10/11/2025 06:13,MTG รั่ว,New,"MTG bladder 10""12"" 0216-1-1068","MTG 10"" No.2",C,M18201,Smart 21,B/O,28/04/2026 17:05,เก็บไว้ใช้,1480,
10/11/2025_13125,10/11/2025 13:01,Bladder Turn up เสียรูป,New,"Bladder trunup23""0137-1-1036","ETV.23"" No.1",R,M19501,PAP18,B/O,13/11/2025 09:22,เก็บไว้ใช้,1481,ด้านขวา
10/18/2025_202935,11/11/2025 09:03,Size change ,Old,"Bladder turmup 14"" 0239-1-1112","ETV.14"" No.1",AR,M15702,PAP16,Leak (รั่ว),16/11/2025 21:48,ทิ้ง,1482,ด้านซ้าย
1/8/2024_22222,11/11/2025 09:05,Size change ,Old,"Bladder turmup 14"" 0239-1-1112","ETV.14"" No.1",R,M15702,PAP16,Leak (รั่ว),15/11/2025 18:42,ทิ้ง,1483,
9/12/2025_25832,11/11/2025 17:21,Size change ,Old,"Bladder turnup 10 "" 0239-1-1094 part store","ETV.10"" No.2",AR,M18201,PAP21B,Leak (รั่ว),18/11/2025 00:40,ทิ้ง,1484,ด้านซ้าย
9/15/2025_05418,11/11/2025 17:23,Size change ,Old,"Bladder turnup 10 "" 0239-1-1094 part store","ETV.10"" No.2",R,M18201,PAP21B,Leak (รั่ว),17/11/2025 04:02,ทิ้ง,1485,ด้านขวา
9/9/2024_133920,12/11/2025 10:10,Size change ,Old,"Bladder trunup23""0137-1-1036","ETV.23"" No.3",AR,M21801,PAP19,B/O,17/11/2025 09:48,เก็บไว้ใช้,1486,
9/9/2024_134121,12/11/2025 10:12,Size change ,Old,"Bladder push23""0136-1-1036","ETV.23"" No.3",AR,M21801,PAP19,B/O,17/11/2025 09:48,เก็บไว้ใช้,1487,
10/15/2025_212815,12/11/2025 10:13,Size change ,Old,"Bladder trunup23""0137-1-1036","ETV.23"" No.3",R,M21801,PAP19,B/O,17/11/2025 09:47,เก็บไว้ใช้,1488,
6/24/2024_134942,12/11/2025 10:15,Size change ,Old,"Bladder push23""0136-1-1036","ETV.23"" No.3",R,M21801,PAP19,B/O,17/11/2025 09:47,เก็บไว้ใช้,1489,
,12/11/2025 18:53,Size change ,Old,"MTG bladder 22""23"" 0216-1-1666",MTG 21''22''23'' No.3,C,M21801,BNS19,Leak (รั่ว),15/11/2025 09:49,ทิ้ง,1490,กลาง
11/12/2025_202448,12/11/2025 20:24,Bladder Turn up เสียรูป,New,"Bladder turnup 20"" 0137-1-1023","ETV.20"" No.3",AR,M01103,PAP12,"Deform (เบี้ยว, ผิดรูปร่าง)",12/12/2025 18:26,ทิ้ง,1491,
8/20/2025_101642,13/11/2025 09:24,Size change ,Old,"Bladder turnup 20"" 0137-1-1023","ETV.20"" No.1",AR,M01103,PAP18,B/O,18/11/2025 10:05,เก็บไว้ใช้,1492,
6/29/2025_122648,13/11/2025 09:30,Size change ,Old,"Bladder push 20"" 0136-1-1023","ETV.20"" No.1",AR,M01103,PAP18,B/O,18/11/2025 10:05,เก็บไว้ใช้,1493,
10/25/2025_121221,13/11/2025 09:32,Size change ,Old,"Bladder turnup 20"" 0137-1-1023","ETV.20"" No.1",R,M01103,PAP18,B/O,18/11/2025 10:04,เก็บไว้ใช้,1494,
7/23/2025_111247,13/11/2025 09:36,Size change ,Old,"Bladder push 20"" 0136-1-1023","ETV.20"" No.1",R,M01103,PAP18,B/O,18/11/2025 10:04,เก็บไว้ใช้,1495,
11/13/2025_153137,13/11/2025 15:31,Push bladder รั่ว,New,"Bladder push23""0136-1-1036","ETV.23"" No.2",R,M05102,PAP13,B/O,04/12/2025 22:26,เก็บไว้ใช้,1496,
"September 18, 2025_52546",13/11/2025 17:31,Size change ,Old,MTG bladder 0216-1-1670,MTG 21''22''23'' No.2,C,M01103,BNS18,B/O,18/11/2025 10:08,เก็บไว้ใช้,1497,
11/14/2025_19317,14/11/2025 19:03,Bladder Turn up รั่ว,New,"Bladder turnup 10 "" 0239-1-1094 part store","ETV.10"" No.1",R,M18201,PAP21A,Tear (ฉีกขาด),16/01/2026 08:24,ทิ้ง,1498,ด้านขวา
15/11/2025_9503,15/11/2025 09:50,MTG รั่ว,New,"MTG bladder 22""23"" 0216-1-1666",MTG 21''22''23'' No.3,C,M21801,BNS19,B/O,17/11/2025 12:40,เก็บไว้ใช้,1499,
11/15/2025_184244,15/11/2025 18:42,Bladder Turn up รั่ว,New,"Bladder turmup 14"" 0239-1-1112","ETV.14"" No.1",R,M15702,PAP16,B/O,21/11/2025 05:38,เก็บไว้ใช้,1500,
16/11/2025_214855,16/11/2025 21:48,Bladder Turn up รั่ว,New,"Bladder turmup 14"" 0239-1-1112","ETV.14"" No.1",AR,M15702,PAP16,B/O,21/11/2025 05:38,เก็บไว้ใช้,1501,
24/9/2025_81727,17/11/2025 00:48,MTG รั่ว,Old,"MTG bladder 22""23"" 0216-1-1666",MTG 21''22''23'' No.1,C,M13105,BNS20,B/O,20/11/2025 03:29,เก็บไว้ใช้,1502,
11/17/2025_21538,17/11/2025 02:15,Bladder Turn up เสียรูป,New,"Bladder trunup23""0137-1-1036","ETV.23"" No.2",R,M05102,PAP13,B/O,04/12/2025 22:26,เก็บไว้ใช้,1503,
11/17/2025_4250,17/11/2025 04:02,Bladder Turn up รั่ว,New,"Bladder turnup 10 "" 0239-1-1094 part store","ETV.10"" No.2",R,M18201,PAP21B,B/O,20/11/2025 07:18,เก็บไว้ใช้,1504,
6/4/2025_235914,17/11/2025 09:48,Size change ,Old,"Bladder turnup 22"" 0137-1-1033","ETV.22"" No.4",AR,M20101,PAP19,B/O,13/01/2026 10:19,เก็บไว้ใช้,1505,
1/28/2025_214230,17/11/2025 09:49,Size change ,Old,"Bladder push 22"" 0136-1-1033","ETV.22"" No.4",AR,M20101,PAP19,B/O,13/01/2026 10:19,เก็บไว้ใช้,1506,
5/9/2025_14545,17/11/2025 09:49,Size change ,Old,"Bladder turnup 22"" 0137-1-1033","ETV.22"" No.4",R,M20101,PAP19,B/O,13/01/2026 10:19,เก็บไว้ใช้,1507,
6/5/2025_0140,17/11/2025 09:50,Size change ,Old,"Bladder push 22"" 0136-1-1033","ETV.22"" No.4",R,M20101,PAP19,B/O,13/01/2026 10:19,เก็บไว้ใช้,1508,
17/11/2025_124053,17/11/2025 12:40,Size change ,New,MTG bladder 0216-1-1670,MTG 21''22''23'' No.3,C,M20101,BNS19,Leak (รั่ว),20/12/2025 17:47,ทิ้ง,1509,
17/11/2025_19143,17/11/2025 19:14,Bladder Turn up เสียรูป,New,"Bladder turnup 20"" 0137-1-1023","ETV.20"" No.3",R,M01103,PAP12,"Deform (เบี้ยว, ผิดรูปร่าง)",07/12/2025 21:34,ทิ้ง,1510,ด้านขวา
11/18/2025_04045,18/11/2025 00:40,Bladder Turn up รั่ว,New,"Bladder turnup 10 "" 0239-1-1094 part store","ETV.10"" No.2",AR,M18201,PAP21B,B/O,20/11/2025 07:18,เก็บไว้ใช้,1511,
10/23/2025_212013,18/11/2025 10:05,Size change ,Old,"Bladder trunup23""0137-1-1036","ETV.23"" No.1",AR,M18801,PAP18,B/O,25/11/2025 13:00,เก็บไว้ใช้,1512,
5/17/2025_135018,18/11/2025 10:06,Size change ,Old,"Bladder push23""0136-1-1036","ETV.23"" No.1",AR,M18801,PAP18,B/O,25/11/2025 13:00,เก็บไว้ใช้,1513,
10/11/2025_13125,18/11/2025 10:06,Size change ,Old,"Bladder trunup23""0137-1-1036","ETV.23"" No.1",R,M18801,PAP18,B/O,25/11/2025 13:00,เก็บไว้ใช้,1514,
1/6/2025_85430,18/11/2025 10:07,Size change ,Old,"Bladder push23""0136-1-1036","ETV.23"" No.1",R,M18801,PAP18,B/O,25/11/2025 13:00,เก็บไว้ใช้,1515,
11/18/2025_14550,18/11/2025 14:05,Size change ,New,"MTG bladder 22""23"" 0216-1-1666",MTG 21''22''23'' No.2,C,M18801,BNS18,B/O,25/11/2025 20:35,เก็บไว้ใช้,1516,
11/19/2025_13654,19/11/2025 13:06,Bladder Turn up รั่ว,New,"Bladder turnup 10 "" 0239-1-1094 part store","ETV.10"" No.1",AR,M18201,PAP21A,Leak (รั่ว),19/01/2026 14:10,ทิ้ง,1517,ด้านซ้าย
25/12/2024_154551,19/11/2025 21:45,Size change ,Old,"Bladder turnup 22"" 0137-1-1033","ETV.22"" No.3",AR,M21701,PAP20,B/O,28/11/2025 05:24,เก็บไว้ใช้,1518,
9/7/2024_162042,19/11/2025 21:46,Size change ,Old,"Bladder push 22"" 0136-1-1033","ETV.22"" No.3",AR,M21701,PAP20,B/O,28/11/2025 05:23,เก็บไว้ใช้,1519,
9/10/2025_131249,19/11/2025 21:47,Size change ,Old,"Bladder turnup 22"" 0137-1-1033","ETV.22"" No.3",R,M21701,PAP20,B/O,28/11/2025 05:23,เก็บไว้ใช้,1520,
10/3/2025_212927,19/11/2025 21:47,Size change ,Old,"Bladder push 22"" 0136-1-1033","ETV.22"" No.3",R,M21701,PAP20,B/O,28/11/2025 05:22,เก็บไว้ใช้,1521,
"September 18, 2025_52546",20/11/2025 03:29,Size change ,Old,MTG bladder 0216-1-1670,MTG 21''22''23'' No.1,C,M21701,BNS20,B/O,28/11/2025 13:01,เก็บไว้ใช้,1522,
11/20/2025_143534,20/11/2025 14:35,Size change ,New,"Bladder turnup 15"" 0114-1-1033 Part store","ETV.15"" No.1",AR,M08201,PAP21B,"Deform (เบี้ยว, ผิดรูปร่าง)",23/11/2025 05:21,ทิ้ง,1523,
11/20/2025_143618,20/11/2025 14:36,Size change ,New,"Bladder turnup 15"" 0114-1-1033 Part store","ETV.15"" No.1",R,M08201,PAP21B,Leak (รั่ว),25/11/2025 01:09,ทิ้ง,1524,
11/4/2025_2394,21/11/2025 05:39,Size change ,Old,"Bladder turnup 12"" 0239-1-1128","ETV.12"" No.1",AR,M20001,PAP16,B/O,01/12/2025 09:28,เก็บไว้ใช้,1525,
11/2/2025_22333,21/11/2025 05:40,Size change ,Old,"Bladder turnup 12"" 0239-1-1128","ETV.12"" No.1",R,M20001,PAP16,B/O,01/12/2025 09:28,เก็บไว้ใช้,1526,
11/21/2025_95351,21/11/2025 09:53,Bladder Turn up เสียรูป,New,"Bladder trunup23""0137-1-1036","ETV.23"" No.2",AR,M05102,PAP13,B/O,04/12/2025 22:26,เก็บไว้ใช้,1527,
8/31/2025_233659,23/11/2025 05:21,Bladder Turn up เสียรูป,Old,"Bladder turnup 15"" 0114-1-1033 Part store","ETV.15"" No.1",AR,M08201,PAP21B,Leak (รั่ว),23/11/2025 07:42,ทิ้ง,1528,ด้านซ้าย
11/23/2025_74246,23/11/2025 07:42,Bladder Turn up รั่ว,New,"Bladder turnup 15"" 0114-1-1033 Part store","ETV.15"" No.1",AR,M08201,PAP21B,"Deform (เบี้ยว, ผิดรูปร่าง)",27/11/2025 11:03,ทิ้ง,1529,
10/15/2025_16465,24/11/2025 08:52,Size change ,Old,"Bladder turnup 15"" 0114-1-1032","ETV.15"" No.2",R,M15501,PAP14,B/O,02/12/2025 18:02,เก็บไว้ใช้,1530,
10/16/2025_13352,24/11/2025 08:53,Size change ,Old,"Bladder turnup 15"" 0114-1-1032","ETV.15"" No.2",AR,M15501,PAP14,B/O,02/12/2025 18:02,เก็บไว้ใช้,1531,
11/25/2025_11018,25/11/2025 01:10,"Bladder Turn up แตก, ฉีกขาด",New,"Bladder turnup 15"" 0114-1-1033 Part store","ETV.15"" No.1",R,M08201,PAP21B,"Deform (เบี้ยว, ผิดรูปร่าง)",30/11/2025 08:55,ทิ้ง,1532,ด้านขวา
3/25/2025_15282,25/11/2025 13:01,Size change ,Old,"Bladder push 21"" 0136-1-1070","ETV.21"" No.2",AR,M19001,PAP18,B/O,10/12/2025 07:14,เก็บไว้ใช้,1533,
10/25/2025_195927,25/11/2025 13:03,Size change ,Old,"Bladder Turn up 21"" 0137-1-1070","ETV.21"" No.2",AR,M19001,PAP18,B/O,10/12/2025 07:14,เก็บไว้ใช้,1534,
10/25/2025_20021,25/11/2025 13:04,Size change ,Old,"Bladder Turn up 21"" 0137-1-1070","ETV.21"" No.2",R,M19001,PAP18,B/O,10/12/2025 07:13,เก็บไว้ใช้,1535,
8/2/2025_4031,25/11/2025 13:05,Size change ,Old,"Bladder push 21"" 0136-1-1070","ETV.21"" No.2",R,M19001,PAP18,B/O,10/12/2025 07:13,เก็บไว้ใช้,1536,
7/16/2025_165538,25/11/2025 20:35,Size change ,Old,MTG bladder 0216-1-1670,MTG 21''22''23'' No.2,C,M19001,BNS18,B/O,10/12/2025 10:47,เก็บไว้ใช้,1537,
11/27/2025_11352,27/11/2025 11:03,Bladder Turn up เสียรูป,New,"Bladder turnup 15"" 0114-1-1033 Part store","ETV.15"" No.1",AR,M08201,PAP21B,"Deform (เบี้ยว, ผิดรูปร่าง)",03/12/2025 19:00,ทิ้ง,1538,ด้านซ้าย
,28/11/2025 05:24,Size change ,Old,"Bladder turnup 22"" 0137-1-1033","ETV.22"" No.1",AR,M13105,PAP20,B/O,22/12/2025 21:20,เก็บไว้ใช้,1539,
,28/11/2025 05:26,Size change ,Old,"Bladder turnup 22"" 0137-1-1033","ETV.22"" No.1",R,M13105,PAP20,B/O,22/12/2025 21:20,เก็บไว้ใช้,1540,
,28/11/2025 05:27,Size change ,Old,"Bladder push 22"" 0136-1-1033","ETV.22"" No.1",AR,M13105,PAP20,B/O,22/12/2025 21:20,เก็บไว้ใช้,1541,
,28/11/2025 05:29,Size change ,Old,"Bladder push 20"" 0136-1-1023","ETV.22"" No.1",R,M13105,PAP20,B/O,22/12/2025 21:19,เก็บไว้ใช้,1542,
11/18/2025_14550,28/11/2025 13:01,Size change ,Old,"MTG bladder 22""23"" 0216-1-1666",MTG 21''22''23'' No.1,C,M13105,BNS20,Leak (รั่ว),14/12/2025 05:00,ทิ้ง,1543,กลาง
,28/11/2025 16:23,Extension รั่ว,Old,"Bladder turnup 20"" 0137-1-1023","ETV.20"" No.1",AR,M01103,PAP11,,25/12/2025 09:25,เก็บไว้ใช้,1544,
,28/11/2025 16:24,Extension รั่ว,Old,"Bladder push 20"" 0136-1-1023","ETV.20"" No.1",AR,M01103,PAP11,Leak (รั่ว),28/11/2025 16:27,ทิ้ง,1545,ด้านซ้าย
,28/11/2025 16:25,Extension รั่ว,Old,"Bladder turnup 20"" 0137-1-1023","ETV.20"" No.1",R,M01103,PAP11,"Deform (เบี้ยว, ผิดรูปร่าง)",24/12/2025 13:11,ทิ้ง,1546,ด้านขวา
,28/11/2025 16:26,Extension รั่ว,Old,"Bladder push 20"" 0136-1-1023","ETV.20"" No.1",R,M01103,PAP11,,25/12/2025 09:25,เก็บไว้ใช้,1547,
11/28/2025_162723,28/11/2025 16:27,Push bladder รั่ว,New,"Bladder push 20"" 0136-1-1023","ETV.20"" No.1",AR,M01103,PAP11,B/O,04/02/2026 16:41,เก็บไว้ใช้,1548,
30/11/2025_85630,30/11/2025 08:56,Bladder Turn up เสียรูป,New,"Bladder turnup 15"" 0114-1-1033 Part store","ETV.15"" No.1",R,M08201,PAP21C,"Deform (เบี้ยว, ผิดรูปร่าง)",10/12/2025 05:02,ทิ้ง,1549,ด้านขวา
30/11/2025_85657,30/11/2025 08:56,Bladder Turn up เสียรูป,New,"Bladder turnup 15"" 0114-1-1033 Part store","ETV.15"" No.1",R,M08201,PAP21B,"Deform (เบี้ยว, ผิดรูปร่าง)",03/12/2025 19:00,ทิ้ง,1550,ด้านขวา
11/2/2025_22333,01/12/2025 09:43,Size change ,Old,"Bladder turnup 12"" 0239-1-1128","ETV.12"" No.1",R,M13702,PAP16,Leak (รั่ว),04/12/2025 03:13,ทิ้ง,1551,
11/4/2025_2394,01/12/2025 09:44,Size change ,Old,"Bladder turnup 12"" 0239-1-1128","ETV.12"" No.1",AR,M13702,PAP16,Leak (รั่ว),04/12/2025 03:13,ทิ้ง,1552,
4/11/2025_92131,02/12/2025 18:02,Size change ,Old,"Bladder turnup 15"" 0114-1-1033 Part store","ETV.15"" No.3",R,M08201,PAP14,B/O,13/12/2025 08:20,เก็บไว้ใช้,1553,
12/2/2025_18337,02/12/2025 18:03,Size change ,New,"Bladder turnup 15"" 0114-1-1033 Part store","ETV.15"" No.3",AR,M08201,PAP14,B/O,13/12/2025 08:20,เก็บไว้ใช้,1554,
12/3/2025_19142,03/12/2025 19:01,Bladder Turn up เสียรูป,New,"Bladder turnup 15"" 0114-1-1033 Part store","ETV.15"" No.1",AR,M08201,PAP21B,"Deform (เบี้ยว, ผิดรูปร่าง)",12/12/2025 01:11,ทิ้ง,1555,ด้านซ้าย
12/3/2025_19329,03/12/2025 19:03,Bladder Turn up เสียรูป,New,"Bladder turnup 15"" 0114-1-1033 Part store","ETV.15"" No.1",R,M08201,PAP21B,"Deform (เบี้ยว, ผิดรูปร่าง)",10/12/2025 05:02,ทิ้ง,1556,ด้านขวา
12/4/2025_31429,04/12/2025 03:14,Bladder Turn up รั่ว,New,"Bladder turnup 12"" 0239-1-1128","ETV.12"" No.1",AR,M13702,PAP16,B/O,09/12/2025 20:04,เก็บไว้ใช้,1557,
12/4/2025_3154,04/12/2025 03:15,Bladder Turn up รั่ว,New,"Bladder turnup 12"" 0239-1-1128","ETV.12"" No.1",R,M13702,PAP16,B/O,09/12/2025 20:04,เก็บไว้ใช้,1558,
3/27/2025_2258,04/12/2025 22:23,Size change ,Old,"Bladder turnup 22"" 0137-1-1033","ETV.22"" No.2",AR,M42203,PAP13,B/O,25/12/2025 07:06,เก็บไว้ใช้,1559,
11/13/2024_5312,04/12/2025 22:23,Size change ,Old,"Bladder push 22"" 0136-1-1033","ETV.22"" No.2",AR,M42203,PAP13,B/O,25/12/2025 07:06,เก็บไว้ใช้,1560,
9/13/2024_221528,04/12/2025 22:24,Size change ,Old,"Bladder turnup 22"" 0137-1-1033","ETV.22"" No.2",R,M42203,PAP13,B/O,25/12/2025 07:06,เก็บไว้ใช้,1561,
12/20/2024_135038,04/12/2025 22:25,Size change ,Old,"Bladder push 22"" 0136-1-1033","ETV.22"" No.2",R,M42203,PAP13,B/O,25/12/2025 07:05,เก็บไว้ใช้,1562,
12/7/2025_213522,07/12/2025 21:35,Bladder Turn up เสียรูป,New,"Bladder turnup 20"" 0137-1-1023","ETV.20"" No.3",R,M01103,PAP12,"Deform (เบี้ยว, ผิดรูปร่าง)",11/01/2026 16:59,ทิ้ง,1563,ด้านขวา
16/11/2025_214855,09/12/2025 20:02,Size change ,Old,"Bladder turmup 14"" 0239-1-1112","ETV.14"" No.1",AR,M08401,PAP16,B/O,16/12/2025 05:53,เก็บไว้ใช้,1564,
11/15/2025_184244,09/12/2025 20:03,Size change ,Old,"Bladder turmup 14"" 0239-1-1112","ETV.14"" No.1",R,M08401,PAP16,B/O,16/12/2025 05:53,เก็บไว้ใช้,1565,
12/10/2025_5254,10/12/2025 05:02,Bladder Turn up เสียรูป,New,"Bladder turnup 15"" 0114-1-1033 Part store","ETV.15"" No.1",R,M08201,PAP21B,Leak (รั่ว),18/12/2025 17:51,ทิ้ง,1566,ด้านขวา
10/23/2025_212013,10/12/2025 10:48,Size change ,Old,"Bladder trunup23""0137-1-1036","ETV.23"" No.1",AR,M18801,PAP18,B/O,26/12/2025 08:55,เก็บไว้ใช้,1567,
10/11/2025_13125,10/12/2025 10:49,Size change ,Old,"Bladder trunup23""0137-1-1036","ETV.23"" No.1",R,M18801,PAP18,"Deform (เบี้ยว, ผิดรูปร่าง)",19/12/2025 11:09,ทิ้ง,1568,
5/17/2025_135018,10/12/2025 10:50,Size change ,Old,"Bladder push23""0136-1-1036","ETV.23"" No.1",AR,M18801,PAP18,B/O,26/12/2025 08:55,เก็บไว้ใช้,1569,
1/6/2025_85430,10/12/2025 10:51,Size change ,Old,"Bladder push23""0136-1-1036","ETV.23"" No.1",R,M18801,PAP18,B/O,26/12/2025 08:55,เก็บไว้ใช้,1570,
24/9/2025_81727,10/12/2025 17:40,Size change ,Old,"MTG bladder 22""23"" 0216-1-1666",MTG 21''22''23'' No.2,C,M18801,BNS18,B/O,26/12/2025 15:25,เก็บไว้ใช้,1571,
12/12/2025_11245,12/12/2025 01:12,Bladder Turn up เสียรูป,New,"Bladder turnup 15"" 0114-1-1033 Part store","ETV.15"" No.1",AR,M08201,PAP21B,B/O,11/02/2026 06:49,เก็บไว้ใช้,1572,
12/12/2025_182637,12/12/2025 18:26,Bladder Turn up เสียรูป,New,"Bladder turnup 20"" 0137-1-1023","ETV.20"" No.3",AR,M01103,PAP12,"Deform (เบี้ยว, ผิดรูปร่าง)",15/01/2026 15:27,ทิ้ง,1573,ด้านซ้าย
10/16/2025_13352,13/12/2025 08:20,Size change ,Old,"Bladder turnup 15"" 0114-1-1032","ETV.15"" No.2",AR,M15501,PAP14,B/O,17/12/2025 15:08,เก็บไว้ใช้,1574,
10/15/2025_16465,13/12/2025 08:21,Size change ,Old,"Bladder turnup 15"" 0114-1-1032","ETV.15"" No.2",R,M15501,PAP14,B/O,17/12/2025 15:08,เก็บไว้ใช้,1575,
"December 14, 2025_5117",14/12/2025 05:01,MTG รั่ว,New,"MTG bladder 22""23"" 0216-1-1666",MTG 21''22''23'' No.1,C,M13105,BNS20,CQ เกิดปัญหาด้าน Quality,08/01/2026 23:44,ทิ้ง,1576,ตะเข็บรอยต่อ
12/4/2025_31429,16/12/2025 05:54,Size change ,Old,"Bladder turnup 12"" 0239-1-1128","ETV.12"" No.1",AR,M20001,PAP16,Leak (รั่ว),27/12/2025 17:09,ทิ้ง,1577,ด้านซ้าย
12/4/2025_3154,16/12/2025 05:54,Size change ,Old,"Bladder turnup 12"" 0239-1-1128","ETV.12"" No.1",R,M20001,PAP16,Leak (รั่ว),27/12/2025 17:09,ทิ้ง,1578,ด้านขวา
12/2/2025_18337,17/12/2025 15:08,Size change ,Old,"Bladder turnup 15"" 0114-1-1033 Part store","ETV.15"" No.3",AR,M08201,PAP14,B/O,26/12/2025 00:09,เก็บไว้ใช้,1579,
4/11/2025_92131,17/12/2025 15:09,Size change ,Old,"Bladder turnup 15"" 0114-1-1033 Part store","ETV.15"" No.3",R,M08201,PAP14,Leak (รั่ว),19/12/2025 08:48,ทิ้ง,1580,
12/18/2025_175158,18/12/2025 17:51,Push bladder รั่ว,New,"Bladder turnup 15"" 0114-1-1033 Part store","ETV.15"" No.1",R,M08201,PAP21B,Leak (รั่ว),05/01/2026 00:01,ทิ้ง,1581,
12/19/2025_8495,19/12/2025 08:49,Bladder Turn up รั่ว,New,"Bladder turnup 15"" 0114-1-1033 Part store","ETV.15"" No.3",R,M08201,PAP14,B/O,26/12/2025 00:08,เก็บไว้ใช้,1582,
12/19/2025_111023,19/12/2025 11:10,Bladder Turn up เสียรูป,New,"Bladder trunup23""0137-1-1036","ETV.23"" No.1",R,M18801,PAP18,B/O,26/12/2025 08:55,เก็บไว้ใช้,1583,
20/12/2025_174730,20/12/2025 17:47,MTG รั่ว,New,MTG bladder 0216-1-1670,MTG 21''22''23'' No.3,C,M20201,BNS19,B/O,13/01/2026 13:42,เก็บไว้ใช้,1584,
25/12/2024_154551,22/12/2025 21:21,Extension รั่ว,Old,"Bladder turnup 22"" 0137-1-1033","ETV.22"" No.3",AR,M13105,PAP20,B/O,17/01/2026 15:44,เก็บไว้ใช้,1585,
9/10/2025_131249,22/12/2025 21:22,Extension รั่ว,Old,"Bladder turnup 22"" 0137-1-1033","ETV.22"" No.3",R,M13105,PAP20,B/O,17/01/2026 15:44,เก็บไว้ใช้,1586,
9/7/2024_162042,22/12/2025 21:23,Extension รั่ว,Old,"Bladder push 22"" 0136-1-1033","ETV.22"" No.3",AR,M13105,PAP20,B/O,17/01/2026 15:44,เก็บไว้ใช้,1587,
10/3/2025_212927,22/12/2025 21:23,Extension รั่ว,Old,"Bladder push 22"" 0136-1-1033","ETV.22"" No.3",R,M13105,PAP20,B/O,17/01/2026 15:44,เก็บไว้ใช้,1588,
24/12/2025_131251,24/12/2025 13:12,Bladder Turn up เสียรูป,New,"Bladder turnup 20"" 0137-1-1023","ETV.20"" No.1",R,M01103,PAP11,B/O,04/02/2026 16:40,เก็บไว้ใช้,1589,
11/21/2025_95351,25/12/2025 07:06,Size change ,Old,"Bladder trunup23""0137-1-1036","ETV.23"" No.2",AR,M05102,PAP13,B/O,24/01/2026 21:31,เก็บไว้ใช้,1590,
15/7/2025_165737,25/12/2025 07:07,Size change ,Old,"Bladder push23""0136-1-1036","ETV.23"" No.2",AR,M05102,PAP13,B/O,24/01/2026 21:30,เก็บไว้ใช้,1591,
,25/12/2025 07:08,Size change ,Old,"Bladder trunup23""0137-1-1036","ETV.23"" No.2",R,M05102,PAP13,B/O,24/01/2026 21:30,เก็บไว้ใช้,1592,
11/13/2025_153137,25/12/2025 07:09,Size change ,Old,"Bladder push23""0136-1-1036","ETV.23"" No.2",R,M05102,PAP13,B/O,24/01/2026 21:29,เก็บไว้ใช้,1593,
7/23/2025_111247,25/12/2025 07:49,Extension รั่ว,Old,"Bladder push 20"" 0136-1-1023","ETV.20"" No.1",R,M01103,PAP11,B/O,04/02/2026 16:40,เก็บไว้ใช้,1594,
8/20/2025_101642,25/12/2025 09:23,Extension รั่ว,Old,"Bladder turnup 20"" 0137-1-1023","ETV.20"" No.1",AR,M01103,PAP11,"Deform (เบี้ยว, ผิดรูปร่าง)",20/01/2026 17:12,ทิ้ง,1595,
10/15/2025_16465,26/12/2025 00:07,Size change ,Old,"Bladder turnup 15"" 0114-1-1032","ETV.15"" No.2",R,M06201,PAP14,B/O,07/01/2026 10:53,เก็บไว้ใช้,1596,
10/16/2025_13352,26/12/2025 00:07,Size change ,Old,"Bladder turnup 15"" 0114-1-1032","ETV.15"" No.2",AR,M06201,PAP14,Tear (ฉีกขาด),05/01/2026 08:44,ทิ้ง,1597,ด้านซ้าย
10/25/2025_195927,26/12/2025 08:55,Size change ,Old,"Bladder Turn up 21"" 0137-1-1070","ETV.21"" No.2",AR,M20201,PAP18,B/O,28/12/2025 18:33,เก็บไว้ใช้,1598,ด้านซ้าย
16/8/2024_15282,26/12/2025 08:57,Size change ,Old,"Bladder push 21"" 0136-1-1070","ETV.21"" No.2",AR,M20201,PAP18,B/O,28/12/2025 18:33,เก็บไว้ใช้,1599,ด้านซ้าย
10/25/2025_20021,26/12/2025 08:59,Size change ,Old,"Bladder Turn up 21"" 0137-1-1070","ETV.21"" No.2",R,M20201,PAP18,B/O,28/12/2025 18:33,เก็บไว้ใช้,1600,ด้านขวา
8/2/2025_4031,26/12/2025 09:00,Size change ,Old,"Bladder push 21"" 0136-1-1070","ETV.22"" No.2",R,M20201,PAP18,B/O,17/01/2026 15:43,เก็บไว้ใช้,1601,
8/2/2025_4031,26/12/2025 09:01,Size change ,Old,"Bladder push 21"" 0136-1-1070","ETV.21"" No.2",R,M20201,PAP18,B/O,28/12/2025 18:32,เก็บไว้ใช้,1602,ด้านขวา
"December 16, 2024_04649",26/12/2025 15:26,Size change ,Old,Bladder MTG 0216-1-1638,MTG 21''22''23'' No.2,C,M20201,BNS18,B/O,05/01/2026 17:39,เก็บไว้ใช้,1603,
12/27/2025_17101,27/12/2025 17:10,Bladder Turn up รั่ว,New,"Bladder turnup 12"" 0239-1-1128","ETV.12"" No.1",AR,M20001,PAP16,B/O,08/01/2026 17:25,เก็บไว้ใช้,1604,
12/27/2025_171046,27/12/2025 17:10,Bladder Turn up รั่ว,New,"Bladder turnup 12"" 0239-1-1128","ETV.12"" No.1",R,M20001,PAP16,Leak (รั่ว),07/01/2026 10:50,ทิ้ง,1605,ด้านขวา
6/26/2025_92044,28/12/2025 18:33,Extension รั่ว,Old,"Bladder Turn up 21"" 0137-1-1070","ETV.21"" No.1",AR,M20201,PAP18,B/O,05/01/2026 17:38,เก็บไว้ใช้,1606,
6/26/2025_10413,28/12/2025 18:34,Extension รั่ว,Old,"Bladder push 21"" 0136-1-1070","ETV.21"" No.1",AR,M20201,PAP18,B/O,05/01/2026 17:38,เก็บไว้ใช้,1607,
6/26/2025_1068,28/12/2025 18:35,Extension รั่ว,Old,"Bladder push 21"" 0136-1-1070","ETV.21"" No.1",R,M20201,PAP18,B/O,05/01/2026 17:38,เก็บไว้ใช้,1608,
12/28/2025_183654,28/12/2025 18:36,Extension รั่ว,New,"Bladder Turn up 21"" 0137-1-1070","ETV.21"" No.1",R,M20201,PAP18,B/O,05/01/2026 17:37,เก็บไว้ใช้,1609,
5/1/2026_0212,05/01/2026 00:02,Push bladder รั่ว,New,"Bladder turnup 15"" 0114-1-1033 Part store","ETV.15"" No.1",R,M08201,PAP21B,"Deform (เบี้ยว, ผิดรูปร่าง)",10/01/2026 22:59,ทิ้ง,1610,ด้านขวา
1/5/2026_84514,05/01/2026 08:45,"Bladder Turn up แตก, ฉีกขาด",New,"Bladder turnup 15"" 0114-1-1032","ETV.15"" No.2",AR,M06201,PAP14,B/O,07/01/2026 10:53,เก็บไว้ใช้,1611,
24/9/2025_81727,05/01/2026 17:39,Size change ,Old,"MTG bladder 22""23"" 0216-1-1666",MTG 21''22''23'' No.2,C,M19501,BNS18,Tear (ฉีกขาด),15/01/2026 13:38,ทิ้ง,1612,
9/9/2024_134121,05/01/2026 17:40,Size change ,Old,"Bladder push23""0136-1-1036","ETV.23"" No.3",AR,M19501,PAP18,B/O,19/01/2026 17:35,เก็บไว้ใช้,1613,
9/9/2024_133920,05/01/2026 17:41,Size change ,Old,"Bladder trunup23""0137-1-1036","ETV.23"" No.3",AR,M19501,PAP18,B/O,19/01/2026 17:35,เก็บไว้ใช้,1614,
6/24/2024_134942,05/01/2026 17:42,Size change ,Old,"Bladder trunup23""0137-1-1036","ETV.23"" No.3",R,M19501,PAP18,B/O,19/01/2026 17:35,เก็บไว้ใช้,1615,
10/15/2025_212815,05/01/2026 17:43,Size change ,Old,"Bladder trunup23""0137-1-1036","ETV.23"" No.3",R,M19501,PAP18,B/O,19/01/2026 17:35,เก็บไว้ใช้,1616,
1/7/2026_105038,07/01/2026 10:50,Bladder Turn up รั่ว,New,"Bladder turnup 12"" 0239-1-1128","ETV.12"" No.1",R,M20001,PAP16,B/O,08/01/2026 17:25,เก็บไว้ใช้,1617,ด้านซ้าย
12/2/2025_18337,07/01/2026 10:53,Size change ,Old,"Bladder turnup 15"" 0114-1-1033 Part store","ETV.15"" No.3",AR,M08201,PAP14,B/O,10/01/2026 20:10,เก็บไว้ใช้,1618,
12/19/2025_8495,07/01/2026 10:54,Size change ,Old,"Bladder turnup 15"" 0114-1-1033 Part store","ETV.15"" No.3",R,M08201,PAP14,B/O,10/01/2026 20:10,เก็บไว้ใช้,1619,
11/15/2025_184244,08/01/2026 17:26,Size change ,Old,"Bladder turmup 14"" 0239-1-1112","ETV.14"" No.2",R,M15702,PAP16,Leak (รั่ว),13/01/2026 04:00,ทิ้ง,1620,
16/11/2025_214855,08/01/2026 17:27,Size change ,Old,"Bladder turmup 14"" 0239-1-1112","ETV.14"" No.2",AR,M15702,PAP16,B/O,14/01/2026 20:19,เก็บไว้ใช้,1621,
"January 8, 2026_234528",08/01/2026 23:45,เกิดปัญหาด้าน Quality,New,"MTG bladder 22""23"" 0216-1-1666",MTG 21''22''23'' No.1,C,M13105,BNS20,B/O,19/01/2026 12:32,เก็บไว้ใช้,1622,
10/16/2024_17128,10/01/2026 20:10,Extension รั่ว,Old,"Bladder turnup 15"" 0114-1-1033 Part store","ETV.15"" No.4",AR,M08201,PAP14,B/O,22/01/2026 10:43,เก็บไว้ใช้,1623,
4/5/2025_0172,10/01/2026 20:18,Extension รั่ว,Old,"Bladder turnup 15"" 0114-1-1033 Part store","ETV.15"" No.4",R,M08201,PAP14,B/O,22/01/2026 10:43,เก็บไว้ใช้,1624,
1/10/2026_225938,10/01/2026 22:59,Bladder Turn up เสียรูป,New,"Bladder turnup 15"" 0114-1-1033 Part store","ETV.15"" No.1",R,M08201,PAP21B,"Deform (เบี้ยว, ผิดรูปร่าง)",13/01/2026 08:57,ทิ้ง,1625,ด้านขวา
11/1/2026_17039,11/01/2026 17:00,Bladder Turn up เสียรูป,New,"Bladder turnup 20"" 0137-1-1023","ETV.20"" No.3",R,M01103,PAP12,Leak (รั่ว),16/01/2026 10:57,เก็บไว้ใช้,1626,
1/13/2026_414,13/01/2026 04:01,Bladder Turn up รั่ว,New,"Bladder turmup 14"" 0239-1-1112","ETV.14"" No.2",R,M15702,PAP16,B/O,14/01/2026 20:19,เก็บไว้ใช้,1627,
13/1/2026_85740,13/01/2026 08:57,Bladder Turn up เสียรูป,New,"Bladder turnup 15"" 0114-1-1033 Part store","ETV.15"" No.1",R,M08201,PAP21B,B/O,11/02/2026 06:49,เก็บไว้ใช้,1628,
10/23/2025_212013,13/01/2026 10:18,Size change ,Old,"Bladder trunup23""0137-1-1036","ETV.23"" No.1",AR,M18801,PAP19,B/O,19/01/2026 12:34,เก็บไว้ใช้,1629,
5/17/2025_135018,13/01/2026 10:21,Size change ,Old,"Bladder trunup23""0137-1-1036","ETV.23"" No.1",AR,M18801,PAP19,B/O,19/01/2026 12:34,เก็บไว้ใช้,1630,
12/19/2025_111023,13/01/2026 10:21,Size change ,Old,"Bladder trunup23""0137-1-1036","ETV.23"" No.1",R,M18801,PAP19,B/O,19/01/2026 12:34,เก็บไว้ใช้,1631,
1/6/2025_85430,13/01/2026 10:22,Size change ,Old,"Bladder push23""0136-1-1036","ETV.23"" No.1",R,M18801,PAP19,B/O,19/01/2026 12:34,เก็บไว้ใช้,1632,
13/1/2026_13449,13/01/2026 13:44,Size change ,New,"MTG bladder 22""23"" 0216-1-1666",MTG 21''22''23'' No.3,C,M18801,BNS19,B/O,26/01/2026 15:41,เก็บไว้ใช้,1633,
1/13/2026_234145,13/01/2026 23:41,Push bladder รั่ว,New,"Bladder push23""0136-1-1036","ETV.23"" No.4",R,M18801,PAP17,B/O,17/02/2026 20:26,เก็บไว้ใช้,1634,
1/7/2026_105038,14/01/2026 20:20,Size change ,Old,"Bladder turnup 12"" 0239-1-1128","ETV.12"" No.1",R,M20001,PAP16,Tear (ฉีกขาด),20/01/2026 06:47,ทิ้ง,1635,ด้านขวา
12/27/2025_17101,14/01/2026 20:21,Size change ,Old,"Bladder turnup 12"" 0239-1-1128","ETV.12"" No.1",AR,M20001,PAP16,Leak (รั่ว),19/01/2026 14:13,ทิ้ง,1636,ด้านซ้าย
11/10/2025_61356,15/01/2026 01:17,Size change ,Old,"MTG bladder 10""12"" 0216-1-1068","MTG 10"" No.1",C,M18201,Smart 21,CQ เกิดปัญหาด้าน Quality,16/01/2026 11:30,ทิ้ง,1637,ตะเข็บรอยต่อ
15/1/2026_133939,15/01/2026 13:39,MTG,New,"MTG bladder 22""23"" 0216-1-1666",MTG 21''22''23'' No.2,C,M19501,BNS18,B/O,20/01/2026 09:02,เก็บไว้ใช้,1638,
15/1/2026_15287,15/01/2026 15:28,Bladder Turn up เสียรูป,New,"Bladder turnup 20"" 0137-1-1023","ETV.20"" No.3",AR,M01103,PAP12,Leak (รั่ว),16/01/2026 10:56,เก็บไว้ใช้,1639,
1/16/2026_8261,16/01/2026 08:26,"Bladder Turn up แตก, ฉีกขาด",New,"Bladder turnup 10 "" 0239-1-1094 part store","ETV.10"" No.1",R,M18201,PAP21A,Leak (รั่ว),23/01/2026 04:03,ทิ้ง,1640,ด้านขวา
10/2/2025_10224,16/01/2026 10:58,Extension รั่ว,Old,"Bladder turnup 20"" 0137-1-1023","ETV.20"" No.2",AR,M01103,PAP12,B/O,13/03/2026 16:26,เก็บไว้ใช้,1641,
11/2/2025_01144,16/01/2026 11:01,Extension รั่ว,Old,"Bladder push 20"" 0136-1-1023","ETV.20"" No.2",AR,M01103,PAP12,Leak (รั่ว),31/01/2026 08:52,ทิ้ง,1642,
9/7/2024_165158,16/01/2026 11:02,Extension รั่ว,Old,"Bladder turnup 20"" 0137-1-1023","ETV.20"" No.2",R,M01103,PAP12,B/O,13/03/2026 16:26,เก็บไว้ใช้,1643,
9/20/2025_4231,16/01/2026 11:03,Extension รั่ว,Old,"Bladder push 20"" 0136-1-1023","ETV.20"" No.2",R,M01103,PAP12,B/O,13/03/2026 16:26,เก็บไว้ใช้,1644,
1/16/2026_113233,16/01/2026 11:32,เกิดปัญหาด้าน Quality,New,"MTG bladder 10""12"" 0216-1-1068","MTG 10"" No.2",C,M18201,Smart 21,B/O,28/04/2026 17:05,เก็บไว้ใช้,1645,
15/1/2026_15287,17/01/2026 15:45,Size change ,Old,"Bladder turnup 20"" 0137-1-1023","ETV.20"" No.3",AR,M01103,PAP20,B/O,17/01/2026 15:51,เก็บไว้ใช้,1646,
7/11/2025_152828,17/01/2026 15:47,Size change ,Old,"Bladder push 20"" 0136-1-1023","ETV.20"" No.3",AR,M01103,PAP20,B/O,17/01/2026 15:50,เก็บไว้ใช้,1647,
11/1/2026_17039,17/01/2026 15:48,Size change ,Old,"Bladder turnup 20"" 0137-1-1023","ETV.20"" No.3",AR,M01103,PAP20,B/O,17/01/2026 15:51,เก็บไว้ใช้,1648,
12/15/2024_55748,17/01/2026 15:49,Size change ,Old,"Bladder push 20"" 0136-1-1023","ETV.20"" No.3",R,M01103,PAP20,B/O,17/01/2026 15:52,เก็บไว้ใช้,1649,
15/1/2026_15287,17/01/2026 15:50,Size change ,Old,"Bladder turnup 20"" 0137-1-1023","ETV.20"" No.3",AR,M01103,PAP20,B/O,23/01/2026 14:18,เก็บไว้ใช้,1650,
7/11/2025_152828,17/01/2026 15:52,Size change ,Old,"Bladder push 20"" 0136-1-1023","ETV.20"" No.3",AR,M01103,PAP20,B/O,23/01/2026 14:18,เก็บไว้ใช้,1651,
11/1/2026_17039,17/01/2026 15:53,Size change ,Old,"Bladder turnup 20"" 0137-1-1023","ETV.20"" No.3",R,M01103,PAP20,B/O,23/01/2026 14:18,เก็บไว้ใช้,1652,
12/15/2024_55748,17/01/2026 15:54,Size change ,Old,"Bladder push 20"" 0136-1-1023","ETV.20"" No.3",R,M01103,PAP19,B/O,17/01/2026 15:55,เก็บไว้ใช้,1653,
12/15/2024_55748,17/01/2026 15:54,Size change ,Old,"Bladder push 20"" 0136-1-1023","ETV.20"" No.3",R,M01103,PAP20,B/O,23/01/2026 14:18,เก็บไว้ใช้,1654,
18/1/2026_94518,18/01/2026 09:45,Bladder Turn up เสียรูป,New,"Bladder trunup23""0137-1-1036","ETV.23"" No.3",R,M18801,PAP17,"Deform (เบี้ยว, ผิดรูปร่าง)",18/01/2026 09:46,เก็บไว้ใช้,1655,
18/1/2026_94518,18/01/2026 09:47,Bladder Turn up เสียรูป,Old,"Bladder trunup23""0137-1-1036","ETV.23"" No.4",R,M18801,PAP17,"Deform (เบี้ยว, ผิดรูปร่าง)",15/02/2026 16:18,ทิ้ง,1656,ด้านขวา
20/12/2025_174730,19/01/2026 12:33,Size change ,Old,MTG bladder 0216-1-1670,MTG 21''22''23'' No.1,C,M01103,BNS20,B/O,23/01/2026 14:22,เก็บไว้ใช้,1657,
8/22/2024_52448,19/01/2026 12:34,Size change ,Old,"Biadder push 16"" 0136-1-1051","ETV.16"" No.1",AR,M10001,PAP19,B/O,26/01/2026 15:45,เก็บไว้ใช้,1658,
6/23/2025_191657,19/01/2026 12:37,Size change ,Old,"Bladder turnup 16 "" 0137-1-1051","ETV.16"" No.1",R,M10001,PAP19,B/O,26/01/2026 15:45,เก็บไว้ใช้,1659,
8/22/2024_54319,19/01/2026 12:38,Size change ,Old,"Biadder push 16"" 0136-1-1051","ETV.16"" No.1",R,M10001,PAP19,B/O,26/01/2026 15:45,เก็บไว้ใช้,1660,
8/22/2024_53150,19/01/2026 12:46,Size change ,Old,"Bladder turnup 16 "" 0137-1-1051","ETV.16"" No.1",AR,M10001,PAP19,B/O,26/01/2026 15:44,เก็บไว้ใช้,1661,
7/22/2024_213453,19/01/2026 12:48,Size change ,Old,"MTG Bladder 16"" 0216-1-1266","MTG 16"" No.1",C,M10001,BNS19,Leak (รั่ว),25/01/2026 16:57,ทิ้ง,1662,
1/19/2026_141121,19/01/2026 14:11,Bladder Turn up รั่ว,New,"Bladder turnup 10 "" 0239-1-1094 part store","ETV.10"" No.1",AR,M18201,PAP21A,Leak (รั่ว),24/01/2026 23:58,ทิ้ง,1663,ด้านซ้าย
1/19/2026_141244,19/01/2026 14:12,Bladder Turn up รั่ว,New,"Bladder turnup 12"" 0239-1-1128","ETV.12"" No.1",AR,M20001,PAP16,Leak (รั่ว),26/01/2026 01:35,ทิ้ง,1664,ด้านซ้าย
6/26/2025_92044,19/01/2026 17:35,Size change ,Old,"Bladder Turn up 21"" 0137-1-1070","ETV.21"" No.1",AR,M20201,PAP18,B/O,03/02/2026 19:12,เก็บไว้ใช้,1665,
6/26/2025_10413,19/01/2026 17:36,Size change ,Old,"Bladder push 21"" 0136-1-1070","ETV.21"" No.1",AR,M20201,PAP18,B/O,03/02/2026 19:11,เก็บไว้ใช้,1666,
12/28/2025_183654,19/01/2026 17:37,Size change ,Old,"Bladder Turn up 21"" 0137-1-1070","ETV.21"" No.1",R,M20201,PAP18,"Deform (เบี้ยว, ผิดรูปร่าง)",20/01/2026 08:04,ทิ้ง,1667,
6/26/2025_1068,19/01/2026 17:38,Size change ,Old,"Bladder push 21"" 0136-1-1070","ETV.21"" No.1",R,M20201,PAP18,B/O,03/02/2026 19:11,เก็บไว้ใช้,1668,
1/20/2026_64810,20/01/2026 06:48,Bladder Turn up รั่ว,New,"Bladder turnup 12"" 0239-1-1128","ETV.12"" No.1",R,M20001,PAP16,B/O,29/01/2026 03:36,เก็บไว้ใช้,1669,
1/20/2026_8436,20/01/2026 08:04,Bladder Turn up เสียรูป,New,"Bladder Turn up 21"" 0137-1-1070","ETV.21"" No.1",R,M20201,PAP18,B/O,03/02/2026 19:11,เก็บไว้ใช้,1670,
"December 16, 2024_04649",20/01/2026 09:02,Size change ,Old,Bladder MTG 0216-1-1638,MTG 21''22''23'' No.2,C,M20201,BNS18,Leak (รั่ว),24/01/2026 00:43,ทิ้ง,1671,กลาง
1/20/2026_171343,20/01/2026 17:13,Bladder Turn up เสียรูป,New,"Bladder turnup 20"" 0137-1-1023","ETV.20"" No.1",AR,M01103,PAP11,B/O,04/02/2026 16:39,เก็บไว้ใช้,1672,
1/5/2026_84514,22/01/2026 10:43,Size change ,Old,"Bladder turnup 15"" 0114-1-1032","ETV.15"" No.2",AR,M15501,PAP14,B/O,31/01/2026 01:35,เก็บไว้ใช้,1673,
10/15/2025_16465,22/01/2026 10:45,Size change ,Old,"Bladder turnup 15"" 0114-1-1032","ETV.15"" No.2",R,M15501,PAP14,Leak (รั่ว),26/01/2026 06:00,ทิ้ง,1674,ด้านขวา
1/23/2026_4412,23/01/2026 04:04,Bladder Turn up รั่ว,New,"Bladder turnup 10 "" 0239-1-1094 part store","ETV.10"" No.1",R,M18201,PAP21A,B/O,13/02/2026 20:31,เก็บไว้ใช้,1675,
25/12/2024_154551,23/01/2026 14:19,Size change ,Old,"Bladder turnup 22"" 0137-1-1033","ETV.22"" No.3",AR,M13105,PAP20,B/O,30/01/2026 06:00,เก็บไว้ใช้,1676,ด้านซ้าย
9/7/2024_162042,23/01/2026 14:19,Size change ,Old,"Bladder push 22"" 0136-1-1033","ETV.22"" No.3",AR,M13105,PAP20,B/O,30/01/2026 06:00,เก็บไว้ใช้,1677,ด้านซ้าย
9/10/2025_131249,23/01/2026 14:21,Size change ,Old,"Bladder turnup 22"" 0137-1-1033","ETV.22"" No.3",R,M13105,PAP20,B/O,30/01/2026 06:01,เก็บไว้ใช้,1678,ด้านขวา
10/3/2025_212927,23/01/2026 14:21,Size change ,Old,"Bladder push 22"" 0136-1-1033","ETV.22"" No.3",R,M13105,PAP20,B/O,30/01/2026 06:00,เก็บไว้ใช้,1679,ด้านขวา
15/1/2026_133939,23/01/2026 14:22,Size change ,Old,"MTG bladder 22""23"" 0216-1-1666",MTG 21''22''23'' No.1,C,M13105,BNS20,Leak (รั่ว),07/02/2026 09:57,ทิ้ง,1680,กลาง
1/24/2026_04359,24/01/2026 00:43,MTG รั่ว,New,Bladder MTG 0216-1-1638,MTG 21''22''23'' No.2,C,M20201,BNS18,B/O,03/02/2026 12:15,เก็บไว้ใช้,1681,
9/13/2024_221528,24/01/2026 21:31,Size change ,Old,"Bladder trunup23""0137-1-1036","ETV.22"" No.2",R,M42203,PAP13,Leak (รั่ว),26/01/2026 09:05,เก็บไว้ใช้,1682,ด้านขวา
12/20/2024_135038,24/01/2026 21:33,Size change ,Old,"Bladder push23""0136-1-1036","ETV.22"" No.2",R,M42203,PAP13,Leak (รั่ว),26/01/2026 09:04,เก็บไว้ใช้,1683,ด้านขวา
3/27/2025_2258,24/01/2026 21:34,Size change ,Old,"Bladder trunup23""0137-1-1036","ETV.22"" No.2",AR,M42203,PAP13,Leak (รั่ว),26/01/2026 09:04,เก็บไว้ใช้,1684,ด้านซ้าย
11/13/2024_5312,24/01/2026 21:35,Size change ,Old,"Bladder push23""0136-1-1036","ETV.22"" No.2",AR,M42203,PAP13,Leak (รั่ว),26/01/2026 09:04,เก็บไว้ใช้,1685,ด้านซ้าย
24/1/2026_235912,24/01/2026 23:59,Bladder Turn up รั่ว,New,"Bladder turnup 10 "" 0239-1-1094 part store","ETV.10"" No.1",AR,M18201,PAP21A,B/O,13/02/2026 20:31,เก็บไว้ใช้,1686,
25/1/2026_165736,25/01/2026 16:57,MTG รั่ว,New,"MTG Bladder 16"" 0216-1-1266","MTG 16"" No.1",C,M10001,BNS19,B/O,26/01/2026 15:42,เก็บไว้ใช้,1687,
26/1/2026_13627,26/01/2026 01:36,Bladder Turn up รั่ว,New,"Bladder turnup 12"" 0239-1-1128","ETV.12"" No.1",AR,M20001,PAP16,B/O,29/01/2026 03:36,เก็บไว้ใช้,1688,
26/1/2026_6121,26/01/2026 06:01,Push bladder รั่ว,New,"Bladder turnup 15"" 0114-1-1032","ETV.15"" No.2",R,M15501,PAP14,B/O,31/01/2026 01:35,เก็บไว้ใช้,1689,
,26/01/2026 09:05,Extension รั่ว,Old,"Bladder turnup 22"" 0137-1-1033","ETV.22"" No.1",AR,M42203,PAP13,"Deform (เบี้ยว, ผิดรูปร่าง)",06/02/2026 16:22,ทิ้ง,1690,ด้านซ้าย
11/13/2024_5312,26/01/2026 09:07,Extension รั่ว,Old,"Bladder push 22"" 0136-1-1033","ETV.22"" No.1",AR,M42203,PAP13,B/O,07/02/2026 17:13,เก็บไว้ใช้,1691,
9/13/2024_221528,26/01/2026 09:08,Extension รั่ว,Old,"Bladder turnup 22"" 0137-1-1033","ETV.22"" No.1",R,M42203,PAP13,"Deform (เบี้ยว, ผิดรูปร่าง)",29/01/2026 16:27,ทิ้ง,1692,
12/20/2024_135038,26/01/2026 09:09,Extension รั่ว,Old,"Bladder push 22"" 0136-1-1033","ETV.22"" No.1",R,M42203,PAP13,"Deform (เบี้ยว, ผิดรูปร่าง)",29/01/2026 16:23,ทิ้ง,1693,
26/1/2026_154215,26/01/2026 15:42,Size change ,New,Bladder MTG 0216-1-1638,MTG 21''22''23'' No.3,C,Test,BNS19,B/O,04/02/2026 00:43,เก็บไว้ใช้,1694,
8/22/2024_53150,27/01/2026 01:29,Size change ,Old,"Bladder turnup 16 "" 0137-1-1051","ETV.16"" No.1",AR,Test,PAP19,B/O,05/02/2026 17:11,เก็บไว้ใช้,1695,
8/22/2024_52448,27/01/2026 01:31,Size change ,Old,"Biadder push 16"" 0136-1-1051","ETV.16"" No.1",AR,Test,PAP19,B/O,05/02/2026 17:11,เก็บไว้ใช้,1696,
6/23/2025_191657,27/01/2026 01:33,Size change ,Old,"Bladder turnup 16 "" 0137-1-1051","ETV.16"" No.1",R,Test,PAP19,B/O,05/02/2026 17:11,เก็บไว้ใช้,1697,
8/22/2024_54319,27/01/2026 01:34,Size change ,Old,"Biadder push 16"" 0136-1-1051","ETV.16"" No.1",R,Test,PAP19,B/O,05/02/2026 17:11,เก็บไว้ใช้,1698,
10/14/2025_222143,29/01/2026 03:36,Size change ,Old,"Bladder turnup 8"" 0239-1-1137","ETV.8"" No.1",AR,M15601,PAP16,Leak (รั่ว),01/02/2026 05:01,ทิ้ง,1699,ด้านซ้าย
10/10/2025_44437,29/01/2026 03:37,Size change ,Old,"Bladder turnup 8"" 0239-1-1137","ETV.8"" No.1",R,M15601,PAP16,Leak (รั่ว),29/01/2026 13:22,ทิ้ง,1700,ด้านขวา
1/29/2026_132253,29/01/2026 13:22,"Bladder Turn up แตก, ฉีกขาด",New,"Bladder turnup 8"" 0239-1-1137","ETV.8"" No.1",R,M15601,PAP16,Leak (รั่ว),02/02/2026 10:12,ทิ้ง,1701,ด้านขวา
10/20/2025_93244,29/01/2026 16:23,Bladder Turn up เสียรูป,Old,"Bladder turnup 22"" 0137-1-1033","ETV.22"" No.1",R,M42203,PAP13,B/O,07/02/2026 17:13,เก็บไว้ใช้,1702,
12/20/2024_135038,29/01/2026 16:25,Extension รั่ว,Old,"Bladder push 22"" 0136-1-1033","ETV.22"" No.1",R,M42203,PAP13,,29/01/2026 17:00,เก็บไว้ใช้,1703,
12/20/2024_135038,29/01/2026 17:01,Extension รั่ว,Old,"Bladder push 22"" 0136-1-1033","ETV.22"" No.1",R,M42203,PAP13,B/O,07/02/2026 17:13,เก็บไว้ใช้,1704,
11/21/2025_95351,30/01/2026 06:01,Size change ,Old,"Bladder turnup 22"" 0137-1-1033","ETV.23"" No.2",AR,M05102,PAP20,B/O,06/02/2026 09:49,เก็บไว้ใช้,1705,
15/7/2025_165737,30/01/2026 06:03,Size change ,Old,"Bladder push23""0136-1-1036","ETV.23"" No.2",AR,M05102,PAP20,B/O,06/02/2026 09:48,เก็บไว้ใช้,1706,
11/13/2025_153137,30/01/2026 06:06,Size change ,Old,"Bladder trunup23""0137-1-1036","ETV.23"" No.2",R,M05102,PAP20,B/O,30/01/2026 06:08,เก็บไว้ใช้,1707,ด้านขวา
11/17/2025_21538,30/01/2026 06:07,Size change ,Old,"Bladder trunup23""0137-1-1036","ETV.23"" No.2",R,M05102,PAP20,B/O,06/02/2026 09:48,เก็บไว้ใช้,1708,
11/13/2025_153137,30/01/2026 06:09,Size change ,Old,"Bladder push23""0136-1-1036","ETV.23"" No.2",R,M05102,PAP20,B/O,06/02/2026 09:48,เก็บไว้ใช้,1709,
12/19/2025_8495,31/01/2026 01:35,Size change ,Old,"Bladder turnup 15"" 0114-1-1033 Part store","ETV.15"" No.3",R,M08201,PAP14,B/O,09/02/2026 11:23,เก็บไว้ใช้,1710,
12/2/2025_18337,31/01/2026 01:36,Size change ,Old,"Bladder turnup 15"" 0114-1-1033 Part store","ETV.15"" No.3",AR,M08201,PAP14,B/O,09/02/2026 11:23,เก็บไว้ใช้,1711,
1/31/2026_85231,31/01/2026 08:52,Push bladder รั่ว,New,"Bladder push 20"" 0136-1-1023","ETV.20"" No.2",AR,M01103,PAP12,B/O,13/03/2026 16:26,เก็บไว้ใช้,1712,
2/1/2026_5222,01/02/2026 05:02,Bladder Turn up รั่ว,New,"Bladder turnup 8"" 0239-1-1137","ETV.8"" No.1",AR,M15601,PAP16,Leak (รั่ว),04/02/2026 18:39,ทิ้ง,1713,
2/2/2026_101226,02/02/2026 10:12,Bladder Turn up รั่ว,New,"Bladder turnup 8"" 0239-1-1137","ETV.8"" No.1",R,M15601,PAP16,B/O,05/02/2026 13:41,เก็บไว้ใช้,1714,
10/25/2025_195927,02/02/2026 14:35,Size change ,Old,"Bladder Turn up 21"" 0137-1-1070","ETV.21"" No.2",AR,Test,PAP19,B/O,24/02/2026 16:08,เก็บไว้ใช้,1715,
3/25/2025_15282,02/02/2026 14:37,Size change ,Old,"Bladder Turn up 21"" 0137-1-1070","ETV.21"" No.2",AR,Test,PAP19,B/O,24/02/2026 16:08,เก็บไว้ใช้,1716,
10/25/2025_20021,02/02/2026 14:38,Size change ,Old,"Bladder Turn up 21"" 0137-1-1070","ETV.21"" No.2",R,Test,PAP19,B/O,24/02/2026 16:08,เก็บไว้ใช้,1717,
8/2/2025_4031,02/02/2026 14:40,Size change ,Old,"Bladder push 21"" 0136-1-1070","ETV.21"" No.2",R,Test,PAP19,B/O,24/02/2026 16:07,เก็บไว้ใช้,1718,
7/16/2025_165538,03/02/2026 12:33,Size change ,Old,MTG bladder 0216-1-1670,MTG 21''22''23'' No.2,C,M19001,BNS18,B/O,17/02/2026 00:36,เก็บไว้ใช้,1719,กลาง
1/20/2026_8436,03/02/2026 19:12,Size change ,Old,"Bladder Turn up 21"" 0137-1-1070","ETV.21"" No.1",R,M19001,PAP18,B/O,17/02/2026 01:28,เก็บไว้ใช้,1720,
6/26/2025_1068,03/02/2026 19:13,Size change ,Old,"Bladder push 21"" 0136-1-1070","ETV.21"" No.1",R,M19001,PAP18,B/O,17/02/2026 01:28,เก็บไว้ใช้,1721,
6/26/2025_10413,03/02/2026 19:13,Size change ,Old,"Bladder Turn up 21"" 0137-1-1070","ETV.21"" No.1",AR,M19001,PAP18,B/O,03/02/2026 19:21,เก็บไว้ใช้,1722,
,03/02/2026 19:14,Size change ,Old,"Bladder push 21"" 0136-1-1070","ETV.21"" No.1",AR,M19001,PAP18,B/O,03/02/2026 19:16,เก็บไว้ใช้,1723,
,03/02/2026 19:16,Size change ,Old,"Bladder push 21"" 0136-1-1070","ETV.21"" No.1",AR,M19001,PAP18,B/O,03/02/2026 19:20,เก็บไว้ใช้,1724,
,03/02/2026 19:21,Size change ,Old,"Bladder Turn up 21"" 0137-1-1070","ETV.21"" No.1",AR,M19001,PAP18,B/O,03/02/2026 19:25,เก็บไว้ใช้,1725,
6/26/2025_10413,03/02/2026 19:22,Size change ,Old,"Bladder push 21"" 0136-1-1070","ETV.21"" No.1",AR,M19001,PAP18,B/O,17/02/2026 01:28,เก็บไว้ใช้,1726,
12/11/2024_9024,03/02/2026 19:23,Size change ,Old,"Bladder Turn up 21"" 0137-1-1070","ETV.21"" No.1",AR,M19001,PAP18,Leak (รั่ว),11/02/2026 20:31,ทิ้ง,1727,ด้านซ้าย
9/17/2025_103546,04/02/2026 00:44,Size change ,Old,"MTG Bladder 16"" 0216-1-1178","MTG 16"" No.1",C,Test,BNS19,B/O,05/02/2026 17:16,เก็บไว้ใช้,1728,
15/1/2026_15287,04/02/2026 16:41,Extension รั่ว,Old,"Bladder turnup 20"" 0137-1-1023","ETV.20"" No.3",AR,M01103,PAP11,B/O,17/04/2026 16:34,เก็บไว้ใช้,1729,
7/11/2025_152828,04/02/2026 16:42,Extension รั่ว,Old,"Bladder push 20"" 0136-1-1023","ETV.20"" No.3",AR,M01103,PAP11,B/O,17/04/2026 16:34,เก็บไว้ใช้,1730,
11/1/2026_17039,04/02/2026 16:43,Extension รั่ว,Old,"Bladder turnup 20"" 0137-1-1023","ETV.20"" No.3",R,M01103,PAP11,"Deform (เบี้ยว, ผิดรูปร่าง)",19/03/2026 16:33,ทิ้ง,1731,ด้านขวา
12/15/2024_55748,04/02/2026 16:44,Extension รั่ว,Old,"Bladder push 20"" 0136-1-1023","ETV.20"" No.3",R,M01103,PAP11,Leak (รั่ว),07/03/2026 16:29,ทิ้ง,1732,ด้านขวา
2/4/2026_18404,04/02/2026 18:40,Bladder Turn up รั่ว,New,"Bladder turnup 8"" 0239-1-1137","ETV.8"" No.1",AR,M15601,PAP16,B/O,05/02/2026 13:41,เก็บไว้ใช้,1733,
2/4/2026_18404,05/02/2026 13:41,Size change ,Old,"Bladder turnup 8"" 0239-1-1137","ETV.8"" No.1",AR,M13301,PAP16,Leak (รั่ว),09/02/2026 13:46,ทิ้ง,1734,ด้านซ้าย
2/2/2026_101226,05/02/2026 13:42,Size change ,Old,"Bladder turnup 8"" 0239-1-1137","ETV.8"" No.1",R,M13301,PAP16,Leak (รั่ว),06/02/2026 00:39,ทิ้ง,1735,ด้านขวา
2/9/2025_12150,05/02/2026 13:44,Size change ,Old,"MTG bladder 8"" 0216-1-1074","MTG 8""9'' No.1",C,M13301,BNS16,Leak (รั่ว),07/02/2026 18:50,ทิ้ง,1736,กลาง
8/22/2024_53150,05/02/2026 17:11,Size change ,Old,"Bladder turnup 16 "" 0137-1-1051","ETV.16"" No.1",AR,M10001,PAP19,B/O,11/02/2026 05:06,เก็บไว้ใช้,1737,ด้านซ้าย
8/22/2024_52448,05/02/2026 17:12,Size change ,Old,"Biadder push 16"" 0136-1-1051","ETV.16"" No.1",AR,M10001,PAP19,B/O,11/02/2026 05:06,เก็บไว้ใช้,1738,ด้านซ้าย
6/23/2025_191657,05/02/2026 17:13,Size change ,Old,"Bladder turnup 16 "" 0137-1-1051","ETV.16"" No.1",R,M10001,PAP19,B/O,11/02/2026 05:06,เก็บไว้ใช้,1739,ด้านขวา
8/22/2024_54319,05/02/2026 17:14,Size change ,Old,"Biadder push 16"" 0136-1-1051","ETV.16"" No.1",R,M10001,PAP19,B/O,11/02/2026 05:05,เก็บไว้ใช้,1740,ด้านขวา
2/6/2026_03947,06/02/2026 00:39,Bladder Turn up รั่ว,New,"Bladder turnup 8"" 0239-1-1137","ETV.8"" No.1",R,M13301,PAP16,Leak (รั่ว),09/02/2026 13:48,ทิ้ง,1741,ด้านขวา
25/12/2024_154551,06/02/2026 09:49,Size change ,Old,"Bladder turnup 22"" 0137-1-1033","ETV.22"" No.3",AR,M13105,PAP20,B/O,25/02/2026 10:29,เก็บไว้ใช้,1742,
9/7/2024_162042,06/02/2026 09:50,Size change ,Old,"Bladder push 22"" 0136-1-1033","ETV.22"" No.3",AR,M13105,PAP20,B/O,25/02/2026 10:29,เก็บไว้ใช้,1743,
9/10/2025_131249,06/02/2026 09:51,Size change ,Old,"Bladder turnup 22"" 0137-1-1033","ETV.22"" No.3",R,M13105,PAP20,B/O,25/02/2026 10:29,เก็บไว้ใช้,1744,
10/3/2025_212927,06/02/2026 09:52,Size change ,Old,"Bladder push 22"" 0136-1-1033","ETV.22"" No.3",R,M13105,PAP20,B/O,25/02/2026 10:29,เก็บไว้ใช้,1745,
2/6/2026_162234,06/02/2026 16:22,Bladder Turn up เสียรูป,New,"Bladder turnup 22"" 0137-1-1033","ETV.22"" No.1",AR,M42203,PAP13,B/O,07/02/2026 17:12,เก็บไว้ใช้,1746,
13/1/2026_13449,07/02/2026 09:58,MTG รั่ว,Old,"MTG bladder 22""23"" 0216-1-1666",MTG 21''22''23'' No.1,C,M13105,BNS20,Leak (รั่ว),11/02/2026 01:05,ทิ้ง,1747,กลาง
11/21/2025_95351,07/02/2026 17:16,Size change ,Old,"Bladder trunup23""0137-1-1036","ETV.23"" No.2",AR,M05102,PAP13,B/O,16/02/2026 15:47,เก็บไว้ใช้,1748,
15/7/2025_165737,07/02/2026 17:17,Size change ,Old,"Bladder push23""0136-1-1036","ETV.23"" No.2",AR,M05102,PAP13,B/O,16/02/2026 15:47,เก็บไว้ใช้,1749,
11/13/2025_153137,07/02/2026 17:18,Size change ,Old,"Bladder push23""0136-1-1036","ETV.23"" No.2",R,M05102,PAP13,B/O,16/02/2026 15:46,เก็บไว้ใช้,1750,
11/17/2025_21538,07/02/2026 17:19,Size change ,Old,"Bladder trunup23""0137-1-1036","ETV.23"" No.2",R,M05102,PAP13,B/O,16/02/2026 15:46,เก็บไว้ใช้,1751,
2/7/2026_185116,07/02/2026 18:51,MTG รั่ว,New,"MTG bladder 8"" 0216-1-1074","MTG 8""9'' No.1",C,M13301,BNS16,B/O,14/02/2026 00:52,เก็บไว้ใช้,1752,
1/5/2026_84514,09/02/2026 11:25,Size change ,Old,"Bladder turnup 15"" 0114-1-1032","ETV.15"" No.2",AR,M06201,PAP14,B/O,24/02/2026 16:10,เก็บไว้ใช้,1753,
26/1/2026_6121,09/02/2026 11:25,Size change ,Old,"Bladder turnup 15"" 0114-1-1032","ETV.15"" No.2",R,M06201,PAP14,B/O,24/02/2026 16:10,เก็บไว้ใช้,1754,
6/4/2025_213539,09/02/2026 11:31,Size change ,Old,"MTG bladder 15"" 0216-1-1134","MTG 15"" No.1",C,M06201,PAP14,B/O,09/02/2026 11:33,เก็บไว้ใช้,1755,
6/4/2025_213539,09/02/2026 11:33,Size change ,Old,"MTG bladder 15"" 0216-1-1134","MTG 15"" No.1",C,M06201,BNS14,Leak (รั่ว),13/02/2026 01:25,ทิ้ง,1756,ด้านขวา
2/9/2026_13493,09/02/2026 13:49,Bladder Turn up รั่ว,New,"Bladder turnup 8"" 0239-1-1137","ETV.8"" No.1",AR,M13301,PAP16,Leak (รั่ว),12/02/2026 16:38,ทิ้ง,1757,ด้านซ้าย
2/9/2026_13501,09/02/2026 13:50,Bladder Turn up รั่ว,New,"Bladder turnup 8"" 0239-1-1137","ETV.8"" No.1",R,M13301,PAP16,Leak (รั่ว),12/02/2026 16:36,ทิ้ง,1758,ด้านขวา
15/11/2025_9503,11/02/2026 01:05,MTG รั่ว,Old,"MTG bladder 22""23"" 0216-1-1666",MTG 21''22''23'' No.1,C,M13105,BNS20,Tear (ฉีกขาด),20/02/2026 10:29,เก็บไว้ใช้,1759,กลาง
,11/02/2026 05:02,Size change ,Old,"Bladder push23""0136-1-1036","ETV.23"" No.1",R,M16006,PAP19,B/O,24/02/2026 16:06,เก็บไว้ใช้,1760,
,11/02/2026 05:08,Size change ,Old,"Bladder push23""0136-1-1036","ETV.23"" No.1",AR,M16006,PAP19,B/O,24/02/2026 16:06,เก็บไว้ใช้,1761,
,11/02/2026 05:09,Size change ,Old,"Bladder trunup23""0137-1-1036","ETV.23"" No.1",AR,M16006,PAP19,B/O,24/02/2026 16:06,เก็บไว้ใช้,1762,
,11/02/2026 05:10,Size change ,Old,"Bladder trunup23""0137-1-1036","ETV.23"" No.1",R,M16006,PAP19,B/O,24/02/2026 16:06,เก็บไว้ใช้,1763,
8/15/2025_133116,11/02/2026 06:50,Size change ,Old,"Bladder turmup 14"" 0239-1-1112","ETV.14"" No.2",AR,M15103,PAP21B,B/O,20/02/2026 02:16,เก็บไว้ใช้,1764,
8/16/2025_82123,11/02/2026 06:51,Size change ,Old,"Bladder turmup 14"" 0239-1-1112","ETV.14"" No.2",R,M15103,PAP21B,Leak (รั่ว),11/02/2026 08:41,ทิ้ง,1765,ด้านขวา
11/2/2026_84221,11/02/2026 08:42,Bladder Turn up รั่ว,New,"Bladder turmup 14"" 0239-1-1112","ETV.14"" No.2",R,M15103,PAP21A,B/O,11/02/2026 08:43,เก็บไว้ใช้,1766,ด้านขวา
11/2/2026_84221,11/02/2026 08:42,Bladder Turn up รั่ว,Old,"Bladder turmup 14"" 0239-1-1112","ETV.14"" No.2",R,M15103,PAP21B,B/O,20/02/2026 02:16,เก็บไว้ใช้,1767,
"January 8, 2026_234528",11/02/2026 09:11,Size change ,Old,"MTG bladder 22""23"" 0216-1-1666",MTG 21''22''23'' No.3,C,M16006,BNS19,B/O,21/02/2026 10:11,เก็บไว้ใช้,1768,กลาง
2/11/2026_203143,11/02/2026 20:31,Bladder Turn up รั่ว,New,"Bladder Turn up 21"" 0137-1-1070","ETV.21"" No.1",AR,M19001,PAP18,B/O,17/02/2026 01:28,เก็บไว้ใช้,1769,
2/12/2026_163856,12/02/2026 16:38,Bladder Turn up รั่ว,New,"Bladder turnup 8"" 0239-1-1137","ETV.8"" No.1",AR,M13301,PAP16,B/O,13/02/2026 20:30,เก็บไว้ใช้,1770,
2/12/2026_16405,12/02/2026 16:40,Bladder Turn up รั่ว,New,"Bladder turnup 8"" 0239-1-1137","ETV.8"" No.1",R,M13301,PAP16,B/O,13/02/2026 20:30,เก็บไว้ใช้,1771,
2/13/2026_12542,13/02/2026 01:25,MTG รั่ว,New,"MTG bladder 15"" 0216-1-1134","MTG 15"" No.1",C,M06201,BNS14,B/O,26/02/2026 00:56,เก็บไว้ใช้,1772,
1/23/2026_4412,13/02/2026 20:31,Size change ,Old,"Bladder turnup 10 "" 0239-1-1094 part store","ETV.10"" No.1",R,M18201,PAP16,Leak (รั่ว),15/02/2026 02:21,ทิ้ง,1773,ด้านขวา
24/1/2026_235912,13/02/2026 20:32,Size change ,Old,"Bladder turnup 10 "" 0239-1-1094 part store","ETV.10"" No.1",AR,M18201,PAP16,Leak (รั่ว),17/02/2026 03:41,ทิ้ง,1774,ด้านซ้าย
9/13/2025_81913,14/02/2026 00:52,Size change ,Old,"MTG bladder 10""12"" 0216-1-1068","MTG 10"" No.1",C,M18201,BNS16,"Flabby (ยืด,หย่อนยาน)",26/04/2026 08:39,ทิ้ง,1775,กลาง
2/15/2026_22123,15/02/2026 02:21,Bladder Turn up รั่ว,New,"Bladder turnup 10 "" 0239-1-1094 part store","ETV.10"" No.1",R,M18201,PAP16,Leak (รั่ว),22/02/2026 20:24,ทิ้ง,1776,
2/15/2026_161947,15/02/2026 16:19,Bladder Turn up เสียรูป,New,"Bladder trunup23""0137-1-1036","ETV.23"" No.4",R,M18801,PAP17,B/O,17/02/2026 20:26,เก็บไว้ใช้,1777,
11/13/2024_5312,16/02/2026 15:47,Size change ,Old,"Bladder turnup 22"" 0137-1-1033","ETV.22"" No.1",AR,M12302,PAP13,B/O,06/03/2026 09:41,เก็บไว้ใช้,1778,
2/6/2026_162234,16/02/2026 15:48,Size change ,Old,"Bladder push 22"" 0136-1-1033","ETV.22"" No.1",AR,M12302,PAP13,B/O,06/03/2026 09:41,เก็บไว้ใช้,1779,
10/20/2025_93244,16/02/2026 15:49,Size change ,Old,"Bladder turnup 22"" 0137-1-1033","ETV.22"" No.1",R,M12302,PAP13,B/O,06/03/2026 09:41,เก็บไว้ใช้,1780,
12/20/2024_135038,16/02/2026 15:50,Size change ,Old,"Bladder push 22"" 0136-1-1033","ETV.22"" No.1",R,M12302,PAP13,B/O,06/03/2026 09:41,เก็บไว้ใช้,1781,
1/24/2026_04359,17/02/2026 00:36,Size change ,Old,Bladder MTG 0216-1-1638,MTG 21''22''23'' No.2,C,M20201,BNS18,Leak (รั่ว),09/03/2026 18:56,ทิ้ง,1782,กลาง
2/11/2026_203143,17/02/2026 01:28,Size change ,Old,"Bladder Turn up 21"" 0137-1-1070","ETV.21"" No.1",AR,M20201,PAP18,"Deform (เบี้ยว, ผิดรูปร่าง)",01/03/2026 21:10,ทิ้ง,1783,ด้านซ้าย
1/20/2026_8436,17/02/2026 01:57,Size change ,Old,"Bladder Turn up 21"" 0137-1-1070","ETV.21"" No.1",R,M20201,PAP18,"Deform (เบี้ยว, ผิดรูปร่าง)",20/02/2026 18:44,ทิ้ง,1784,ด้านขวา
6/26/2025_10413,17/02/2026 01:58,Size change ,Old,"Bladder push 21"" 0136-1-1070","ETV.21"" No.1",AR,M20201,PAP18,B/O,23/03/2026 22:13,เก็บไว้ใช้,1785,
6/26/2025_1068,17/02/2026 01:59,Size change ,Old,"Bladder push 21"" 0136-1-1070","ETV.21"" No.1",R,M20201,PAP18,B/O,23/03/2026 22:12,เก็บไว้ใช้,1786,
2/17/2026_34149,17/02/2026 03:41,Bladder Turn up รั่ว,New,"Bladder turnup 10 "" 0239-1-1094 part store","ETV.10"" No.1",AR,M18201,PAP16,Leak (รั่ว),24/02/2026 21:27,ทิ้ง,1787,ด้านซ้าย
8/7/2024_201627,17/02/2026 20:27,Size change ,Old,"Bladder trunup23""0137-1-1036","ETV.23"" No.4",AR,M05102,PAP17,B/O,20/02/2026 10:43,เก็บไว้ใช้,1788,
8/7/2024_201525,17/02/2026 20:28,Size change ,Old,"Bladder push23""0136-1-1036","ETV.23"" No.4",AR,M05102,PAP17,B/O,20/02/2026 10:42,เก็บไว้ใช้,1789,ด้านซ้าย
2/15/2026_161947,17/02/2026 20:29,Size change ,Old,"Bladder trunup23""0137-1-1036","ETV.23"" No.4",R,M05102,PAP17,B/O,20/02/2026 10:44,เก็บไว้ใช้,1790,
1/13/2026_234145,17/02/2026 20:30,Size change ,Old,"Bladder push23""0136-1-1036","ETV.23"" No.4",R,M05102,PAP17,B/O,20/02/2026 10:44,เก็บไว้ใช้,1791,
8/15/2025_133116,20/02/2026 02:16,Size change ,Old,"Bladder turmup 14"" 0239-1-1112","ETV.14"" No.2",AR,M08401,PAP21B,Leak (รั่ว),28/02/2026 10:40,ทิ้ง,1792,ด้านซ้าย
11/2/2026_84221,20/02/2026 02:17,Size change ,Old,"Bladder turmup 14"" 0239-1-1112","ETV.14"" No.2",R,M08401,PAP21B,B/O,04/03/2026 08:32,เก็บไว้ใช้,1793,
"February 20, 2026_103039",20/02/2026 10:30,"Sock Tear, ฉีกขาด",New,"MTG bladder 22""23"" 0216-1-1666",MTG 21''22''23'' No.1,C,M13105,PAP20,B/O,25/02/2026 17:19,เก็บไว้ใช้,1794,
11/17/2025_21538,20/02/2026 10:44,Extension รั่ว,Old,"Bladder trunup23""0137-1-1036","ETV.23"" No.1",R,M05102,PAP17,B/O,21/02/2026 07:14,เก็บไว้ใช้,1795,
11/13/2025_153137,20/02/2026 10:46,Extension รั่ว,Old,"Bladder push23""0136-1-1036","ETV.23"" No.1",R,M05102,PAP17,B/O,21/02/2026 07:13,เก็บไว้ใช้,1796,
11/21/2025_95351,20/02/2026 10:49,Extension รั่ว,Old,"Bladder trunup23""0137-1-1036","TCSM 23"" No.1",AR,M00000,PAP17,,,,1797,
15/7/2025_165737,20/02/2026 10:52,Extension รั่ว,Old,"Bladder push23""0136-1-1036","ETV.23"" No.1",AR,M05102,PAP17,B/O,21/02/2026 07:13,เก็บไว้ใช้,1798,
2/20/2026_184510,20/02/2026 18:45,Bladder Turn up เสียรูป,New,"Bladder Turn up 21"" 0137-1-1070","ETV.21"" No.1",R,M20201,PAP18,B/O,23/03/2026 22:12,เก็บไว้ใช้,1799,
11/21/2025_95351,21/02/2026 07:14,Extension รั่ว,Old,"Bladder trunup23""0137-1-1036","ETV.23"" No.2",AR,M05102,PAP17,"Deform (เบี้ยว, ผิดรูปร่าง)",22/02/2026 11:46,ทิ้ง,1800,ด้านซ้าย
15/7/2025_165737,21/02/2026 07:15,Extension รั่ว,Old,"Bladder push23""0136-1-1036","ETV.23"" No.2",AR,M05102,PAP17,B/O,22/02/2026 11:45,เก็บไว้ใช้,1801,ด้านซ้าย
11/17/2025_21538,21/02/2026 07:16,Extension รั่ว,Old,"Bladder trunup23""0137-1-1036","ETV.23"" No.2",R,M05102,PAP17,B/O,27/02/2026 08:09,เก็บไว้ใช้,1802,
11/13/2025_153137,21/02/2026 07:16,Extension รั่ว,Old,"Bladder push23""0136-1-1036","ETV.23"" No.2",R,M05102,PAP17,B/O,27/02/2026 08:09,เก็บไว้ใช้,1803,
"September 18, 2025_52546",21/02/2026 10:11,Size change ,Old,MTG bladder 0216-1-1670,MTG 21''22''23'' No.3,C,M20101,BNS19,B/O,02/03/2026 09:49,เก็บไว้ใช้,1804,
2/22/2026_114649,22/02/2026 11:46,Bladder Turn up เสียรูป,New,"Bladder trunup23""0137-1-1036","ETV.23"" No.2",AR,M05102,PAP17,B/O,27/02/2026 08:09,เก็บไว้ใช้,1805,
2/22/2026_114744,22/02/2026 11:47,Bladder Turn up เสียรูป,New,"Bladder push23""0136-1-1036","ETV.23"" No.2",AR,M05102,PAP17,B/O,27/02/2026 08:09,เก็บไว้ใช้,1806,
2/22/2026_202420,22/02/2026 20:24,Bladder Turn up รั่ว,New,"Bladder turnup 10 "" 0239-1-1094 part store","ETV.10"" No.1",R,M18201,PAP16,B/O,26/02/2026 00:55,เก็บไว้ใช้,1807,
12/2/2025_18337,24/02/2026 21:32,Size change ,Old,"Bladder turnup 15"" 0114-1-1033 Part store","ETV.15"" No.3",AR,M08201,PAP14,B/O,05/03/2026 00:53,เก็บไว้ใช้,1808,
12/19/2025_8495,24/02/2026 21:33,Size change ,Old,"Bladder turnup 15"" 0114-1-1033 Part store","ETV.15"" No.3",R,M08201,PAP14,B/O,05/03/2026 00:53,เก็บไว้ใช้,1809,
2/24/2026_212810,24/02/2026 21:28,Bladder Turn up รั่ว,New,"Bladder turnup 10 "" 0239-1-1094 part store","ETV.10"" No.1",AR,M18201,PAP16,B/O,26/02/2026 00:55,เก็บไว้ใช้,1810,
9/9/2024_134121,25/02/2026 10:31,Size change ,Old,"Bladder push23""0136-1-1036","ETV.23"" No.3",AR,M19501,PAP20,B/O,16/03/2026 09:23,เก็บไว้ใช้,1811,
,25/02/2026 10:32,Size change ,Old,"Bladder push23""0136-1-1036","ETV.23"" No.3",R,M19501,PAP20,B/O,25/02/2026 10:33,เก็บไว้ใช้,1812,
6/24/2024_134942,25/02/2026 10:33,Size change ,Old,"Bladder push23""0136-1-1036","ETV.23"" No.3",R,M19501,PAP20,B/O,16/03/2026 09:23,เก็บไว้ใช้,1813,
9/9/2024_133920,25/02/2026 10:35,Size change ,Old,"Bladder trunup23""0137-1-1036","ETV.23"" No.3",AR,M19501,PAP20,B/O,16/03/2026 09:23,เก็บไว้ใช้,1814,
10/15/2025_212815,25/02/2026 10:36,Size change ,Old,"Bladder trunup23""0137-1-1036","ETV.22"" No.3",R,M19501,PAP20,B/O,16/03/2026 09:24,เก็บไว้ใช้,1815,
10/15/2025_212815,25/02/2026 10:37,Size change ,Old,"Bladder trunup23""0137-1-1036","ETV.23"" No.3",R,M19501,PAP20,B/O,02/03/2026 09:50,เก็บไว้ใช้,1816,
"February 20, 2026_103039",25/02/2026 17:19,Size change ,Old,"MTG bladder 22""23"" 0216-1-1666",MTG 21''22''23'' No.1,C,M19501,BNS20,Leak (รั่ว),05/03/2026 16:28,ทิ้ง,1817,กลาง
26/1/2026_13627,26/02/2026 00:56,Size change ,Old,"Bladder turnup 12"" 0239-1-1128","ETV.12"" No.1",AR,M20001,PAP16,Leak (รั่ว),09/03/2026 00:42,ทิ้ง,1818,
1/20/2026_64810,26/02/2026 00:57,Size change ,Old,"Bladder turnup 12"" 0239-1-1128","ETV.12"" No.1",R,M20001,PAP16,Leak (รั่ว),27/02/2026 21:34,ทิ้ง,1819,
2/22/2026_114744,27/02/2026 08:23,Size change ,Old,"Bladder push23""0136-1-1036","ETV.23"" No.2",AR,M18801,PAP17,B/O,26/05/2026 13:42,เก็บไว้ใช้,1820,
2/22/2026_114649,27/02/2026 08:25,Size change ,Old,"Bladder trunup23""0137-1-1036","ETV.23"" No.2",AR,M18801,PAP17,"Deform (เบี้ยว, ผิดรูปร่าง)",17/05/2026 01:45,ทิ้ง,1821,ด้านซ้าย
,27/02/2026 08:26,Size change ,Old,"Bladder push23""0136-1-1036","ETV.23"" No.2",R,M18801,PAP17,B/O,27/03/2026 11:50,เก็บไว้ใช้,1822,
11/17/2025_21538,27/02/2026 08:27,Size change ,Old,"Bladder trunup23""0137-1-1036","ETV.23"" No.2",R,M18801,PAP17,Leak (รั่ว),27/03/2026 10:45,ทิ้ง,1823,ด้านขวา
2/27/2026_213441,27/02/2026 21:34,Bladder Turn up รั่ว,New,"Bladder turnup 12"" 0239-1-1128","ETV.12"" No.1",R,M20001,PAP16,B/O,14/03/2026 03:01,เก็บไว้ใช้,1824,
2/28/2026_104033,28/02/2026 10:40,Bladder Turn up รั่ว,New,"Bladder turmup 14"" 0239-1-1112","ETV.14"" No.2",AR,M08401,PAP21B,Bad material (วัสดุไม่ดี),28/02/2026 18:23,เก็บไว้ใช้,1825,
2/28/2026_195846,28/02/2026 19:58,Bladder Turn up รั่ว,New,"Bladder turmup 14"" 0239-1-1112","ETV.14"" No.2",AR,M08401,PAP21B,B/O,04/03/2026 08:31,เก็บไว้ใช้,1826,
3/1/2026_211355,01/03/2026 21:13,Bladder Turn up เสียรูป,New,"Blabber trumup21"" 0137-1-1070","ETV.21"" No.1",AR,M20201,PAP18,"Deform (เบี้ยว, ผิดรูปร่าง)",16/03/2026 05:21,ทิ้ง,1827,ด้านซ้าย
8/22/2024_53150,02/03/2026 09:51,Size change ,Old,"Bladder turnup 16 "" 0137-1-1051","ETV.16"" No.1",AR,M10001,PAP19,B/O,09/03/2026 11:29,เก็บไว้ใช้,1828,
8/22/2024_52448,02/03/2026 09:55,Size change ,Old,"Biadder push 16"" 0136-1-1051","ETV.16"" No.1",AR,M10001,PAP19,B/O,09/03/2026 11:29,เก็บไว้ใช้,1829,
6/23/2025_191657,02/03/2026 09:57,Size change ,Old,"Bladder turnup 16 "" 0137-1-1051","ETV.16"" No.1",R,M10001,PAP19,B/O,09/03/2026 11:29,เก็บไว้ใช้,1830,
8/22/2024_54319,02/03/2026 09:58,Size change ,Old,"Biadder push 16"" 0136-1-1051","ETV.16"" No.1",R,M10001,PAP19,B/O,09/03/2026 11:28,เก็บไว้ใช้,1831,
25/1/2026_165736,02/03/2026 11:02,Size change ,Old,"MTG Bladder 16"" 0216-1-1266","MTG 16"" No.1",C,M10001,BNS19,B/O,10/03/2026 15:11,เก็บไว้ใช้,1832,
2/28/2026_195846,04/03/2026 08:32,Size change ,Old,"Bladder turmup 14"" 0239-1-1112","ETV.14"" No.2",AR,M15105 / EL,PAP21B,B/O,18/03/2026 05:07,เก็บไว้ใช้,1833,
11/2/2026_84221,04/03/2026 08:33,Size change ,Old,"Bladder turmup 14"" 0239-1-1112","ETV.14"" No.2",R,M15105 / EL,PAP21B,Leak (รั่ว),16/03/2026 02:23,ทิ้ง,1834,ด้านขวา
26/1/2026_6121,05/03/2026 00:55,Size change ,Old,"Bladder turnup 15"" 0114-1-1032","ETV.15"" No.2",R,M15501,PAP14,B/O,11/03/2026 10:08,เก็บไว้ใช้,1835,
1/5/2026_84514,05/03/2026 00:55,Size change ,Old,"Bladder turnup 15"" 0114-1-1032","ETV.15"" No.2",AR,M15501,PAP14,B/O,11/03/2026 10:08,เก็บไว้ใช้,1836,
"March 5, 2026_163010",05/03/2026 16:30,MTG รั่ว,New,"MTG bladder 22""23"" 0216-1-1666",MTG 21''22''23'' No.1,C,M19501,BNS20,B/O,14/03/2026 06:08,เก็บไว้ใช้,1837,
8/7/2024_201627,06/03/2026 21:04,Size change ,Old,"Bladder trunup23""0137-1-1036","ETV.23"" No.4",AR,M05102,PAP13,B/O,02/04/2026 13:35,เก็บไว้ใช้,1838,
8/7/2024_201525,06/03/2026 21:05,Size change ,Old,"Bladder push23""0136-1-1036","ETV.23"" No.4",AR,M05102,PAP13,B/O,02/04/2026 13:35,เก็บไว้ใช้,1839,
2/15/2026_161947,06/03/2026 21:06,Size change ,Old,"Bladder trunup23""0137-1-1036","ETV.23"" No.4",R,M05102,PAP13,B/O,02/04/2026 13:34,เก็บไว้ใช้,1840,
1/13/2026_234145,06/03/2026 21:06,Size change ,Old,"Bladder push23""0136-1-1036","ETV.23"" No.4",R,M05102,PAP13,B/O,02/04/2026 13:34,เก็บไว้ใช้,1841,
3/7/2026_162948,07/03/2026 16:29,Push bladder รั่ว,New,"Bladder push 20"" 0136-1-1023","ETV.20"" No.3",R,M01103,PAP11,B/O,17/04/2026 16:34,เก็บไว้ใช้,1842,
3/9/2026_04250,09/03/2026 00:42,Bladder Turn up รั่ว,New,"Bladder turnup 12"" 0239-1-1128","ETV.12"" No.1",AR,M20001,PAP16,B/O,14/03/2026 03:01,เก็บไว้ใช้,1843,
6/4/2025_235914,09/03/2026 11:25,Size change ,Old,"Bladder turnup 22"" 0137-1-1033","ETV.22"" No.4",AR,M20101,PAP19,B/O,19/03/2026 11:10,เก็บไว้ใช้,1844,
1/28/2025_214230,09/03/2026 11:26,Size change ,Old,"Bladder push 22"" 0136-1-1033","ETV.22"" No.4",AR,M20101,PAP19,B/O,19/03/2026 11:10,เก็บไว้ใช้,1845,
6/5/2025_0140,09/03/2026 11:27,Size change ,Old,"Bladder turnup 22"" 0137-1-1033","ETV.22"" No.4",R,M20101,PAP19,B/O,19/03/2026 11:10,เก็บไว้ใช้,1846,
5/9/2025_14545,09/03/2026 11:27,Size change ,Old,"Bladder push 22"" 0136-1-1033","ETV.22"" No.4",R,M20101,PAP19,B/O,19/03/2026 11:10,เก็บไว้ใช้,1847,
26/1/2026_154215,09/03/2026 18:56,MTG รั่ว,Old,Bladder MTG 0216-1-1638,MTG 21''22''23'' No.2,C,M20201,BNS18,B/O,24/03/2026 13:42,เก็บไว้ใช้,1848,
"September 18, 2025_52546",10/03/2026 15:11,Size change ,Old,MTG bladder 0216-1-1670,MTG 21''22''23'' No.3,C,M20101,BNS19,B/O,19/03/2026 15:25,เก็บไว้ใช้,1849,
1/5/2026_84514,11/03/2026 10:09,Size change ,Old,"Bladder turnup 15"" 0114-1-1032","ETV.15"" No.2",AR,M06201,PAP14,B/O,08/04/2026 15:50,เก็บไว้ใช้,1850,
26/1/2026_6121,11/03/2026 10:09,Size change ,Old,"Bladder turnup 15"" 0114-1-1032","ETV.15"" No.2",R,M06201,PAP14,Tear (ฉีกขาด),19/03/2026 23:12,ทิ้ง,1851,ด้านขวา
2/13/2026_12542,12/03/2026 07:09,Size change ,Old,"MTG bladder 15"" 0216-1-1134","MTG 15"" No.1",C,M06201,BNS14,B/O,21/03/2026 14:07,เก็บไว้ใช้,1852,
11/13/2024_5312,13/03/2026 16:27,Size change ,Old,"Bladder push 22"" 0136-1-1033","ETV.22"" No.1",AR,M12302,PAP12,B/O,19/03/2026 18:33,เก็บไว้ใช้,1853,
2/6/2026_162234,13/03/2026 16:27,Size change ,Old,"Bladder turnup 22"" 0137-1-1033","ETV.22"" No.1",AR,M12302,PAP12,B/O,19/03/2026 18:33,เก็บไว้ใช้,1854,
10/20/2025_93244,13/03/2026 16:28,Size change ,Old,"Bladder push 22"" 0136-1-1033","ETV.22"" No.2",R,M12302,PAP12,B/O,19/03/2026 11:09,เก็บไว้ใช้,1855,
12/20/2024_135038,13/03/2026 16:29,Size change ,Old,"Bladder push 22"" 0136-1-1033","ETV.22"" No.1",R,M12302,PAP12,B/O,19/03/2026 18:33,เก็บไว้ใช้,1856,
10/20/2025_93244,13/03/2026 16:31,Size change ,Old,"Bladder turnup 22"" 0137-1-1033","ETV.22"" No.1",R,M12302,PAP12,B/O,19/03/2026 18:33,เก็บไว้ใช้,1857,
1/13/2026_414,14/03/2026 03:02,Size change ,Old,"Bladder turmup 14"" 0239-1-1112","ETV.14"" No.1",R,M15702,PAP16,Leak (รั่ว),16/03/2026 16:48,ทิ้ง,1858,ด้านขวา
16/11/2025_214855,14/03/2026 03:02,Size change ,Old,"Bladder turmup 14"" 0239-1-1112","ETV.14"" No.1",AR,M15702,PAP16,B/O,23/03/2026 09:18,เก็บไว้ใช้,1859,
"March 5, 2026_163010",14/03/2026 06:08,Size change ,Old,"MTG bladder 22""23"" 0216-1-1666",MTG 21''22''23'' No.4,C,M19501,BNS20,B/O,16/03/2026 13:18,เก็บไว้ใช้,1860,กลาง
2/28/2026_104033,16/03/2026 02:23,Bladder Turn up รั่ว,Old,"Bladder turmup 14"" 0239-1-1112","ETV.14"" No.2",R,M15105 / EL,PAP21B,B/O,18/03/2026 05:08,เก็บไว้ใช้,1861,
16/3/2026_52131,16/03/2026 05:21,Bladder Turn up เสียรูป,New,"Bladder Turn up 21"" 0137-1-1070","ETV.21"" No.1",AR,M20201,PAP18,B/O,23/03/2026 22:12,เก็บไว้ใช้,1862,
10/3/2025_212927,16/03/2026 09:24,Size change ,Old,"Bladder turnup 22"" 0137-1-1033","ETV.22"" No.3",AR,M21701,PAP20,B/O,16/03/2026 09:26,เก็บไว้ใช้,1863,
9/10/2025_131249,16/03/2026 09:25,Size change ,Old,"Bladder turnup 22"" 0137-1-1033","ETV.22"" No.3",AR,M21701,PAP20,B/O,26/03/2026 06:21,เก็บไว้ใช้,1864,
10/3/2025_212927,16/03/2026 09:26,Size change ,Old,"Bladder push 22"" 0136-1-1033","ETV.22"" No.3",AR,M21701,PAP20,B/O,26/03/2026 06:21,เก็บไว้ใช้,1865,
9/7/2024_162042,16/03/2026 09:27,Size change ,Old,"Bladder push 22"" 0136-1-1033","ETV.22"" No.3",R,M21701,PAP20,B/O,26/03/2026 06:21,เก็บไว้ใช้,1866,
25/12/2024_154551,16/03/2026 09:28,Size change ,Old,"Bladder push 22"" 0136-1-1033","ETV.22"" No.3",R,M21701,PAP20,B/O,16/03/2026 09:29,เก็บไว้ใช้,1867,
25/12/2024_154551,16/03/2026 09:29,Size change ,Old,"Bladder turnup 22"" 0137-1-1033","ETV.22"" No.3",R,M21701,PAP20,B/O,26/03/2026 06:21,เก็บไว้ใช้,1868,
20/12/2025_174730,16/03/2026 13:19,Size change ,Old,MTG bladder 0216-1-1670,MTG 21''22''23'' No.4,C,M21701,BNS20,Leak (รั่ว),22/03/2026 01:18,ทิ้ง,1869,กลาง
2/28/2026_104033,16/03/2026 16:48,Bladder Turn up รั่ว,Old,"Bladder turmup 14"" 0239-1-1112","ETV.14"" No.1",R,M15702,PAP16,B/O,16/03/2026 17:34,เก็บไว้ใช้,1870,
3/16/2026_183012,16/03/2026 18:30,Bladder Turn up รั่ว,New,"Bladder turmup 14"" 0239-1-1112","ETV.14"" No.1",R,M15702,PAP16,B/O,23/03/2026 09:18,เก็บไว้ใช้,1871,
2/28/2026_195846,18/03/2026 05:08,Size change ,Old,"Bladder turmup 14"" 0239-1-1112","ETV.14"" No.2",AR,M08401,PAP21B,B/O,11/04/2026 12:28,เก็บไว้ใช้,1872,
2/28/2026_104033,18/03/2026 05:08,Size change ,Old,"Bladder turmup 14"" 0239-1-1112","ETV.14"" No.2",R,M08401,PAP21B,B/O,11/04/2026 12:28,เก็บไว้ใช้,1873,
8/22/2024_53150,19/03/2026 15:21,Size change ,Old,"Bladder turnup 16 "" 0137-1-1051","ETV.16"" No.1",AR,M10001,PAP19,B/O,06/04/2026 17:48,เก็บไว้ใช้,1874,
8/22/2024_52448,19/03/2026 15:22,Size change ,Old,"Biadder push 16"" 0136-1-1051","ETV.16"" No.1",AR,M10001,PAP19,B/O,06/04/2026 17:48,เก็บไว้ใช้,1875,
6/23/2025_191657,19/03/2026 15:23,Size change ,Old,"Bladder turnup 16 "" 0137-1-1051","ETV.16"" No.1",R,M10001,PAP19,B/O,06/04/2026 17:48,เก็บไว้ใช้,1876,
8/22/2024_54319,19/03/2026 15:24,Size change ,Old,"Biadder push 16"" 0136-1-1051","ETV.16"" No.1",R,M10001,PAP19,B/O,06/04/2026 17:48,เก็บไว้ใช้,1877,
3/19/2026_163332,19/03/2026 16:33,Bladder Turn up เสียรูป,New,"Bladder turnup 20"" 0137-1-1023","ETV.20"" No.3",R,M01103,PAP11,"Deform (เบี้ยว, ผิดรูปร่าง)",07/04/2026 10:09,ทิ้ง,1878,ด้านขวา
25/1/2026_165736,19/03/2026 21:06,Size change ,Old,"MTG Bladder 16"" 0216-1-1266","MTG 16"" No.1",C,M10001,BNS19,Leak (รั่ว),31/03/2026 00:35,ทิ้ง,1879,
3/19/2026_23141,19/03/2026 23:14,"Bladder Turn up แตก, ฉีกขาด",New,"Bladder turnup 15"" 0114-1-1032","ETV.15"" No.2",R,M06201,PAP14,"Deform (เบี้ยว, ผิดรูปร่าง)",08/04/2026 15:50,ทิ้ง,1880,ด้านขวา
,22/03/2026 01:18,MTG รั่ว,Old,MTG bladder 0216-1-1670,MTG 21''22''23'' No.4,C,M21701,BNS20,B/O,26/03/2026 17:15,เก็บไว้ใช้,1881,กลาง
3/9/2026_04250,23/03/2026 09:19,Size change ,Old,"Bladder turnup 12"" 0239-1-1128","ETV.12"" No.1",AR,M13702,PAP16,Leak (รั่ว),03/04/2026 01:16,ทิ้ง,1882,ด้านซ้าย
2/27/2026_213441,23/03/2026 09:20,Size change ,Old,"Bladder turnup 12"" 0239-1-1128","ETV.12"" No.1",R,M13702,PAP16,B/O,04/04/2026 04:07,เก็บไว้ใช้,1883,
2/11/2025_7247,23/03/2026 12:25,Size change ,Old,"MTG bladder 10""12"" 0216-1-1068","MTG 12"" No.1",C,M13702,BNS16,Leak (รั่ว),24/03/2026 10:17,ทิ้ง,1884,กลาง
10/23/2025_212013,23/03/2026 22:13,Size change ,Old,"Bladder trunup23""0137-1-1036","ETV.23"" No.1",AR,M16006,PAP18,"Deform (เบี้ยว, ผิดรูปร่าง)",24/03/2026 22:45,ทิ้ง,1885,ด้านซ้าย
5/17/2025_135018,23/03/2026 22:14,Size change ,Old,"Bladder push23""0136-1-1036","ETV.23"" No.1",AR,M16006,PAP18,B/O,30/03/2026 17:22,เก็บไว้ใช้,1886,
12/19/2025_111023,23/03/2026 22:14,Size change ,Old,"Bladder trunup23""0137-1-1036","ETV.23"" No.1",R,M16006,PAP18,B/O,30/03/2026 17:21,เก็บไว้ใช้,1887,
1/6/2025_85430,23/03/2026 22:15,Size change ,Old,"Bladder push23""0136-1-1036","ETV.23"" No.1",R,M16006,PAP18,B/O,30/03/2026 17:21,เก็บไว้ใช้,1888,
3/24/2026_10184,24/03/2026 10:18,MTG รั่ว,New,"MTG bladder 10""12"" 0216-1-1068","MTG 12"" No.1",C,M13702,BNS16,B/O,28/04/2026 17:06,เก็บไว้ใช้,1889,
"March 5, 2026_163010",24/03/2026 13:42,Size change ,Old,"MTG bladder 22""23"" 0216-1-1666",MTG 21''22''23'' No.2,C,M16006,BNS18,B/O,30/03/2026 20:58,เก็บไว้ใช้,1890,
24/3/2026_224240,24/03/2026 22:42,Bladder Turn up เสียรูป,New,"Bladder trunup23""0137-1-1036","ETV.23"" No.1",AR,M16006,PAP18,B/O,30/03/2026 17:21,เก็บไว้ใช้,1891,
2/6/2026_162234,26/03/2026 06:33,Size change ,Old,"Bladder turnup 22"" 0137-1-1033","ETV.22"" No.1",AR,M13105,PAP20,B/O,09/04/2026 13:03,เก็บไว้ใช้,1892,
11/13/2024_5312,26/03/2026 06:34,Size change ,Old,"Bladder push 22"" 0136-1-1033","ETV.22"" No.1",AR,M13105,PAP20,B/O,09/04/2026 13:03,เก็บไว้ใช้,1893,
10/20/2025_93244,26/03/2026 06:35,Size change ,Old,"Bladder turnup 22"" 0137-1-1033","ETV.22"" No.1",R,M13105,PAP20,B/O,09/04/2026 13:03,เก็บไว้ใช้,1894,
12/20/2024_135038,26/03/2026 06:39,Size change ,Old,"Bladder push 22"" 0136-1-1033","ETV.22"" No.1",R,M13105,PAP20,B/O,09/04/2026 13:03,เก็บไว้ใช้,1895,
26/3/2026_171853,26/03/2026 17:18,Size change ,New,"MTG bladder 22""23"" 0216-1-1666",MTG 21''22''23'' No.4,C,M13105,BNS20,B/O,09/04/2026 19:50,เก็บไว้ใช้,1896,
27/3/2026_104525,27/03/2026 10:45,Bladder Turn up รั่ว,New,"Bladder trunup23""0137-1-1036","ETV.23"" No.2",R,M18801,PAP17,"Deform (เบี้ยว, ผิดรูปร่าง)",25/05/2026 23:19,ทิ้ง,1897,ด้านขวา
11/13/2025_153137,27/03/2026 11:49,Size change ,Old,"Bladder push23""0136-1-1036","ETV.23"" No.2",R,M18801,PAP17,B/O,26/05/2026 13:42,เก็บไว้ใช้,1898,
16/3/2026_52131,30/03/2026 17:22,Size change ,Old,"Bladder Turn up 21"" 0137-1-1070","ETV.21"" No.1",AR,M19001,PAP18,B/O,23/04/2026 16:30,เก็บไว้ใช้,1899,
2/20/2026_184510,30/03/2026 17:23,Size change ,Old,"Bladder Turn up 21"" 0137-1-1070","ETV.21"" No.1",R,M19001,PAP18,B/O,23/04/2026 16:30,เก็บไว้ใช้,1900,
6/26/2025_10413,30/03/2026 17:24,Size change ,Old,"Bladder push 21"" 0136-1-1070","ETV.21"" No.1",AR,M19001,PAP18,B/O,23/04/2026 16:30,เก็บไว้ใช้,1901,
6/26/2025_1068,30/03/2026 17:24,Size change ,Old,"Bladder push 21"" 0136-1-1070","ETV.21"" No.1",R,M19001,PAP18,B/O,23/04/2026 16:11,เก็บไว้ใช้,1902,
7/16/2025_165538,30/03/2026 20:58,Size change ,Old,MTG bladder 0216-1-1670,MTG 21''22''23'' No.2,C,M19001,BNS18,Leak (รั่ว),12/04/2026 09:02,ทิ้ง,1903,กลาง
31/3/2026_03617,31/03/2026 00:36,MTG รั่ว,New,"MTG Bladder 16"" 0216-1-1266","MTG 16"" No.1",C,M10001,BNS19,B/O,07/04/2026 10:46,เก็บไว้ใช้,1904,
6/4/2025_235914,02/04/2026 13:35,Size change ,Old,"Bladder turnup 22"" 0137-1-1033","ETV.22"" No.4",AR,M12302,PAP13,B/O,18/05/2026 14:08,เก็บไว้ใช้,1905,
1/28/2025_214230,02/04/2026 13:36,Size change ,Old,"Bladder push 22"" 0136-1-1033","ETV.22"" No.4",AR,M12302,PAP13,B/O,18/05/2026 14:08,เก็บไว้ใช้,1906,
5/9/2025_14545,02/04/2026 13:37,Size change ,Old,"Bladder turnup 22"" 0137-1-1033","ETV.22"" No.4",R,M12302,PAP13,B/O,18/05/2026 14:07,เก็บไว้ใช้,1907,
6/5/2025_0140,02/04/2026 13:37,Size change ,Old,"Bladder push 22"" 0136-1-1033","ETV.22"" No.4",R,M12302,PAP13,B/O,18/05/2026 14:06,เก็บไว้ใช้,1908,
4/3/2026_11644,03/04/2026 01:16,Bladder Turn up รั่ว,New,"Bladder turnup 12"" 0239-1-1128","ETV.12"" No.1",AR,M13702,PAP16,B/O,04/04/2026 04:07,เก็บไว้ใช้,1909,
3/16/2026_183012,04/04/2026 04:07,Size change ,Old,"Bladder turmup 14"" 0239-1-1112","ETV.14"" No.1",R,M15702,PAP16,Leak (รั่ว),17/04/2026 04:28,ทิ้ง,1910,ด้านขวา
16/11/2025_214855,04/04/2026 04:08,Size change ,Old,"Bladder turmup 14"" 0239-1-1112","ETV.14"" No.1",AR,M15702,PAP16,Leak (รั่ว),08/04/2026 00:28,ทิ้ง,1911,ด้านซ้าย
9/9/2024_133920,06/04/2026 17:49,Size change ,Old,"Bladder trunup23""0137-1-1036","ETV.23"" No.3",AR,M18801,PAP19,B/O,07/04/2026 02:19,เก็บไว้ใช้,1912,
9/9/2024_134121,06/04/2026 17:49,Size change ,Old,"Bladder push23""0136-1-1036","ETV.23"" No.3",AR,M18801,PAP19,B/O,07/04/2026 02:19,เก็บไว้ใช้,1913,
10/15/2025_212815,06/04/2026 17:50,Size change ,Old,"Bladder trunup23""0137-1-1036","ETV.23"" No.3",R,M18801,PAP19,B/O,07/04/2026 02:19,เก็บไว้ใช้,1914,
6/24/2024_134942,06/04/2026 17:51,Size change ,Old,"Bladder push23""0136-1-1036","ETV.23"" No.3",R,M18801,PAP19,B/O,07/04/2026 02:18,เก็บไว้ใช้,1915,
9/9/2024_133920,07/04/2026 02:19,Size change ,Old,"Bladder trunup23""0137-1-1036","ETV.23"" No.3",AR,M19501,PAP19,"Deform (เบี้ยว, ผิดรูปร่าง)",21/04/2026 05:46,ทิ้ง,1916,ด้านซ้าย
9/9/2024_134121,07/04/2026 02:20,Size change ,Old,"Bladder push23""0136-1-1036","ETV.23"" No.3",AR,M19501,PAP19,Leak (รั่ว),21/04/2026 05:47,ทิ้ง,1917,ด้านซ้าย
10/15/2025_212815,07/04/2026 02:31,Size change ,Old,"Bladder trunup23""0137-1-1036","ETV.23"" No.3",R,M19501,PAP19,"Deform (เบี้ยว, ผิดรูปร่าง)",14/05/2026 12:14,ทิ้ง,1918,ด้านขวา
6/24/2024_134942,07/04/2026 02:32,Size change ,Old,"Bladder push23""0136-1-1036","ETV.23"" No.3",R,M19501,PAP19,B/O,21/05/2026 09:56,เก็บไว้ใช้,1919,
4/7/2026_101016,07/04/2026 10:10,Bladder Turn up เสียรูป,New,"Bladder turnup 20"" 0137-1-1023","ETV.20"" No.3",R,M01103,PAP11,B/O,17/04/2026 16:32,เก็บไว้ใช้,1920,
"March 5, 2026_163010",07/04/2026 10:47,Size change ,Old,"MTG bladder 22""23"" 0216-1-1666",MTG 21''22''23'' No.3,C,M18801,BNS19,B/O,07/04/2026 15:31,เก็บไว้ใช้,1921,
"March 5, 2026_163010",07/04/2026 15:32,Size change ,Old,"MTG bladder 22""23"" 0216-1-1666",MTG 21''22''23'' No.3,C,M19501,BNS19,"Flabby (ยืด,หย่อนยาน)",07/05/2026 01:56,ทิ้ง,1922,กลาง
4/8/2026_02913,08/04/2026 00:29,Bladder Turn up รั่ว,New,"Bladder turmup 14"" 0239-1-1112","ETV.14"" No.1",AR,M15702,PAP16,B/O,20/04/2026 13:21,เก็บไว้ใช้,1923,
1/5/2026_84514,08/04/2026 15:50,Size change ,Old,"Bladder turnup 15"" 0114-1-1033 Part store","ETV.15"" No.3",AR,M08201,PAP14,B/O,12/05/2026 22:13,เก็บไว้ใช้,1924,
4/8/2026_155120,08/04/2026 15:51,Bladder Turn up เสียรูป,New,"Bladder turnup 15"" 0114-1-1033 Part store","ETV.15"" No.3",R,M08201,PAP14,B/O,12/05/2026 22:13,เก็บไว้ใช้,1925,
8/7/2024_201627,09/04/2026 13:04,Size change ,Old,"Bladder trunup23""0137-1-1036","ETV.23"" No.4",AR,M05102,PAP20,B/O,04/05/2026 09:54,เก็บไว้ใช้,1926,
8/7/2024_201525,09/04/2026 13:04,Size change ,Old,"Bladder push23""0136-1-1036","ETV.23"" No.4",AR,M05102,PAP20,B/O,04/05/2026 09:54,เก็บไว้ใช้,1927,
1/13/2026_234145,09/04/2026 13:05,Size change ,Old,"Bladder push23""0136-1-1036","ETV.23"" No.4",R,M05102,PAP20,B/O,04/05/2026 09:54,เก็บไว้ใช้,1928,
2/15/2026_161947,09/04/2026 13:07,Size change ,Old,"Bladder trunup23""0137-1-1036","ETV.23"" No.4",R,M05102,PAP20,B/O,04/05/2026 09:54,เก็บไว้ใช้,1929,
26/3/2026_171853,09/04/2026 19:50,Size change ,Old,"MTG bladder 22""23"" 0216-1-1666",MTG 21''22''23'' No.4,C,M05102,BNS20,CQ เกิดปัญหาด้าน Quality,21/04/2026 13:32,ทิ้ง,1930,ตะเข็บรอยต่อ
10/2/2025_10224,10/04/2026 03:58,Size change ,Old,"Bladder turnup 20"" 0137-1-1023","ETV.20"" No.2",AR,M01103,PAP12,"Deform (เบี้ยว, ผิดรูปร่าง)",04/05/2026 22:38,ทิ้ง,1931,ด้านซ้าย
1/31/2026_85231,10/04/2026 03:59,Size change ,Old,"Bladder push 20"" 0136-1-1023","ETV.20"" No.2",AR,M01103,PAP12,,,,1932,
9/7/2024_165158,10/04/2026 04:00,Size change ,Old,"Bladder turnup 20"" 0137-1-1023","ETV.20"" No.2",R,M01103,PAP12,Leak (รั่ว),16/07/2026 16:20,ทิ้ง,1933,ด้านขวา
9/20/2025_4231,10/04/2026 04:01,Size change ,Old,"Bladder push 20"" 0136-1-1023","ETV.20"" No.2",R,M01103,PAP12,Leak (รั่ว),16/07/2026 16:20,ทิ้ง,1934,ด้านขวา
2/28/2026_195846,11/04/2026 12:28,Size change ,Old,"Bladder turmup 14"" 0239-1-1112","ETV.14"" No.2",AR,M15103,PAP21B,Tear (ฉีกขาด),26/04/2026 20:40,ทิ้ง,1935,ด้านซ้าย
2/28/2026_104033,11/04/2026 12:29,Size change ,Old,"Bladder turmup 14"" 0239-1-1112","ETV.14"" No.2",R,M15103,PAP21B,Leak (รั่ว),22/04/2026 03:16,ทิ้ง,1936,ด้านขวา
"September 18, 2025_52546",12/04/2026 09:03,MTG รั่ว,Old,MTG bladder 0216-1-1670,MTG 21''22''23'' No.2,C,M19001,BNS18,Leak (รั่ว),19/04/2026 12:42,ทิ้ง,1937,กลาง
17/4/2026_42840,17/04/2026 04:28,Bladder Turn up รั่ว,New,"Bladder turmup 14"" 0239-1-1112","ETV.14"" No.1",R,M15702,PAP16,B/O,20/04/2026 13:21,เก็บไว้ใช้,1938,
24/12/2025_131251,17/04/2026 16:34,Extension รั่ว,Old,"Bladder turnup 20"" 0137-1-1023","ETV.20"" No.1",AR,M01103,PAP11,B/O,19/07/2026 09:09,เก็บไว้ใช้,1939,
7/23/2025_111247,17/04/2026 16:38,Extension รั่ว,Old,"Bladder push 20"" 0136-1-1023","ETV.20"" No.1",AR,M01103,PAP11,Leak (รั่ว),02/06/2026 20:23,ทิ้ง,1940,ด้านซ้าย
1/20/2026_171343,17/04/2026 16:38,Extension รั่ว,Old,"Bladder turnup 20"" 0137-1-1023","ETV.20"" No.1",R,M01103,PAP11,Leak (รั่ว),20/05/2026 17:28,ทิ้ง,1941,ด้านขวา
11/28/2025_162723,17/04/2026 16:39,Extension รั่ว,Old,"Bladder push 20"" 0136-1-1023","ETV.20"" No.1",R,M01103,PAP11,Leak (รั่ว),04/06/2026 08:24,ทิ้ง,1942,ด้านขวา
19/4/2026_124234,19/04/2026 12:42,MTG รั่ว,New,MTG bladder 0216-1-1670,MTG 21''22''23'' No.2,C,M19001,BNS18,B/O,24/04/2026 01:34,เก็บไว้ใช้,1943,
2/24/2026_212810,20/04/2026 13:21,Size change ,Old,"Bladder turnup 10 "" 0239-1-1094 part store","ETV.10"" No.1",AR,M18201,PAP16,Leak (รั่ว),28/04/2026 12:22,ทิ้ง,1944,ด้านซ้าย
2/22/2026_202420,20/04/2026 13:22,Size change ,Old,"Bladder turnup 10 "" 0239-1-1094 part store","ETV.10"" No.1",R,M18201,PAP16,Leak (รั่ว),25/04/2026 15:39,ทิ้ง,1945,ด้านขวา
9/13/2025_81913,20/04/2026 13:23,Size change ,Old,"MTG bladder 10""12"" 0216-1-1068","MTG 10"" No.1",C,M18201,BNS16,"Flabby (ยืด,หย่อนยาน)",26/04/2026 08:40,ทิ้ง,1946,กลาง
4/21/2026_54747,21/04/2026 05:47,Bladder Turn up เสียรูป,New,"Bladder trunup23""0137-1-1036","ETV.23"" No.3",AR,M19501,PAP19,B/O,21/05/2026 09:56,เก็บไว้ใช้,1947,
4/21/2026_54852,21/04/2026 05:48,Push bladder รั่ว,New,"Bladder push23""0136-1-1036","ETV.23"" No.3",AR,M19501,PAP19,B/O,21/05/2026 09:56,เก็บไว้ใช้,1948,
"April 21, 2026_13331",21/04/2026 13:33,เกิดปัญหาด้าน Quality,New,"MTG bladder 22""23"" 0216-1-1666",MTG 21''22''23'' No.4,C,M05102,BNS20,B/O,04/05/2026 09:59,เก็บไว้ใช้,1949,
4/22/2026_31650,22/04/2026 03:16,Bladder Turn up รั่ว,New,"Bladder turmup 14"" 0239-1-1112","ETV.14"" No.2",R,M15103,PAP21B,B/O,14/05/2026 08:07,เก็บไว้ใช้,1950,
10/3/2025_212927,23/04/2026 17:53,Size change ,Old,"Bladder push 22"" 0136-1-1033","ETV.22"" No.3",AR,M21701,PAP18,B/O,11/05/2026 13:38,เก็บไว้ใช้,1951,
9/10/2025_131249,23/04/2026 17:54,Size change ,Old,"Bladder turnup 22"" 0137-1-1033","ETV.22"" No.3",AR,M21701,PAP18,B/O,11/05/2026 13:38,เก็บไว้ใช้,1952,
9/7/2024_162042,23/04/2026 17:55,Size change ,Old,"Bladder push 22"" 0136-1-1033","ETV.22"" No.3",R,M21701,PAP18,Leak (รั่ว),03/05/2026 15:24,ทิ้ง,1953,ด้านขวา
25/12/2024_154551,23/04/2026 17:56,Size change ,Old,"Bladder turnup 22"" 0137-1-1033","ETV.22"" No.3",R,M21701,PAP18,B/O,11/05/2026 13:38,เก็บไว้ใช้,1954,
19/4/2026_124234,24/04/2026 01:34,Size change ,Old,MTG bladder 0216-1-1670,MTG 21''22''23'' No.2,C,M21701,BNS18,Bad material (วัสดุไม่ดี),24/04/2026 09:35,เก็บไว้ใช้,1955,กลาง
24/4/2026_93712,24/04/2026 09:37,เกิดปัญหาด้าน Quality,New,MTG bladder 0216-1-1670,MTG 21''22''23'' No.2,C,M21701,BNS18,B/O,12/05/2026 17:54,เก็บไว้ใช้,1956,
12/12/2025_11245,24/04/2026 16:30,Size change ,Old,"Bladder turnup 15"" 0114-1-1033 Part store","ETV.15"" No.1",AR,M08201,PAP21A,"Deform (เบี้ยว, ผิดรูปร่าง)",05/05/2026 22:02,ทิ้ง,1957,ด้านซ้าย
13/1/2026_85740,24/04/2026 16:31,Size change ,Old,"Bladder turnup 15"" 0114-1-1033 Part store","ETV.15"" No.1",R,M08201,PAP21A,Tear (ฉีกขาด),10/05/2026 07:45,ทิ้ง,1958,ด้านขวา
4/25/2026_153935,25/04/2026 15:39,Bladder Turn up รั่ว,New,"Bladder turnup 10 "" 0239-1-1094 part store","ETV.10"" No.1",R,M18201,PAP16,B/O,28/04/2026 16:40,เก็บไว้ใช้,1959,
4/26/2026_84044,26/04/2026 08:40,เกิดปัญหาด้าน Quality,New,"MTG bladder 10""12"" 0216-1-1068","MTG 10"" No.1",C,M18201,BNS16,B/O,28/04/2026 17:05,เก็บไว้ใช้,1960,
4/26/2026_204127,26/04/2026 20:41,"Bladder Turn up แตก, ฉีกขาด",New,"Bladder turmup 14"" 0239-1-1112","ETV.14"" No.2",AR,M15103,PAP21B,B/O,14/05/2026 08:05,เก็บไว้ใช้,1961,
4/28/2026_122329,28/04/2026 12:23,Bladder Turn up รั่ว,New,"Bladder turnup 10 "" 0239-1-1094 part store","ETV.10"" No.1",AR,M18201,PAP16,B/O,28/04/2026 16:40,เก็บไว้ใช้,1962,
1/5/2026_84514,28/04/2026 16:41,Size change ,Old,"Bladder turnup 15"" 0114-1-1032","ETV.15"" No.2",AR,M15501,PAP16,B/O,12/05/2026 22:12,เก็บไว้ใช้,1963,
3/19/2026_23141,28/04/2026 16:42,Size change ,Old,"Bladder turnup 15"" 0114-1-1032","ETV.15"" No.2",R,M15501,PAP16,B/O,12/05/2026 22:12,เก็บไว้ใช้,1964,
10/20/2025_92955,03/05/2026 15:25,Push bladder รั่ว,Old,"Bladder push 22"" 0136-1-1033","ETV.22"" No.3",R,M21701,PAP18,B/O,11/05/2026 13:38,เก็บไว้ใช้,1965,
2/6/2026_162234,04/05/2026 09:54,Size change ,Old,"Bladder turnup 22"" 0137-1-1033","ETV.22"" No.1",AR,M13105,PAP20,B/O,15/05/2026 14:53,เก็บไว้ใช้,1966,
11/13/2024_5312,04/05/2026 09:55,Size change ,Old,"Bladder push 22"" 0136-1-1033","ETV.22"" No.1",AR,M13105,PAP20,B/O,15/05/2026 14:53,เก็บไว้ใช้,1967,
10/20/2025_93244,04/05/2026 09:56,Size change ,Old,"Bladder turnup 22"" 0137-1-1033","ETV.22"" No.1",R,M13105,PAP20,B/O,15/05/2026 14:52,เก็บไว้ใช้,1968,
12/20/2024_135038,04/05/2026 09:57,Size change ,Old,"Bladder push 22"" 0136-1-1033","ETV.22"" No.1",R,M13105,PAP20,B/O,15/05/2026 14:52,เก็บไว้ใช้,1969,
"April 21, 2026_13331",04/05/2026 13:08,Size change ,Old,"MTG bladder 22""23"" 0216-1-1666",MTG 21''22''23'' No.4,C,M13105,BNS20,Leak (รั่ว),12/05/2026 17:56,ทิ้ง,1970,กลาง
5/4/2026_223915,04/05/2026 22:39,Bladder Turn up เสียรูป,New,"Bladder turnup 20"" 0137-1-1023","ETV.20"" No.2",AR,M01103,PAP12,"Deform (เบี้ยว, ผิดรูปร่าง)",19/05/2026 15:25,ทิ้ง,1971,ด้านซ้าย
5/5/2026_22314,05/05/2026 22:03,Bladder Turn up เสียรูป,New,"Bladder turnup 15"" 0114-1-1033 Part store","ETV.15"" No.1",AR,M08201,PAP21A,,,,1972,
7/5/2026_15655,07/05/2026 01:56,เกิดปัญหาด้าน Quality,New,"MTG bladder 22""23"" 0216-1-1666",MTG 21''22''23'' No.3,C,M19501,BNS19,B/O,21/05/2026 16:18,เก็บไว้ใช้,1973,กลาง
5/10/2026_74614,10/05/2026 07:46,"Bladder Turn up แตก, ฉีกขาด",New,"Bladder turnup 15"" 0114-1-1033 Part store","ETV.15"" No.1",R,M08201,PAP21A,,,,1974,
2/27/2026_213441,11/05/2026 13:35,Size change ,Old,"Bladder turnup 12"" 0239-1-1128","ETV.12"" No.1",R,M20001,PAP16,Leak (รั่ว),18/05/2026 00:01,ทิ้ง,1976,ด้านขวา
9/10/2025_131249,11/05/2026 13:36,Size change ,Old,"Bladder turnup 22"" 0137-1-1033","ETV.22"" No.3",AR,M20101,PAP18,B/O,12/05/2026 17:40,เก็บไว้ใช้,1977,
10/3/2025_212927,11/05/2026 13:39,Size change ,Old,"Bladder push 22"" 0136-1-1033","ETV.22"" No.3",AR,M20101,PAP18,B/O,12/05/2026 17:40,เก็บไว้ใช้,1978,
25/12/2024_154551,11/05/2026 13:40,Size change ,Old,"Bladder turnup 22"" 0137-1-1033","ETV.22"" No.3",R,M20101,PAP18,B/O,12/05/2026 17:40,เก็บไว้ใช้,1979,
10/20/2025_92955,11/05/2026 13:40,Size change ,Old,"Bladder push 22"" 0136-1-1033","ETV.22"" No.3",R,M20101,PAP18,B/O,12/05/2026 17:40,เก็บไว้ใช้,1980,
10/20/2025_92955,12/05/2026 17:40,Size change ,Old,"Bladder push 22"" 0136-1-1033","ETV.22"" No.3",R,M20101,PAP18,B/O,27/05/2026 21:41,เก็บไว้ใช้,1981,
25/12/2024_154551,12/05/2026 17:45,Size change ,Old,"Bladder turnup 22"" 0137-1-1033","ETV.22"" No.3",R,M20101,PAP18,B/O,27/05/2026 21:41,เก็บไว้ใช้,1982,
9/10/2025_131249,12/05/2026 17:46,Size change ,Old,"Bladder turnup 22"" 0137-1-1033","ETV.22"" No.3",AR,M20101,PAP18,B/O,27/05/2026 21:41,เก็บไว้ใช้,1983,
10/3/2025_212927,12/05/2026 17:53,Size change ,Old,"Bladder push 22"" 0136-1-1033","ETV.22"" No.3",AR,M20101,PAP18,B/O,27/05/2026 21:41,เก็บไว้ใช้,1984,
,12/05/2026 17:54,Size change ,Old,MTG bladder 0216-1-1670,MTG 21''22''23'' No.2,C,M20101,BNS18,Leak (รั่ว),27/05/2026 04:15,ทิ้ง,1985,กลาง
"May 12, 2026_175619",12/05/2026 17:56,MTG รั่ว,New,MTG bladder 0216-1-1670,MTG 21''22''23'' No.4,C,M13105,BNS20,B/O,16/05/2026 12:51,เก็บไว้ใช้,1986,
1/5/2026_84514,12/05/2026 22:14,Size change ,Old,"Bladder turnup 15"" 0114-1-1032","ETV.15"" No.2",AR,M15501,PAP14,Leak (รั่ว),16/05/2026 09:27,ทิ้ง,1987,
3/19/2026_23141,12/05/2026 22:15,Size change ,Old,"Bladder turnup 15"" 0114-1-1032","ETV.15"" No.2",R,M15501,PAP14,B/O,01/06/2026 13:30,เก็บไว้ใช้,1988,
4/26/2026_204127,14/05/2026 08:07,Size change ,Old,"Bladder turmup 14"" 0239-1-1112","ETV.14"" No.2",AR,M08401,PAP21B,B/O,12/06/2026 21:15,เก็บไว้ใช้,1989,
4/22/2026_31650,14/05/2026 08:09,Size change ,Old,"Bladder turmup 14"" 0239-1-1112","ETV.14"" No.2",R,M08401,PAP21B,B/O,12/06/2026 21:15,เก็บไว้ใช้,1990,
5/14/2026_121518,14/05/2026 12:15,Bladder Turn up เสียรูป,New,"Bladder trunup23""0137-1-1036","ETV.23"" No.3",R,M19501,PAP19,B/O,21/05/2026 09:55,เก็บไว้ใช้,1991,
16/3/2026_52131,15/05/2026 14:53,Size change ,Old,"Bladder Turn up 21"" 0137-1-1070","ETV.21"" No.1",AR,M20201,PAP20,B/O,25/05/2026 22:39,เก็บไว้ใช้,1992,
6/26/2025_10413,15/05/2026 14:54,Size change ,Old,"Bladder push 21"" 0136-1-1070","ETV.21"" No.1",AR,M20201,PAP20,B/O,25/05/2026 22:39,เก็บไว้ใช้,1993,
2/20/2026_184510,15/05/2026 14:55,Size change ,Old,"Bladder Turn up 21"" 0137-1-1070","ETV.21"" No.1",R,M20201,PAP20,B/O,25/05/2026 22:38,เก็บไว้ใช้,1994,
6/26/2025_1068,15/05/2026 14:56,Size change ,Old,"Bladder push 21"" 0136-1-1070","ETV.21"" No.1",R,M20201,PAP20,B/O,25/05/2026 22:38,เก็บไว้ใช้,1995,
16/5/2026_92733,16/05/2026 09:27,Push bladder รั่ว,New,"Bladder turnup 15"" 0114-1-1032","ETV.15"" No.2",AR,M15501,PAP14,B/O,01/06/2026 13:30,เก็บไว้ใช้,1996,
26/1/2026_154215,16/05/2026 12:47,Size change ,Old,Bladder MTG 0216-1-1638,MTG 21''22''23'' No.4,C,M20201,BNS20,B/O,26/05/2026 06:09,เก็บไว้ใช้,1997,
5/17/2026_14639,17/05/2026 01:46,Bladder Turn up เสียรูป,New,"Bladder trunup23""0137-1-1036","ETV.23"" No.2",AR,M18801,PAP17,B/O,26/05/2026 13:41,เก็บไว้ใช้,1998,
5/18/2026_0145,18/05/2026 00:01,Bladder Turn up รั่ว,New,"Bladder turnup 12"" 0239-1-1128","ETV.12"" No.1",R,M20001,PAP16,Tear (ฉีกขาด),19/05/2026 22:11,เก็บไว้ใช้,1999,ด้านขวา
8/7/2024_201525,18/05/2026 14:00,Size change ,Old,"Bladder push23""0136-1-1036","ETV.23"" No.4",AR,M05102,PAP13,B/O,13/06/2026 22:21,เก็บไว้ใช้,2000,
8/7/2024_201627,18/05/2026 14:02,Size change ,Old,"Bladder trunup23""0137-1-1036","ETV.23"" No.4",AR,M05102,PAP13,B/O,13/06/2026 22:20,เก็บไว้ใช้,2001,
1/13/2026_234145,18/05/2026 14:04,Size change ,Old,"Bladder push23""0136-1-1036","ETV.23"" No.4",R,M05102,PAP13,B/O,13/06/2026 22:20,เก็บไว้ใช้,2002,
2/15/2026_161947,18/05/2026 14:05,Size change ,Old,"Bladder trunup23""0137-1-1036","ETV.23"" No.4",R,M05102,PAP13,B/O,13/06/2026 22:20,เก็บไว้ใช้,2003,
5/19/2026_152557,19/05/2026 15:25,Bladder Turn up เสียรูป,New,"Bladder turnup 20"" 0137-1-1023","ETV.20"" No.2",AR,M01103,PAP12,,,,2004,
5/19/2026_221155,19/05/2026 22:11,"Bladder Turn up แตก, ฉีกขาด",New,"Bladder turnup 12"" 0239-1-1128","ETV.12"" No.1",R,M20001,PAP16,B/O,02/06/2026 09:27,เก็บไว้ใช้,2005,ด้านขวา
5/20/2026_172910,20/05/2026 17:29,Bladder Turn up รั่ว,New,"Bladder turnup 20"" 0137-1-1023","ETV.20"" No.1",R,M01103,PAP11,B/O,19/07/2026 09:08,เก็บไว้ใช้,2006,
3/7/2026_162948,21/05/2026 09:56,Size change ,Old,"Bladder push 20"" 0136-1-1023","ETV.20"" No.3",AR,M01103,PAP19,B/O,30/05/2026 18:03,เก็บไว้ใช้,2007,
4/7/2026_101016,21/05/2026 09:57,Size change ,Old,"Bladder turnup 20"" 0137-1-1023","ETV.20"" No.3",AR,M01103,PAP19,B/O,30/05/2026 18:03,เก็บไว้ใช้,2008,
7/11/2025_152828,21/05/2026 09:58,Size change ,Old,"Bladder push 20"" 0136-1-1023","ETV.20"" No.3",R,M01103,PAP19,B/O,30/05/2026 18:02,เก็บไว้ใช้,2009,
5/21/2026_95927,21/05/2026 09:59,Size change ,New,"Bladder turnup 20"" 0137-1-1023","ETV.20"" No.3",R,M01103,PAP19,B/O,30/05/2026 18:02,เก็บไว้ใช้,2010,
19/4/2026_124234,21/05/2026 16:18,Size change ,Old,MTG bladder 0216-1-1670,MTG 21''22''23'' No.3,C,M01103,BNS19,B/O,30/05/2026 20:12,เก็บไว้ใช้,2011,
2/6/2026_162234,25/05/2026 22:39,Size change ,Old,"Bladder turnup 22"" 0137-1-1033","ETV.22"" No.1",AR,M13105,PAP20,B/O,23/06/2026 15:37,เก็บไว้ใช้,2012,
11/13/2024_5312,25/05/2026 22:40,Size change ,Old,"Bladder push 22"" 0136-1-1033","ETV.22"" No.1",AR,M13105,PAP20,B/O,23/06/2026 15:37,เก็บไว้ใช้,2013,
10/20/2025_93244,25/05/2026 22:40,Size change ,Old,"Bladder turnup 22"" 0137-1-1033","ETV.22"" No.1",R,M13105,PAP20,B/O,23/06/2026 15:37,เก็บไว้ใช้,2014,
12/20/2024_135038,25/05/2026 22:42,Size change ,Old,"Bladder push 22"" 0136-1-1033","ETV.22"" No.1",R,M13105,PAP20,Leak (รั่ว),19/06/2026 13:21,ทิ้ง,2015,ด้านขวา
25/5/2026_231936,25/05/2026 23:19,Bladder Turn up เสียรูป,New,"Bladder trunup23""0137-1-1036","ETV.23"" No.2",R,M18801,PAP17,B/O,26/05/2026 13:41,เก็บไว้ใช้,2016,
"May 12, 2026_175619",26/05/2026 06:09,Size change ,Old,"MTG bladder 22""23"" 0216-1-1666",MTG 21''22''23'' No.4,C,M13105,BNS20,Leak (รั่ว),07/06/2026 00:28,ทิ้ง,2017,กลาง
4/21/2026_54747,26/05/2026 14:12,Extension รั่ว,Old,"Bladder trunup23""0137-1-1036","ETV.23"" No.3",AR,M18801,PAP17,B/O,26/05/2026 21:57,เก็บไว้ใช้,2018,
4/21/2026_54852,26/05/2026 14:13,Extension รั่ว,Old,"Bladder push23""0136-1-1036","ETV.23"" No.3",AR,M18801,PAP17,B/O,26/05/2026 21:57,เก็บไว้ใช้,2019,
6/24/2024_134942,26/05/2026 14:14,Extension รั่ว,Old,"Bladder trunup23""0137-1-1036","ETV.23"" No.3",R,M18801,PAP17,B/O,26/05/2026 21:56,เก็บไว้ใช้,2020,
5/14/2026_121518,26/05/2026 14:15,Extension รั่ว,Old,"Bladder push23""0136-1-1036","ETV.23"" No.3",R,M18801,PAP17,B/O,26/05/2026 21:56,เก็บไว้ใช้,2021,
5/17/2025_135018,26/05/2026 21:52,Extension รั่ว,Old,"Bladder push23""0136-1-1036","ETV.23"" No.1",AR,M18801,PAP17,B/O,10/06/2026 13:46,เก็บไว้ใช้,2022,
24/3/2026_224240,26/05/2026 21:53,Extension รั่ว,Old,"Bladder trunup23""0137-1-1036","ETV.23"" No.1",AR,M18801,PAP17,"Deform (เบี้ยว, ผิดรูปร่าง)",07/06/2026 01:58,ทิ้ง,2023,ด้านซ้าย
1/6/2025_85430,26/05/2026 21:54,Extension รั่ว,Old,"Bladder push23""0136-1-1036","ETV.23"" No.1",R,M18801,PAP17,B/O,10/06/2026 13:46,เก็บไว้ใช้,2024,
12/19/2025_111023,26/05/2026 21:55,Extension รั่ว,Old,"Bladder trunup23""0137-1-1036","ETV.23"" No.1",R,M18801,PAP17,"Deform (เบี้ยว, ผิดรูปร่าง)",05/06/2026 16:28,ทิ้ง,2025,ด้านขวา
27/5/2026_41612,27/05/2026 04:16,MTG รั่ว,New,MTG bladder 0216-1-1670,MTG 21''22''23'' No.2,C,M20101,BNS18,B/O,29/05/2026 01:27,เก็บไว้ใช้,2026,
5/27/2026_84519,27/05/2026 08:45,Bladder Turn up รั่ว,New,"Bladder turnup 12"" 0239-1-1128","ETV.12"" No.1",AR,M20001,PAP16,Tear (ฉีกขาด),04/06/2026 10:27,ทิ้ง,2027,ด้านซ้าย
5/14/2026_121518,27/05/2026 21:42,Size change ,Old,"Bladder trunup23""0137-1-1036","ETV.23"" No.3",R,M16006,PAP18,B/O,10/06/2026 03:40,เก็บไว้ใช้,2028,ด้านขวา
6/24/2024_134942,27/05/2026 21:43,Size change ,Old,"Bladder push23""0136-1-1036","ETV.23"" No.3",R,M16006,PAP18,B/O,10/06/2026 03:40,เก็บไว้ใช้,2029,ด้านขวา
4/21/2026_54747,27/05/2026 21:44,Size change ,Old,"Bladder trunup23""0137-1-1036","ETV.23"" No.3",AR,M16006,PAP18,B/O,10/06/2026 03:39,เก็บไว้ใช้,2030,ด้านซ้าย
4/21/2026_54852,27/05/2026 21:45,Size change ,Old,"Bladder push23""0136-1-1036","ETV.23"" No.3",AR,M16006,PAP18,B/O,10/06/2026 03:39,เก็บไว้ใช้,2031,ด้านซ้าย
5/29/2026_12740,29/05/2026 01:27,Size change ,New,"MTG bladder 22""23"" 0216-1-1666",MTG 21''22''23'' No.2,C,M16006,BNS18,Leak (รั่ว),29/05/2026 12:34,ทิ้ง,2032,
5/29/2026_123531,29/05/2026 12:35,MTG รั่ว,New,"MTG bladder 22""23"" 0216-1-1666",MTG 21''22''23'' No.2,C,M16006,BNS18,B/O,10/06/2026 03:41,เก็บไว้ใช้,2033,
16/3/2026_52131,30/05/2026 18:04,Size change ,Old,"Bladder Turn up 21"" 0137-1-1070","ETV.21"" No.1",AR,M19001,PAP19,CQ เกิดปัญหาด้าน Quality,07/07/2026 16:53,เก็บไว้ใช้,2034,
6/26/2025_10413,30/05/2026 18:06,Size change ,Old,"Bladder push 21"" 0136-1-1070","ETV.21"" No.1",AR,M19001,PAP19,Leak (รั่ว),04/06/2026 21:49,ทิ้ง,2035,
2/20/2026_184510,30/05/2026 18:06,Size change ,Old,"Bladder Turn up 21"" 0137-1-1070","ETV.21"" No.1",R,M19001,PAP19,CQ เกิดปัญหาด้าน Quality,07/07/2026 16:53,เก็บไว้ใช้,2036,
6/26/2025_1068,30/05/2026 18:08,Size change ,Old,"Bladder push 21"" 0136-1-1070","ETV.21"" No.1",R,M19001,PAP19,CQ เกิดปัญหาด้าน Quality,07/07/2026 16:52,เก็บไว้ใช้,2037,
19/4/2026_124234,30/05/2026 20:12,Size change ,Old,MTG bladder 0216-1-1670,MTG 21''22''23'' No.3,C,M19001,BNS19,Leak (รั่ว),24/06/2026 10:53,ทิ้ง,2038,กลาง
12/2/2025_18337,01/06/2026 13:32,Size change ,Old,"Bladder turnup 15"" 0114-1-1033 Part store","ETV.15"" No.3",AR,M08201,PAP14,Leak (รั่ว),11/06/2026 16:57,ทิ้ง,2039,
4/8/2026_155120,01/06/2026 13:33,Size change ,Old,"Bladder turnup 15"" 0114-1-1033 Part store","ETV.15"" No.3",R,M08201,PAP14,B/O,13/07/2026 16:21,เก็บไว้ใช้,2040,
6/2/2026_92722,02/06/2026 09:27,Bladder Turn up รั่ว,New,"Bladder turnup 12"" 0239-1-1128","ETV.12"" No.1",R,M20001,PAP16,B/O,11/06/2026 10:02,เก็บไว้ใช้,2041,
6/2/2026_202347,02/06/2026 20:23,Push bladder รั่ว,New,"Bladder push 20"" 0136-1-1023","ETV.20"" No.1",AR,M01103,PAP11,Leak (รั่ว),06/06/2026 04:18,ทิ้ง,2042,ด้านซ้าย
6/4/2026_82513,04/06/2026 08:25,Push bladder รั่ว,New,"Bladder push 20"" 0136-1-1023","ETV.20"" No.1",R,M01103,PAP11,Leak (รั่ว),12/07/2026 09:28,ทิ้ง,2043,ด้านขวา
6/4/2026_102752,04/06/2026 10:27,"Bladder Turn up แตก, ฉีกขาด",New,"Bladder turnup 12"" 0239-1-1128","ETV.12"" No.1",AR,M20001,PAP16,B/O,11/06/2026 10:01,เก็บไว้ใช้,2044,
6/4/2026_22476,04/06/2026 22:47,Push bladder รั่ว,New,"Bladder push 21"" 0136-1-1070","ETV.21"" No.1",AR,M19001,PAP19,CQ เกิดปัญหาด้าน Quality,07/07/2026 16:51,เก็บไว้ใช้,2045,
6/5/2026_162853,05/06/2026 16:28,Bladder Turn up เสียรูป,New,"Bladder trunup23""0137-1-1036","ETV.23"" No.1",R,M18801,PAP17,B/O,10/06/2026 13:46,เก็บไว้ใช้,2046,
6/6/2026_41828,06/06/2026 04:18,Push bladder รั่ว,New,"Bladder push 20"" 0136-1-1023","ETV.20"" No.1",AR,M01103,PAP11,B/O,19/07/2026 09:09,เก็บไว้ใช้,2047,
"June 7, 2026_0307",07/06/2026 00:30,MTG รั่ว,New,"MTG bladder 22""23"" 0216-1-1666",MTG 21''22''23'' No.4,C,M13105,BNS20,Leak (รั่ว),17/06/2026 11:07,ทิ้ง,2048,กลาง
6/7/2026_15842,07/06/2026 01:58,Bladder Turn up เสียรูป,New,"Bladder trunup23""0137-1-1036","ETV.23"" No.1",AR,M18801,PAP17,B/O,10/06/2026 13:46,เก็บไว้ใช้,2049,
"May 12, 2026_175619",08/06/2026 07:42,Size change ,Old,"MTG bladder 22""23"" 0216-1-1666",MTG 21''22''23'' No.1,C,M13105,BNS20,Leak (รั่ว),08/06/2026 07:45,ทิ้ง,2050,กลาง
5/17/2026_14639,10/06/2026 03:34,Size change ,Old,"Bladder trunup23""0137-1-1036","ETV.23"" No.2",AR,M18801,PAP18,B/O,23/06/2026 19:25,เก็บไว้ใช้,2051,
,10/06/2026 03:35,Size change ,Old,"Bladder trunup23""0137-1-1036","ETV.23"" No.2",R,M18801,PAP18,B/O,10/06/2026 13:45,เก็บไว้ใช้,2052,
2/22/2026_114744,10/06/2026 03:37,Size change ,Old,"Bladder push23""0136-1-1036","ETV.23"" No.2",AR,M18801,PAP18,B/O,23/06/2026 19:24,เก็บไว้ใช้,2053,
,10/06/2026 03:37,Size change ,Old,"Bladder push23""0136-1-1036","ETV.23"" No.2",R,M18801,PAP18,B/O,10/06/2026 13:43,เก็บไว้ใช้,2054,
5/29/2026_123531,10/06/2026 03:38,Size change ,Old,"MTG bladder 22""23"" 0216-1-1666",MTG 21''22''23'' No.2,C,M18801,BNS18,B/O,23/06/2026 22:58,ทิ้ง,2055,
11/13/2025_153137,10/06/2026 13:42,Size change ,Old,"Bladder push23""0136-1-1036","ETV.23"" No.2",R,M18801,PAP18,B/O,23/06/2026 19:24,เก็บไว้ใช้,2056,
25/5/2026_231936,10/06/2026 13:43,Size change ,Old,"Bladder trunup23""0137-1-1036","ETV.23"" No.2",R,M18801,PAP18,B/O,23/06/2026 19:24,เก็บไว้ใช้,2057,
6/7/2026_15842,10/06/2026 13:45,Size change ,Old,"Bladder trunup23""0137-1-1036","ETV.23"" No.1",AR,M05102,PAP17,B/O,23/06/2026 20:18,เก็บไว้ใช้,2058,ด้านซ้าย
5/17/2025_135018,10/06/2026 13:48,Size change ,Old,"Bladder push23""0136-1-1036","ETV.23"" No.1",AR,M05102,PAP17,B/O,23/06/2026 20:18,เก็บไว้ใช้,2059,ด้านซ้าย
6/5/2026_162853,10/06/2026 13:49,Size change ,Old,"Bladder trunup23""0137-1-1036","ETV.23"" No.1",R,M05102,PAP17,"Deform (เบี้ยว, ผิดรูปร่าง)",11/06/2026 11:21,ทิ้ง,2060,ด้านขวา
,10/06/2026 13:50,Size change ,Old,"Bladder push23""0136-1-1036","ETV.23"" No.1",R,M05102,PAP17,B/O,10/06/2026 13:52,เก็บไว้ใช้,2061,
1/6/2025_85430,10/06/2026 13:51,Size change ,Old,"Bladder push23""0136-1-1036","ETV.23"" No.1",R,M05102,PAP17,B/O,23/06/2026 20:18,เก็บไว้ใช้,2062,ด้านขวา
2/12/2026_163856,11/06/2026 09:57,Size change ,Old,"Bladder turnup 8"" 0239-1-1137","ETV.8"" No.1",R,M21401,PAP16,Leak (รั่ว),12/06/2026 23:15,ทิ้ง,2063,ด้านขวา
2/12/2026_163856,11/06/2026 09:59,Size change ,Old,"Bladder turnup 8"" 0239-1-1137","ETV.8"" No.1",AR,M21401,PAP16,Leak (รั่ว),13/06/2026 16:20,ทิ้ง,2064,ด้านซ้าย
11/6/2026_112121,11/06/2026 11:21,Bladder Turn up เสียรูป,New,"Bladder trunup23""0137-1-1036","ETV.23"" No.1",R,M05102,PAP17,B/O,23/06/2026 20:17,เก็บไว้ใช้,2065,ด้านขวา
6/11/2026_172232,11/06/2026 17:22,Bladder Turn up รั่ว,New,"Bladder turnup 15"" 0114-1-1033 Part store","ETV.15"" No.3",AR,M08201,PAP14,"Deform (เบี้ยว, ผิดรูปร่าง)",11/07/2026 18:20,ทิ้ง,2066,ด้านซ้าย
4/26/2026_204127,12/06/2026 21:15,Size change ,Old,"Bladder turmup 14"" 0239-1-1112","ETV.14"" No.2",AR,M15702,PAP21B,B/O,15/06/2026 14:53,เก็บไว้ใช้,2067,
4/22/2026_31650,12/06/2026 21:16,Size change ,Old,"Bladder turmup 14"" 0239-1-1112","ETV.14"" No.2",R,M15702,PAP21B,B/O,15/06/2026 14:53,เก็บไว้ใช้,2068,
6/12/2026_231554,12/06/2026 23:15,Bladder Turn up รั่ว,New,"Bladder turnup 8"" 0239-1-1137","ETV.8"" No.1",R,M21401,PAP16,Leak (รั่ว),16/06/2026 17:52,ทิ้ง,2069,
6/13/2026_162034,13/06/2026 16:20,"Bladder Turn up แตก, ฉีกขาด",New,"Bladder turnup 8"" 0239-1-1137","ETV.8"" No.1",AR,M21401,PAP16,B/O,17/06/2026 06:07,เก็บไว้ใช้,2070,
4/8/2026_02913,15/06/2026 15:12,Size change ,Old,"Bladder turmup 14"" 0239-1-1112","ETV.14"" No.1",AR,M15702,PAP21B,B/O,19/06/2026 12:59,เก็บไว้ใช้,2071,
17/4/2026_42840,15/06/2026 15:13,Size change ,Old,"Bladder turmup 14"" 0239-1-1112","ETV.14"" No.1",R,M15702,PAP21B,B/O,19/06/2026 12:59,เก็บไว้ใช้,2072,
6/16/2026_175241,16/06/2026 17:52,Bladder Turn up รั่ว,New,"Bladder turnup 8"" 0239-1-1137","ETV.8"" No.1",R,M21401,PAP16,B/O,17/06/2026 06:05,เก็บไว้ใช้,2073,
6/16/2026_175241,17/06/2026 06:03,Size change ,Old,"Bladder turnup 8"" 0239-1-1137","ETV.8"" No.1",R,M15601,PAP16,Leak (รั่ว),20/06/2026 18:30,ทิ้ง,2074,ด้านขวา
6/13/2026_162034,17/06/2026 06:05,Size change ,Old,"Bladder turnup 8"" 0239-1-1137","ETV.8"" No.1",AR,M15601,PAP16,Leak (รั่ว),17/06/2026 21:19,ทิ้ง,2075,ด้านซ้าย
"June 17, 2026_1187",17/06/2026 11:08,MTG รั่ว,New,"MTG bladder 22""23"" 0216-1-1666",MTG 21''22''23'' No.4,C,M13105,BNS20,B/O,25/06/2026 09:05,เก็บไว้ใช้,2076,
6/17/2026_212019,17/06/2026 21:20,Bladder Turn up รั่ว,New,"Bladder turnup 8"" 0239-1-1137","ETV.8"" No.1",AR,M15601,PAP16,B/O,21/06/2026 14:55,เก็บไว้ใช้,2077,ด้านซ้าย
4/8/2026_02913,19/06/2026 12:59,Size change ,Old,"Bladder turmup 14"" 0239-1-1112","ETV.14"" No.1",AR,M15105 / EL,PAP21B,B/O,21/06/2026 14:09,เก็บไว้ใช้,2078,
17/4/2026_42840,19/06/2026 13:02,Size change ,Old,"Bladder turmup 14"" 0239-1-1112","ETV.14"" No.1",R,M15105 / EL,PAP21B,B/O,27/06/2026 13:51,เก็บไว้ใช้,2079,
2/7/2025_45127,19/06/2026 13:21,Push bladder รั่ว,Old,"Bladder push 22"" 0136-1-1033","ETV.22"" No.1",R,M13105,PAP20,B/O,23/06/2026 15:36,เก็บไว้ใช้,2080,
6/20/2026_183030,20/06/2026 18:30,Bladder Turn up รั่ว,New,"Bladder turnup 8"" 0239-1-1137","ETV.8"" No.1",R,M15601,PAP16,B/O,21/06/2026 14:54,เก็บไว้ใช้,2081,ด้านขวา
4/22/2026_31650,21/06/2026 14:10,Size change ,Old,"Bladder turmup 14"" 0239-1-1112","ETV.14"" No.1",AR,M15105 / EL,PAP21B,Leak (รั่ว),24/06/2026 08:30,ทิ้ง,2082,ด้านซ้าย
6/20/2026_183030,21/06/2026 14:55,Extension รั่ว,Old,"Bladder turnup 8"" 0239-1-1137","ETV.8"" No.1",AR,M15601,PAP16,Leak (รั่ว),24/06/2026 19:10,ทิ้ง,2083,ด้านซ้าย
6/17/2026_212019,21/06/2026 14:57,Extension รั่ว,Old,"Bladder turnup 8"" 0239-1-1137","ETV.8"" No.1",R,M15601,PAP16,Leak (รั่ว),23/06/2026 05:33,ทิ้ง,2084,ด้านขวา
6/23/2026_53441,23/06/2026 05:34,Bladder Turn up รั่ว,New,"Bladder turnup 8"" 0239-1-1137","ETV.8"" No.1",R,M15601,PAP16,B/O,25/06/2026 11:49,เก็บไว้ใช้,2085,
8/7/2024_201627,23/06/2026 15:37,Size change ,Old,"Bladder trunup23""0137-1-1036","ETV.23"" No.4",AR,M19501,PAP20,B/O,30/06/2026 19:57,เก็บไว้ใช้,2086,
8/7/2024_201525,23/06/2026 15:38,Size change ,Old,"Bladder push23""0136-1-1036","ETV.23"" No.4",AR,M19501,PAP20,B/O,30/06/2026 19:56,เก็บไว้ใช้,2087,
2/15/2026_161947,23/06/2026 15:39,Size change ,Old,"Bladder trunup23""0137-1-1036","ETV.23"" No.4",R,M19501,PAP20,B/O,30/06/2026 19:56,เก็บไว้ใช้,2088,
1/13/2026_234145,23/06/2026 15:40,Size change ,Old,"Bladder push23""0136-1-1036","ETV.23"" No.4",R,M19501,PAP20,B/O,30/06/2026 19:56,เก็บไว้ใช้,2089,
9/10/2025_131249,23/06/2026 19:25,Size change ,Old,"Bladder turnup 22"" 0137-1-1033","ETV.22"" No.3",AR,M21701,PAP18,Leak (รั่ว),26/06/2026 15:37,เก็บไว้ใช้,2090,
10/20/2025_92955,23/06/2026 19:27,Size change ,Old,"Bladder push 22"" 0136-1-1033","ETV.22"" No.3",AR,M21701,PAP18,Leak (รั่ว),26/06/2026 15:37,เก็บไว้ใช้,2091,
25/12/2024_154551,23/06/2026 19:28,Size change ,Old,"Bladder turnup 22"" 0137-1-1033","ETV.22"" No.3",R,M21701,PAP18,Leak (รั่ว),26/06/2026 15:37,เก็บไว้ใช้,2092,
10/3/2025_212927,23/06/2026 19:29,Size change ,Old,"Bladder push 22"" 0136-1-1033","ETV.22"" No.3",R,M21701,PAP18,Leak (รั่ว),26/06/2026 15:36,เก็บไว้ใช้,2093,
11/6/2026_112121,23/06/2026 20:20,Size change ,Old,"Bladder trunup23""0137-1-1036","ETV.23"" No.1",AR,M18801,PAP17,"Deform (เบี้ยว, ผิดรูปร่าง)",12/07/2026 14:12,ทิ้ง,2094,ด้านซ้าย
1/6/2025_85430,23/06/2026 20:26,Size change ,Old,"Bladder push23""0136-1-1036","ETV.23"" No.1",AR,M18801,PAP17,,,,2095,
,23/06/2026 20:27,Size change ,Old,"Bladder trunup23""0137-1-1036","ETV.23"" No.1",R,M18801,PAP17,"Deform (เบี้ยว, ผิดรูปร่าง)",30/06/2026 08:47,ทิ้ง,2096,ด้านขวา
5/17/2025_135018,23/06/2026 20:28,Size change ,Old,"Bladder push23""0136-1-1036","ETV.23"" No.1",R,M18801,PAP17,,,,2097,
27/5/2026_41612,23/06/2026 22:58,Size change ,Old,MTG bladder 0216-1-1670,MTG 21''22''23'' No.2,C,M21701,TCSM17,B/O,23/06/2026 23:04,เก็บไว้ใช้,2098,
27/5/2026_41612,23/06/2026 23:02,Size change ,Old,MTG bladder 0216-1-1670,MTG 21''22''23'' No.2,C,M21701,BNS18,B/O,03/07/2026 09:31,เก็บไว้ใช้,2099,
4/26/2026_204127,24/06/2026 08:31,Bladder Turn up รั่ว,Old,"Bladder turmup 14"" 0239-1-1112","ETV.14"" No.1",AR,M15105 / EL,PAP21B,B/O,27/06/2026 13:51,เก็บไว้ใช้,2100,
24/6/2026_105338,24/06/2026 10:53,MTG รั่ว,New,MTG bladder 0216-1-1670,MTG 21''22''23'' No.3,C,M19001,BNS19,B/O,25/06/2026 09:02,เก็บไว้ใช้,2101,
6/24/2026_191250,24/06/2026 19:12,Bladder Turn up รั่ว,New,"Bladder turnup 8"" 0239-1-1137","ETV.8"" No.1",AR,M15601,PAP16,B/O,25/06/2026 11:48,เก็บไว้ใช้,2102,
25/6/2026_932,25/06/2026 09:03,Size change ,New,"MTG bladder 22""23"" 0216-1-1666",MTG 21''22''23'' No.3,C,Test,PAP19,B/O,25/06/2026 20:30,เก็บไว้ใช้,2103,
"June 17, 2026_1187",25/06/2026 09:03,Size change ,Old,"MTG bladder 22""23"" 0216-1-1666",MTG 21''22''23'' No.4,C,M19501,BNS20,B/O,30/06/2026 20:01,เก็บไว้ใช้,2104,
12/3/2024_142427,25/06/2026 11:49,Size change ,Old,"Bladder turnup 6"" 0181-1-1697","ETV.6"" No.1",AR,M08301,PAP16,B/O,28/06/2026 01:37,เก็บไว้ใช้,2105,
8/12/2024_164627,25/06/2026 11:51,Size change ,Old,"Bladder turnup 6"" 0181-1-1697","ETV.6"" No.1",R,M08301,PAP16,B/O,28/06/2026 01:37,เก็บไว้ใช้,2106,
24/6/2026_105338,25/06/2026 20:54,Size change ,Old,MTG bladder 0216-1-1670,MTG 21''22''23'' No.3,C,M19001,BNS19,B/O,22/07/2026 05:01,เก็บไว้ใช้,2107,
6/4/2025_235914,26/06/2026 02:06,Size change ,Old,"Bladder turnup 22"" 0137-1-1033","ETV.22"" No.4",AR,M12302,PAP13,B/O,14/07/2026 17:26,เก็บไว้ใช้,2108,
1/28/2025_214230,26/06/2026 02:08,Size change ,Old,"Bladder push 22"" 0136-1-1033","ETV.22"" No.4",AR,M12302,PAP13,B/O,14/07/2026 17:26,เก็บไว้ใช้,2109,ด้านซ้าย
9/3/2024_14245,26/06/2026 02:10,Size change ,Old,"Bladder turnup 22"" 0137-1-1033","ETV.22"" No.4",R,M12302,PAP13,B/O,14/07/2026 17:25,เก็บไว้ใช้,2110,ด้านขวา
6/5/2025_0140,26/06/2026 02:15,Size change ,Old,"Bladder push 22"" 0136-1-1033","ETV.22"" No.4",R,M12302,PAP13,Leak (รั่ว),26/06/2026 02:16,ทิ้ง,2111,
6/26/2026_21634,26/06/2026 02:16,Size change ,New,"Bladder push 22"" 0136-1-1033","ETV.22"" No.4",R,M12302,PAP13,B/O,14/07/2026 17:25,เก็บไว้ใช้,2112,ด้านขวา
9/10/2025_131249,26/06/2026 15:38,Extension รั่ว,Old,"Bladder turnup 22"" 0137-1-1033","ETV.22"" No.1",AR,M21701,PAP18,B/O,02/07/2026 21:56,เก็บไว้ใช้,2113,
10/3/2025_212927,26/06/2026 15:41,Extension รั่ว,Old,"Bladder push 22"" 0136-1-1033","ETV.22"" No.1",AR,M21701,PAP18,B/O,02/07/2026 21:56,เก็บไว้ใช้,2114,
25/12/2024_154551,26/06/2026 15:43,Extension รั่ว,Old,"Bladder turnup 22"" 0137-1-1033","ETV.22"" No.1",R,M21701,PAP18,B/O,02/07/2026 21:56,เก็บไว้ใช้,2115,
10/20/2025_92955,26/06/2026 15:43,Extension รั่ว,Old,"Bladder push 22"" 0136-1-1033","ETV.22"" No.1",R,M21701,PAP18,B/O,02/07/2026 21:56,เก็บไว้ใช้,2116,
4/26/2026_204127,27/06/2026 13:52,Size change ,Old,"Bladder turmup 14"" 0239-1-1112","ETV.14"" No.1",AR,M08401,PAP21B,Leak (รั่ว),04/07/2026 22:10,ทิ้ง,2117,
17/4/2026_42840,27/06/2026 13:53,Size change ,Old,"Bladder turmup 14"" 0239-1-1112","ETV.14"" No.1",R,M08401,PAP21B,,,,2118,
4/28/2026_122329,28/06/2026 01:38,Size change ,Old,"Bladder turnup 10 "" 0239-1-1094 part store","ETV.10"" No.1",AR,M18201,PAP16,B/O,11/07/2026 12:48,เก็บไว้ใช้,2119,
4/25/2026_153935,28/06/2026 01:39,Size change ,Old,"Bladder turnup 10 "" 0239-1-1094 part store","ETV.10"" No.1",R,M18201,PAP16,,04/07/2026 08:59,ทิ้ง,2120,ด้านขวา
4/26/2026_84044,28/06/2026 09:37,Size change ,Old,"Bladder turnup 10 "" 0239-1-1094 part store","MTG 10"" No.1",C,M18201,BNS16,Leak (รั่ว),09/07/2026 07:45,ทิ้ง,2121,กลาง
6/30/2026_84822,30/06/2026 08:48,Bladder Turn up เสียรูป,New,"Bladder trunup23""0137-1-1036","ETV.23"" No.1",R,M18801,PAP17,,,,2122,
5/17/2026_14639,30/06/2026 19:57,Size change ,Old,"Bladder trunup23""0137-1-1036","ETV.23"" No.2",AR,M21801,PAP20,B/O,03/07/2026 11:19,เก็บไว้ใช้,2123,
2/22/2026_114744,30/06/2026 19:58,Size change ,Old,"Bladder push23""0136-1-1036","ETV.23"" No.2",AR,M21801,PAP20,B/O,03/07/2026 11:19,เก็บไว้ใช้,2124,
25/5/2026_231936,30/06/2026 19:59,Size change ,Old,"Bladder trunup23""0137-1-1036","ETV.23"" No.2",R,M21801,PAP20,"Deform (เบี้ยว, ผิดรูปร่าง)",01/07/2026 04:12,ทิ้ง,2125,ด้านขวา
11/13/2025_153137,30/06/2026 20:00,Size change ,Old,"Bladder push23""0136-1-1036","ETV.23"" No.2",R,M21801,PAP20,B/O,03/07/2026 11:20,เก็บไว้ใช้,2126,
"June 17, 2026_1187",30/06/2026 20:01,Size change ,Old,"MTG bladder 22""23"" 0216-1-1666",MTG 21''22''23'' No.4,C,M21801,BNS20,B/O,04/07/2026 00:37,เก็บไว้ใช้,2127,
1/7/2026_41253,01/07/2026 04:12,Bladder Turn up เสียรูป,New,"Bladder trunup23""0137-1-1036","ETV.23"" No.2",R,M21801,PAP20,B/O,03/07/2026 11:20,เก็บไว้ใช้,2128,
8/7/2024_201627,02/07/2026 21:58,Size change ,Old,"Bladder trunup23""0137-1-1036","ETV.23"" No.4",AR,M19501,PAP18,Leak (รั่ว),11/07/2026 20:59,เก็บไว้ใช้,2129,
8/7/2024_201525,02/07/2026 21:58,Size change ,Old,"Bladder push23""0136-1-1036","ETV.23"" No.4",AR,M19501,PAP18,Leak (รั่ว),11/07/2026 20:59,เก็บไว้ใช้,2130,
2/15/2026_161947,02/07/2026 21:59,Size change ,Old,"Bladder trunup23""0137-1-1036","ETV.23"" No.4",R,M19501,PAP18,Leak (รั่ว),11/07/2026 20:59,เก็บไว้ใช้,2131,
1/13/2026_234145,02/07/2026 21:59,Size change ,Old,"Bladder push23""0136-1-1036","ETV.23"" No.4",R,M19501,PAP18,Leak (รั่ว),11/07/2026 20:59,เก็บไว้ใช้,2132,
25/6/2026_932,03/07/2026 09:31,Size change ,Old,"MTG bladder 22""23"" 0216-1-1666",MTG 21''22''23'' No.2,C,M19501,BNS18,Leak (รั่ว),18/07/2026 21:27,ทิ้ง,2133,กลาง
5/17/2026_14639,03/07/2026 11:21,Size change ,Old,"Bladder trunup23""0137-1-1036","ETV.23"" No.2",AR,M16006,PAP20,B/O,10/07/2026 17:33,เก็บไว้ใช้,2134,
2/22/2026_114744,03/07/2026 11:21,Size change ,Old,"Bladder push23""0136-1-1036","ETV.23"" No.2",AR,M16006,PAP20,B/O,10/07/2026 17:33,เก็บไว้ใช้,2135,
1/7/2026_41253,03/07/2026 11:22,Size change ,Old,"Bladder trunup23""0137-1-1036","ETV.23"" No.2",R,M16006,PAP20,B/O,10/07/2026 17:33,เก็บไว้ใช้,2136,
11/13/2025_153137,03/07/2026 11:23,Size change ,Old,"Bladder push23""0136-1-1036","ETV.23"" No.2",R,M16006,PAP20,B/O,10/07/2026 17:33,เก็บไว้ใช้,2137,
"June 17, 2026_1187",04/07/2026 00:38,Size change ,Old,"MTG bladder 22""23"" 0216-1-1666",MTG 21''22''23'' No.4,C,M16006,BNS20,Leak (รั่ว),08/07/2026 18:42,ทิ้ง,2138,กลาง
7/4/2026_912,04/07/2026 09:01,Bladder Turn up รั่ว,New,"Bladder turnup 10 "" 0239-1-1094 part store","ETV.10"" No.1",R,M18201,PAP16,Leak (รั่ว),10/07/2026 09:13,ทิ้ง,2139,ด้านขวา
7/4/2026_221046,04/07/2026 22:10,Bladder Turn up รั่ว,New,"Bladder turmup 14"" 0239-1-1112","ETV.14"" No.1",AR,M08401,PAP21B,,,,2140,
8/7/2026_184255,08/07/2026 18:42,MTG รั่ว,New,"MTG bladder 22""23"" 0216-1-1666",MTG 21''22''23'' No.4,C,M16006,BNS20,B/O,10/07/2026 17:39,เก็บไว้ใช้,2141,
7/9/2026_7464,09/07/2026 07:46,MTG รั่ว,New,"MTG bladder 10""12"" 0216-1-1068","ETV.10"" No.1",C,M18201,BNS16,B/O,10/07/2026 09:19,เก็บไว้ใช้,2142,
7/9/2026_74743,09/07/2026 07:47,MTG รั่ว,New,"MTG bladder 10""12"" 0216-1-1068","ETV.10"" No.1",C,M18201,BNS16,,09/07/2026 07:52,ทิ้ง,2143,
5/6/2025_152735,10/07/2026 09:15,Bladder Turn up รั่ว,Old,"Bladder turnup 10 "" 0239-1-1094 part store","ETV.10"" No.1",R,M18201,PAP16,Leak (รั่ว),10/07/2026 16:23,ทิ้ง,2144,ด้านขวา
7/9/2026_7464,10/07/2026 09:16,MTG รั่ว,Old,"MTG bladder 10""12"" 0216-1-1068","MTG 10"" No.1",C,M18201,BNS16,B/O,11/07/2026 17:16,เก็บไว้ใช้,2145,
7/10/2026_162343,10/07/2026 16:23,Bladder Turn up รั่ว,New,"Bladder turnup 10 "" 0239-1-1094 part store","ETV.10"" No.1",R,M18201,PAP16,B/O,11/07/2026 12:48,เก็บไว้ใช้,2146,
2/6/2026_162234,10/07/2026 17:34,Size change ,Old,"Bladder turnup 22"" 0137-1-1033","ETV.22"" No.3",AR,M13105,PAP20,,,,2147,
2/7/2025_45127,10/07/2026 17:35,Size change ,Old,"Bladder push 22"" 0136-1-1033","ETV.22"" No.3",AR,M13105,PAP20,,,,2148,
10/20/2025_93244,10/07/2026 17:35,Size change ,Old,"Bladder turnup 22"" 0137-1-1033","ETV.22"" No.3",R,M13105,PAP20,,,,2149,
11/13/2024_5312,10/07/2026 17:37,Size change ,Old,"Bladder push 22"" 0136-1-1033","ETV.22"" No.3",R,M13105,PAP20,,,,2150,
8/7/2026_184255,10/07/2026 17:38,Size change ,Old,"MTG bladder 22""23"" 0216-1-1666",MTG 21''22''23'' No.4,C,M13105,PAP20,,,,2151,
6/24/2026_191250,11/07/2026 12:48,Size change ,Old,"Bladder turnup 8"" 0239-1-1137","ETV.8"" No.1",AR,M15601,PAP16,Leak (รั่ว),14/07/2026 10:18,ทิ้ง,2152,ด้านซ้าย
6/23/2026_53441,11/07/2026 12:50,Size change ,Old,"Bladder turnup 8"" 0239-1-1137","ETV.8"" No.1",R,M15601,PAP16,Tear (ฉีกขาด),12/07/2026 03:18,ทิ้ง,2153,
6/27/2025_18146,11/07/2026 17:16,Size change ,Old,"MTG bladder 8"" 0216-1-1074","MTG 8""9'' No.1",C,M15601,BNS16,CQ เกิดปัญหาด้าน Quality,13/07/2026 10:26,ทิ้ง,2154,กลาง
7/11/2026_182057,11/07/2026 18:20,Bladder Turn up เสียรูป,New,"Bladder turnup 15"" 0114-1-1033 Part store","ETV.15"" No.3",AR,M08204,PAP14,B/O,13/07/2026 16:21,เก็บไว้ใช้,2155,
4/21/2026_54852,11/07/2026 20:59,Extension รั่ว,Old,"Bladder push23""0136-1-1036","ETV.23"" No.3",AR,M19501,PAP18,,,,2156,
4/21/2026_54747,11/07/2026 21:00,Extension รั่ว,Old,"Bladder trunup23""0137-1-1036","ETV.23"" No.3",AR,M19501,PAP18,,,,2157,
5/14/2026_121518,11/07/2026 21:01,Extension รั่ว,Old,"Bladder trunup23""0137-1-1036","ETV.23"" No.3",R,M19501,PAP18,,,,2158,
6/24/2024_134942,11/07/2026 21:02,Extension รั่ว,Old,"Bladder push23""0136-1-1036","ETV.23"" No.3",R,M19501,PAP18,,,,2159,
7/12/2026_31824,12/07/2026 03:18,Bladder Turn up รั่ว,New,"Bladder turnup 8"" 0239-1-1137","ETV.8"" No.1",R,M15601,PAP16,Leak (รั่ว),16/07/2026 13:31,ทิ้ง,2160,ด้านขวา
7/12/2026_92850,12/07/2026 09:28,Push bladder รั่ว,New,"Bladder push 20"" 0136-1-1023","ETV.20"" No.1",R,M01103,PAP11,B/O,19/07/2026 09:09,เก็บไว้ใช้,2161,
2/15/2026_161947,12/07/2026 14:13,Bladder Turn up เสียรูป,Old,"Bladder trunup23""0137-1-1036","ETV.23"" No.1",AR,M18801,PAP17,,,,2162,
7/13/2026_10279,13/07/2026 10:27,เกิดปัญหาด้าน Quality,New,"MTG bladder 8"" 0216-1-1074","MTG 8""9'' No.1",C,M15601,BNS16,,,,2163,
16/5/2026_92733,13/07/2026 16:21,Size change ,Old,"Bladder turnup 15"" 0114-1-1032","ETV.15"" No.2",AR,M15501,PAP14,B/O,20/07/2026 18:18,เก็บไว้ใช้,2164,
3/19/2026_23141,13/07/2026 16:22,Size change ,Old,"Bladder turnup 15"" 0114-1-1032","ETV.15"" No.2",R,M15501,PAP14,B/O,20/07/2026 18:18,เก็บไว้ใช้,2165,
7/14/2026_101950,14/07/2026 10:19,Bladder Turn up รั่ว,New,"Bladder turnup 8"" 0239-1-1137","ETV.8"" No.1",AR,M15601,PAP16,Leak (รั่ว),18/07/2026 05:18,ทิ้ง,2166,ด้านซ้าย
,14/07/2026 17:26,Size change ,Old,"Bladder push23""0136-1-1036","ETV.23"" No.4",AR,M05102,PAP13,,,,2167,
7/14/2026_172850,14/07/2026 17:28,Size change ,New,"Bladder trunup23""0137-1-1036","ETV.23"" No.4",AR,M05102,PAP13,,,,2168,
15/7/2025_165737,14/07/2026 17:30,Size change ,Old,"Bladder push23""0136-1-1036","ETV.23"" No.4",R,M05102,PAP13,,,,2169,
7/14/2026_173216,14/07/2026 17:32,Size change ,New,"Bladder trunup23""0137-1-1036","ETV.23"" No.4",R,M05102,PAP13,,,,2170,
7/16/2026_13328,16/07/2026 13:32,Bladder Turn up รั่ว,New,"Bladder turnup 8"" 0239-1-1137","ETV.8"" No.1",R,M15601,PAP16,B/O,18/07/2026 12:13,เก็บไว้ใช้,2171,
7/16/2026_16210,16/07/2026 16:21,Bladder Turn up รั่ว,New,"Bladder turnup 20"" 0137-1-1023","ETV.20"" No.2",R,M01103,PAP12,,,,2172,
7/16/2026_162148,16/07/2026 16:21,Push bladder รั่ว,New,"Bladder push 20"" 0136-1-1023","ETV.20"" No.2",R,M01103,PAP12,,,,2173,
7/18/2026_51931,18/07/2026 05:19,Bladder Turn up รั่ว,New,"Bladder turnup 8"" 0239-1-1137","ETV.8"" No.1",AR,M15601,PAP16,B/O,18/07/2026 12:13,เก็บไว้ใช้,2174,
6/4/2026_102752,18/07/2026 12:13,Size change ,Old,"Bladder turnup 12"" 0239-1-1128","ETV.12"" No.1",AR,M20001,PAP16,,,,2175,
6/2/2026_92722,18/07/2026 12:14,Size change ,Old,"Bladder turnup 12"" 0239-1-1128","ETV.12"" No.1",R,M20001,PAP16,,,,2176,
18/7/2026_212739,18/07/2026 21:27,MTG รั่ว,New,"MTG bladder 22""23"" 0216-1-1666",MTG 21''22''23'' No.2,C,M19501,BNS18,,,,2177,
4/7/2026_101016,19/07/2026 09:10,Extension รั่ว,Old,"Bladder turnup 20"" 0137-1-1023","ETV.20"" No.3",AR,M01103,PAP11,"Deform (เบี้ยว, ผิดรูปร่าง)",19/07/2026 09:12,ทิ้ง,2178,ด้านซ้าย
24/12/2025_131251,19/07/2026 09:12,Extension รั่ว,Old,"Bladder turnup 20"" 0137-1-1023","ETV.20"" No.3",AR,M01103,PAP11,,,,2179,
3/7/2026_162948,19/07/2026 09:14,Extension รั่ว,Old,"Bladder push 20"" 0136-1-1023","ETV.20"" No.3",AR,M01103,PAP11,,,,2180,
5/21/2026_95927,19/07/2026 09:15,Extension รั่ว,Old,"Bladder turnup 20"" 0137-1-1023","ETV.20"" No.3",R,M01103,PAP11,,,,2181,
7/11/2025_152828,19/07/2026 09:16,Extension รั่ว,Old,"Bladder push 20"" 0136-1-1023","ETV.20"" No.3",R,M01103,PAP11,,,,2182,
4/8/2026_155120,20/07/2026 18:19,Size change ,Old,"Bladder turnup 15"" 0114-1-1032","ETV.15"" No.3",R,M08201,PAP14,,,,2183,
7/20/2026_182135,20/07/2026 18:21,Size change ,New,"Bladder turnup 15"" 0114-1-1032","ETV.15"" No.3",AR,M08201,PAP14,Tear (ฉีกขาด),26/07/2026 02:49,ทิ้ง,2184,ด้านซ้าย
5/17/2026_14639,22/07/2026 03:53,Size change ,Old,"Bladder trunup23""0137-1-1036","ETV.23"" No.2",AR,M18801,PAP19,B/O,25/07/2026 19:52,เก็บไว้ใช้,2185,
2/22/2026_114744,22/07/2026 03:54,Size change ,Old,"Bladder push23""0136-1-1036","ETV.23"" No.2",AR,M18801,PAP19,B/O,25/07/2026 19:51,เก็บไว้ใช้,2186,
1/7/2026_41253,22/07/2026 03:55,Size change ,Old,"Bladder trunup23""0137-1-1036","ETV.23"" No.2",R,M18801,PAP19,B/O,25/07/2026 19:51,เก็บไว้ใช้,2187,
11/13/2025_153137,22/07/2026 03:56,Size change ,Old,"Bladder push23""0136-1-1036","ETV.23"" No.2",R,M18801,PAP19,B/O,25/07/2026 19:51,เก็บไว้ใช้,2188,
22/7/2026_5155,22/07/2026 05:01,Size change ,New,"MTG bladder 22""23"" 0216-1-1666",MTG 21''22''23'' No.3,C,M18801,BNS19,B/O,26/07/2026 01:40,เก็บไว้ใช้,2189,
9/10/2025_131249,25/07/2026 19:52,Size change ,Old,"Bladder turnup 22"" 0137-1-1033","ETV.22"" No.1",AR,M21701,PAP19,,,,2190,
10/3/2025_212927,25/07/2026 19:53,Size change ,Old,"Bladder push 22"" 0136-1-1033","ETV.22"" No.1",AR,M21701,PAP19,,,,2191,
25/12/2024_154551,25/07/2026 19:53,Size change ,Old,"Bladder turnup 22"" 0137-1-1033","ETV.22"" No.1",R,M21701,PAP19,,,,2192,
10/20/2025_92955,25/07/2026 19:54,Size change ,Old,"Bladder push 22"" 0136-1-1033","ETV.22"" No.1",R,M21701,PAP19,,,,2193,
24/6/2026_105338,26/07/2026 01:41,Size change ,Old,MTG bladder 0216-1-1670,MTG 21''22''23'' No.3,C,M21701,BNS19,,,,2194,
7/26/2026_24943,26/07/2026 02:49,"Bladder Turn up แตก, ฉีกขาด",New,"Bladder turnup 15"" 0114-1-1033 Part store","ETV.15"" No.3",AR,M08201,PAP14,,,,2195,
